strategy,seed,n_exp,best_ratio,hv
random,0,45,0.3116825290810931,0.4622123812121286
random,0,46,0.3116825290810931,0.4622123812121286
random,0,47,0.3116825290810931,0.46798805766133433
random,0,48,0.3116825290810931,0.4694078667314841
random,0,49,0.3116825290810931,0.5061012293221604
random,0,50,0.3116825290810931,0.5084431200159616
random,0,51,0.3116825290810931,0.5084431200159616
random,0,52,0.3116825290810931,0.5084431200159616
random,0,53,0.3530094910095711,0.5140214021726287
random,0,54,0.3530094910095711,0.5140214021726287
random,0,55,0.3530094910095711,0.5140214021726287
random,0,56,0.3530094910095711,0.5159005505221799
random,0,57,0.3530094910095711,0.5166025087731749
random,0,58,0.3530094910095711,0.5166025087731749
random,0,59,0.3530094910095711,0.518265694223748
random,0,60,0.3530094910095711,0.518265694223748
random,0,61,0.3530094910095711,0.518265694223748
random,0,62,0.3591703782490195,0.519456198493467
random,0,63,0.3591703782490195,0.519456198493467
random,0,64,0.3591703782490195,0.519456198493467
random,0,65,0.3591703782490195,0.519456198493467
random,0,66,0.3591703782490195,0.5199642862687631
random,0,67,0.3591703782490195,0.5199642862687631
random,0,68,0.3591703782490195,0.5199642862687631
random,0,69,0.3591703782490195,0.5202439295503849
random,0,70,0.3591703782490195,0.5202439295503849
random,1,45,0.3116825290810931,0.4622123812121286
random,1,46,0.3116825290810931,0.4622123812121286
random,1,47,0.3116825290810931,0.46306727274772014
random,1,48,0.3116825290810931,0.46306727274772014
random,1,49,0.3116825290810931,0.46306727274772014
random,1,50,0.3116825290810931,0.46306727274772014
random,1,51,0.3116825290810931,0.46306727274772014
random,1,52,0.3116825290810931,0.4630679882771248
random,1,53,0.3116825290810931,0.46731141249243185
random,1,54,0.3116825290810931,0.4683664867999844
random,1,55,0.3116825290810931,0.4683664867999844
random,1,56,0.3116825290810931,0.46978629587013415
random,1,57,0.3116825290810931,0.46978629587013415
random,1,58,0.3116825290810931,0.5082915539763309
random,1,59,0.3116825290810931,0.5082915539763309
random,1,60,0.3116825290810931,0.5095776548331749
random,1,61,0.3116825290810931,0.51027961308417
random,1,62,0.3116825290810931,0.51027961308417
random,1,63,0.3116825290810931,0.51027961308417
random,1,64,0.3116825290810931,0.51027961308417
random,1,65,0.3530094910095711,0.5158578952408371
random,1,66,0.3591703782490195,0.5170483995105561
random,1,67,0.3591703782490195,0.5183647812008337
random,1,68,0.3591703782490195,0.5183647812008337
random,1,69,0.3591703782490195,0.5183647812008337
random,1,70,0.3591703782490195,0.5202439295503849
random,2,45,0.3116825290810931,0.4622123812121286
random,2,46,0.3116825290810931,0.4641099435099414
random,2,47,0.3116825290810931,0.4641099435099414
random,2,48,0.3116825290810931,0.4698856199591471
random,2,49,0.3116825290810931,0.4698856199591471
random,2,50,0.3116825290810931,0.4698856199591471
random,2,51,0.3116825290810931,0.4698856199591471
random,2,52,0.3116825290810931,0.4722275106529484
random,2,53,0.3116825290810931,0.4722275106529484
random,2,54,0.3116825290810931,0.4722275106529484
random,2,55,0.3116825290810931,0.488209661586124
random,2,56,0.3530094910095711,0.49355356689555135
random,2,57,0.3530094910095711,0.49355356689555135
random,2,58,0.3530094910095711,0.49500055829464074
random,2,59,0.3591703782490195,0.49619106256435974
random,2,60,0.3591703782490195,0.49619106256435974
random,2,61,0.3591703782490195,0.49619106256435974
random,2,62,0.3591703782490195,0.49619106256435974
random,2,63,0.3591703782490195,0.4984270594152555
random,2,64,0.3591703782490195,0.49949001998406073
random,2,65,0.3591703782490195,0.49949001998406073
random,2,66,0.3591703782490195,0.49949001998406073
random,2,67,0.3591703782490195,0.4999981077593569
random,2,68,0.3591703782490195,0.5007000660103519
random,2,69,0.3591703782490195,0.5007000660103519
random,2,70,0.3591703782490195,0.5202439295503849
random,3,45,0.3116825290810931,0.4622123812121286
random,3,46,0.3116825290810931,0.4622123812121286
random,3,47,0.3116825290810931,0.4622123812121286
random,3,48,0.3116825290810931,0.46645580542743564
random,3,49,0.3116825290810931,0.46835336772524844
random,3,50,0.3116825290810931,0.46835336772524844
random,3,51,0.3116825290810931,0.46835336772524844
random,3,52,0.3591703782490195,0.47465328783111793
random,3,53,0.3591703782490195,0.47688928468201375
random,3,54,0.3591703782490195,0.47712377415529056
random,3,55,0.3591703782490195,0.47817956399224776
random,3,56,0.3591703782490195,0.47890179540572647
random,3,57,0.3591703782490195,0.49679620504286653
random,3,58,0.3591703782490195,0.49679620504286653
random,3,59,0.3591703782490195,0.498062032737227
random,3,60,0.3591703782490195,0.4991290176662506
random,3,61,0.3591703782490195,0.4991290176662506
random,3,62,0.3591703782490195,0.5001919782350558
random,3,63,0.3591703782490195,0.5001919782350558
random,3,64,0.3591703782490195,0.5001919782350558
random,3,65,0.3591703782490195,0.5001919782350558
random,3,66,0.3591703782490195,0.5001919782350558
random,3,67,0.3591703782490195,0.5007000660103519
random,3,68,0.3591703782490195,0.5007000660103519
random,3,69,0.3591703782490195,0.5007000660103519
random,3,70,0.3591703782490195,0.5202439295503849
random,4,45,0.3116825290810931,0.4622123812121286
random,4,46,0.3116825290810931,0.46306385403644035
random,4,47,0.3116825290810931,0.4639904024625645
random,4,48,0.3591703782490195,0.4704973646427889
random,4,49,0.3591703782490195,0.4727333614936847
random,4,50,0.3591703782490195,0.4769767857089917
random,4,51,0.3591703782490195,0.5154820438151885
random,4,52,0.3591703782490195,0.5154820438151885
random,4,53,0.3591703782490195,0.5154820438151885
random,4,54,0.3591703782490195,0.51633693535078
random,4,55,0.3591703782490195,0.51633693535078
random,4,56,0.3591703782490195,0.5176027630451404
random,4,57,0.3591703782490195,0.5176027630451404
random,4,58,0.3591703782490195,0.5176027630451404
random,4,59,0.3591703782490195,0.5176027630451404
random,4,60,0.3591703782490195,0.5176027630451404
random,4,61,0.3591703782490195,0.5176027630451404
random,4,62,0.3591703782490195,0.5176027630451404
random,4,63,0.3591703782490195,0.5176027630451404
random,4,64,0.3591703782490195,0.5176027630451404
random,4,65,0.3591703782490195,0.5186657236139456
random,4,66,0.3591703782490195,0.5186657236139456
random,4,67,0.3591703782490195,0.5186657236139456
random,4,68,0.3591703782490195,0.5186657236139456
random,4,69,0.3591703782490195,0.5189275478601073
random,4,70,0.3591703782490195,0.5202439295503849
random,5,45,0.3116825290810931,0.4622123812121286
random,5,46,0.3116825290810931,0.4622123812121286
random,5,47,0.3116825290810931,0.48190171051735253
random,5,48,0.3116825290810931,0.48190171051735253
random,5,49,0.3116825290810931,0.48190171051735253
random,5,50,0.3116825290810931,0.4842436012111538
random,5,51,0.3116825290810931,0.4842436012111538
random,5,52,0.3116825290810931,0.5070233109458118
random,5,53,0.3116825290810931,0.5070233109458118
random,5,54,0.3116825290810931,0.5092593077967076
random,5,55,0.3116825290810931,0.5092593077967076
random,5,56,0.3116825290810931,0.5092593077967076
random,5,57,0.3116825290810931,0.5111568700945204
random,5,58,0.3116825290810931,0.5118588283455155
random,5,59,0.3116825290810931,0.5118588283455155
random,5,60,0.3116825290810931,0.5123669161208116
random,5,61,0.3116825290810931,0.5123669161208116
random,5,62,0.3116825290810931,0.5123669161208116
random,5,63,0.3116825290810931,0.5123669161208116
random,5,64,0.3116825290810931,0.5123669161208116
random,5,65,0.3116825290810931,0.5134298766896168
random,5,66,0.3116825290810931,0.5134298766896168
random,5,67,0.3116825290810931,0.5137095199712386
random,5,68,0.3591703782490195,0.5200094400771081
random,5,69,0.3591703782490195,0.5202439295503849
random,5,70,0.3591703782490195,0.5202439295503849
random,6,45,0.3116825290810931,0.4622123812121286
random,6,46,0.3116825290810931,0.4645542719059298
random,6,47,0.3116825290810931,0.5070233109458118
random,6,48,0.3530094910095711,0.512601593102479
random,6,49,0.3530094910095711,0.5148375899533747
random,6,50,0.3530094910095711,0.5148375899533747
random,6,51,0.3591703782490195,0.5160280942230937
random,6,52,0.3591703782490195,0.5160280942230937
random,6,53,0.3591703782490195,0.5176912796736667
random,6,54,0.3591703782490195,0.5176912796736667
random,6,55,0.3591703782490195,0.518754240242472
random,6,56,0.3591703782490195,0.518754240242472
random,6,57,0.3591703782490195,0.518754240242472
random,6,58,0.3591703782490195,0.518754240242472
random,6,59,0.3591703782490195,0.518754240242472
random,6,60,0.3591703782490195,0.5192623280177681
random,6,61,0.3591703782490195,0.5192623280177681
random,6,62,0.3591703782490195,0.5192623280177681
random,6,63,0.3591703782490195,0.5192623280177681
random,6,64,0.3591703782490195,0.5192623280177681
random,6,65,0.3591703782490195,0.5199642862687631
random,6,66,0.3591703782490195,0.5202439295503849
random,6,67,0.3591703782490195,0.5202439295503849
random,6,68,0.3591703782490195,0.5202439295503849
random,6,69,0.3591703782490195,0.5202439295503849
random,6,70,0.3591703782490195,0.5202439295503849
random,7,45,0.3116825290810931,0.4622123812121286
random,7,46,0.3116825290810931,0.4622123812121286
random,7,47,0.3116825290810931,0.46798805766133433
random,7,48,0.3116825290810931,0.46798805766133433
random,7,49,0.3116825290810931,0.46798805766133433
random,7,50,0.3116825290810931,0.46798805766133433
random,7,51,0.3116825290810931,0.4694350490604237
random,7,52,0.3591703782490195,0.47594201124064817
random,7,53,0.3591703782490195,0.47828390193444936
random,7,54,0.3591703782490195,0.49426605286762504
random,7,55,0.3591703782490195,0.49426605286762504
random,7,56,0.3591703782490195,0.4945278771137867
random,7,57,0.3591703782490195,0.4945278771137867
random,7,58,0.3591703782490195,0.4945278771137867
random,7,59,0.3591703782490195,0.4945278771137867
random,7,60,0.3591703782490195,0.4952298353647818
random,7,61,0.3591703782490195,0.4952298353647818
random,7,62,0.3591703782490195,0.4952298353647818
random,7,63,0.3591703782490195,0.4974658322156776
random,7,64,0.3591703782490195,0.49852879278448275
random,7,65,0.3591703782490195,0.49852879278448275
random,7,66,0.3591703782490195,0.49852879278448275
random,7,67,0.3591703782490195,0.5001919782350558
random,7,68,0.3591703782490195,0.5197358417750888
random,7,69,0.3591703782490195,0.5197358417750888
random,7,70,0.3591703782490195,0.5202439295503849
random,8,45,0.3116825290810931,0.4622123812121286
random,8,46,0.3116825290810931,0.4622123812121286
random,8,47,0.3116825290810931,0.4622123812121286
random,8,48,0.3116825290810931,0.4641099435099414
random,8,49,0.3116825290810931,0.4664518342037426
random,8,50,0.3116825290810931,0.4664518342037426
random,8,51,0.3116825290810931,0.5089208732436246
random,8,52,0.3116825290810931,0.5103406823137744
random,8,53,0.3116825290810931,0.5103406823137744
random,8,54,0.3116825290810931,0.5103406823137744
random,8,55,0.3116825290810931,0.5108487700890706
random,8,56,0.3591703782490195,0.51714869019494
random,8,57,0.3591703782490195,0.51714869019494
random,8,58,0.3591703782490195,0.5174283334765618
random,8,59,0.3591703782490195,0.5174283334765618
random,8,60,0.3591703782490195,0.5174283334765618
random,8,61,0.3591703782490195,0.5174283334765618
random,8,62,0.3591703782490195,0.5174283334765618
random,8,63,0.3591703782490195,0.5176628229498387
random,8,64,0.3591703782490195,0.5176628229498387
random,8,65,0.3591703782490195,0.5176628229498387
random,8,66,0.3591703782490195,0.5195419712993898
random,8,67,0.3591703782490195,0.5195419712993898
random,8,68,0.3591703782490195,0.5195419712993898
random,8,69,0.3591703782490195,0.5195419712993898
random,8,70,0.3591703782490195,0.5202439295503849
random,9,45,0.3116825290810931,0.4622123812121286
random,9,46,0.3116825290810931,0.4644483780630243
random,9,47,0.3116825290810931,0.4644483780630243
random,9,48,0.3116825290810931,0.4644483780630243
random,9,49,0.3116825290810931,0.4644483780630243
random,9,50,0.3116825290810931,0.4652998508873361
random,9,51,0.3116825290810931,0.4674922270078207
random,9,52,0.3116825290810931,0.4674922270078207
random,9,53,0.3116825290810931,0.4674922270078207
random,9,54,0.3116825290810931,0.47173565122312777
random,9,55,0.3116825290810931,0.47173565122312777
random,9,56,0.3116825290810931,0.472798611791933
random,9,57,0.3116825290810931,0.472798611791933
random,9,58,0.3116825290810931,0.472798611791933
random,9,59,0.3530094910095711,0.4783768939486001
random,9,60,0.3591703782490195,0.4795673982183191
random,9,61,0.3591703782490195,0.4825466418513072
random,9,62,0.3591703782490195,0.4825466418513072
random,9,63,0.3591703782490195,0.48340153338689873
random,9,64,0.3591703782490195,0.48340153338689873
random,9,65,0.3591703782490195,0.4847179150771764
random,9,66,0.3591703782490195,0.4847179150771764
random,9,67,0.3591703782490195,0.4847179150771764
random,9,68,0.3591703782490195,0.4847179150771764
random,9,69,0.3591703782490195,0.5007000660103519
random,9,70,0.3591703782490195,0.5202439295503849
random,10,45,0.3116825290810931,0.4622123812121286
random,10,46,0.3591703782490195,0.468719343392353
random,10,47,0.3591703782490195,0.47040986361581094
random,10,48,0.3591703782490195,0.4900991929210349
random,10,49,0.3591703782490195,0.49216769099819224
random,10,50,0.3591703782490195,0.49216840652759697
random,10,51,0.3591703782490195,0.49216840652759697
random,10,52,0.3591703782490195,0.49450958169199355
random,10,53,0.3591703782490195,0.49450958169199355
random,10,54,0.3591703782490195,0.49450958169199355
random,10,55,0.3591703782490195,0.4952115399429886
random,10,56,0.3591703782490195,0.4952115399429886
random,10,57,0.3591703782490195,0.4952115399429886
random,10,58,0.3591703782490195,0.4952115399429886
random,10,59,0.3591703782490195,0.49663134901313843
random,10,60,0.3591703782490195,0.49663134901313843
random,10,61,0.3591703782490195,0.49663134901313843
random,10,62,0.3591703782490195,0.517342560670639
random,10,63,0.3591703782490195,0.517342560670639
random,10,64,0.3591703782490195,0.5175770501439159
random,10,65,0.3591703782490195,0.5175770501439159
random,10,66,0.3591703782490195,0.5175770501439159
random,10,67,0.3591703782490195,0.519456198493467
random,10,68,0.3591703782490195,0.5199642862687631
random,10,69,0.3591703782490195,0.5199642862687631
random,10,70,0.3591703782490195,0.5202439295503849
random,11,45,0.3116825290810931,0.4622123812121286
random,11,46,0.3116825290810931,0.4622123812121286
random,11,47,0.3116825290810931,0.4622123812121286
random,11,48,0.3116825290810931,0.4622123812121286
random,11,49,0.3116825290810931,0.46306727274772014
random,11,50,0.3116825290810931,0.4644870818178699
random,11,51,0.3116825290810931,0.4644870818178699
random,11,52,0.3116825290810931,0.4644870818178699
random,11,53,0.3116825290810931,0.4644870818178699
random,11,54,0.3116825290810931,0.47026275826707564
random,11,55,0.3116825290810931,0.48624490920025126
random,11,56,0.3116825290810931,0.5069561208577519
random,11,57,0.3116825290810931,0.5092980115515531
random,11,58,0.3116825290810931,0.5092980115515531
random,11,59,0.3116825290810931,0.5092980115515531
random,11,60,0.3116825290810931,0.5111771599011043
random,11,61,0.3116825290810931,0.5111771599011043
random,11,62,0.3530094910095711,0.5167554420577715
random,11,63,0.3530094910095711,0.5170350853393932
random,11,64,0.3530094910095711,0.5170350853393932
random,11,65,0.3530094910095711,0.5170350853393932
random,11,66,0.3591703782490195,0.5182255896091122
random,11,67,0.3591703782490195,0.5182255896091122
random,11,68,0.3591703782490195,0.5189275478601073
random,11,69,0.3591703782490195,0.5189275478601073
random,11,70,0.3591703782490195,0.5202439295503849
random,12,45,0.3116825290810931,0.4622123812121286
random,12,46,0.3116825290810931,0.4622123812121286
random,12,47,0.3116825290810931,0.4644483780630243
random,12,48,0.3116825290810931,0.4644483780630243
random,12,49,0.3591703782490195,0.4709553402432487
random,12,50,0.3591703782490195,0.4712171644894104
random,12,51,0.3591703782490195,0.4712171644894104
random,12,52,0.3591703782490195,0.4712171644894104
random,12,53,0.3591703782490195,0.4712171644894104
random,12,54,0.3591703782490195,0.4712171644894104
random,12,55,0.3591703782490195,0.4712178800188151
random,12,56,0.3591703782490195,0.4735590551832117
random,12,57,0.3591703782490195,0.5160280942230937
random,12,58,0.3591703782490195,0.5163077375047155
random,12,59,0.3591703782490195,0.5170096957557105
random,12,60,0.3591703782490195,0.5170096957557105
random,12,61,0.3591703782490195,0.5170096957557105
random,12,62,0.3591703782490195,0.5170096957557105
random,12,63,0.3591703782490195,0.5180726563245157
random,12,64,0.3591703782490195,0.5189275478601073
random,12,65,0.3591703782490195,0.5189275478601073
random,12,66,0.3591703782490195,0.5202439295503849
random,12,67,0.3591703782490195,0.5202439295503849
random,12,68,0.3591703782490195,0.5202439295503849
random,12,69,0.3591703782490195,0.5202439295503849
random,12,70,0.3591703782490195,0.5202439295503849
random,13,45,0.3116825290810931,0.4622123812121286
random,13,46,0.3116825290810931,0.46363219028227837
random,13,47,0.3116825290810931,0.463632905811683
random,13,48,0.3530094910095711,0.4692111879683501
random,13,49,0.3530094910095711,0.5116802270082322
random,13,50,0.3530094910095711,0.511959870289854
random,13,51,0.3530094910095711,0.511959870289854
random,13,52,0.3530094910095711,0.5130149445974065
random,13,53,0.3530094910095711,0.5130149445974065
random,13,54,0.3530094910095711,0.5148940929469575
random,13,55,0.3530094910095711,0.5148940929469575
random,13,56,0.3530094910095711,0.5148940929469575
random,13,57,0.3530094910095711,0.5157489844825491
random,13,58,0.3530094910095711,0.5157489844825491
random,13,59,0.3530094910095711,0.5157489844825491
random,13,60,0.3530094910095711,0.5157489844825491
random,13,61,0.3530094910095711,0.5157489844825491
random,13,62,0.3530094910095711,0.5170350853393932
random,13,63,0.3530094910095711,0.5170350853393932
random,13,64,0.3530094910095711,0.5170350853393932
random,13,65,0.3530094910095711,0.5183514670296708
random,13,66,0.3530094910095711,0.5190534252806659
random,13,67,0.3591703782490195,0.5202439295503849
random,13,68,0.3591703782490195,0.5202439295503849
random,13,69,0.3591703782490195,0.5202439295503849
random,13,70,0.3591703782490195,0.5202439295503849
random,14,45,0.3116825290810931,0.4622123812121286
random,14,46,0.3116825290810931,0.4622123812121286
random,14,47,0.3116825290810931,0.4622123812121286
random,14,48,0.3530094910095711,0.4677906633687957
random,14,49,0.3530094910095711,0.47356633981800145
random,14,50,0.3591703782490195,0.47475684408772045
random,14,51,0.3591703782490195,0.4770987347815217
random,14,52,0.3591703782490195,0.47876192023209474
random,14,53,0.3591703782490195,0.47876192023209474
random,14,54,0.3591703782490195,0.47876192023209474
random,14,55,0.3591703782490195,0.47876192023209474
random,14,56,0.3591703782490195,0.47876192023209474
random,14,57,0.3591703782490195,0.4809979170829905
random,14,58,0.3591703782490195,0.4809979170829905
random,14,59,0.3591703782490195,0.4809979170829905
random,14,60,0.3591703782490195,0.4809979170829905
random,14,61,0.3591703782490195,0.4809979170829905
random,14,62,0.3591703782490195,0.5176912796736667
random,14,63,0.3591703782490195,0.5176912796736667
random,14,64,0.3591703782490195,0.5176912796736667
random,14,65,0.3591703782490195,0.5179709229552885
random,14,66,0.3591703782490195,0.5190338835240937
random,14,67,0.3591703782490195,0.5190338835240937
random,14,68,0.3591703782490195,0.5190338835240937
random,14,69,0.3591703782490195,0.5197358417750888
random,14,70,0.3591703782490195,0.5202439295503849
random,15,45,0.3116825290810931,0.4622123812121286
random,15,46,0.3116825290810931,0.4622123812121286
random,15,47,0.3591703782490195,0.468719343392353
random,15,48,0.3591703782490195,0.468719343392353
random,15,49,0.3591703782490195,0.468719343392353
random,15,50,0.3591703782490195,0.468719343392353
random,15,51,0.3591703782490195,0.4689811676385147
random,15,52,0.3591703782490195,0.4712171644894104
random,15,53,0.3591703782490195,0.4712171644894104
random,15,54,0.3591703782490195,0.4909064937946344
random,15,55,0.3591703782490195,0.49324838448843566
random,15,56,0.3591703782490195,0.49324838448843566
random,15,57,0.3591703782490195,0.49324838448843566
random,15,58,0.3591703782490195,0.4941032760240272
random,15,59,0.3591703782490195,0.4941032760240272
random,15,60,0.3591703782490195,0.4941032760240272
random,15,61,0.3591703782490195,0.49541965771430485
random,15,62,0.3591703782490195,0.49541965771430485
random,15,63,0.3591703782490195,0.49748815579146227
random,15,64,0.3591703782490195,0.5181993674489629
random,15,65,0.3591703782490195,0.5184790107305847
random,15,66,0.3591703782490195,0.5191809689815797
random,15,67,0.3591703782490195,0.5191809689815797
random,15,68,0.3591703782490195,0.5191809689815797
random,15,69,0.3591703782490195,0.5202439295503849
random,15,70,0.3591703782490195,0.5202439295503849
random,16,45,0.3116825290810931,0.4622123812121286
random,16,46,0.3116825290810931,0.4622123812121286
random,16,47,0.3116825290810931,0.4622123812121286
random,16,48,0.3116825290810931,0.46326817104908574
random,16,49,0.3116825290810931,0.46326817104908574
random,16,50,0.3591703782490195,0.4697751332293102
random,16,51,0.3591703782490195,0.4697751332293102
random,16,52,0.3591703782490195,0.5122441722691922
random,16,53,0.3591703782490195,0.5122441722691922
random,16,54,0.3591703782490195,0.5122441722691922
random,16,55,0.3591703782490195,0.5122441722691922
random,16,56,0.3591703782490195,0.5122441722691922
random,16,57,0.3591703782490195,0.5122441722691922
random,16,58,0.3591703782490195,0.513663981339342
random,16,59,0.3591703782490195,0.5153545015627998
random,16,60,0.3591703782490195,0.5160767329762785
random,16,61,0.3591703782490195,0.5160767329762785
random,16,62,0.3591703782490195,0.5179558813258297
random,16,63,0.3591703782490195,0.5179558813258297
random,16,64,0.3591703782490195,0.5192217090201902
random,16,65,0.3591703782490195,0.519456198493467
random,16,66,0.3591703782490195,0.519456198493467
random,16,67,0.3591703782490195,0.5199642862687631
random,16,68,0.3591703782490195,0.5202439295503849
random,16,69,0.3591703782490195,0.5202439295503849
random,16,70,0.3591703782490195,0.5202439295503849
random,17,45,0.3116825290810931,0.4622123812121286
random,17,46,0.3116825290810931,0.48190171051735253
random,17,47,0.3116825290810931,0.48190171051735253
random,17,48,0.3116825290810931,0.4842436012111538
random,17,49,0.3116825290810931,0.4842436012111538
random,17,50,0.3530094910095711,0.4898218833678209
random,17,51,0.3530094910095711,0.49148506881839393
random,17,52,0.3530094910095711,0.49148506881839393
random,17,53,0.3530094910095711,0.49218702706938905
random,17,54,0.3530094910095711,0.4944230239202848
random,17,55,0.3530094910095711,0.4944230239202848
random,17,56,0.3530094910095711,0.49548598448909
random,17,57,0.3530094910095711,0.49548598448909
random,17,58,0.3530094910095711,0.49599407226438613
random,17,59,0.3591703782490195,0.49718457653410514
random,17,60,0.3591703782490195,0.49963308108132837
random,17,61,0.3591703782490195,0.5007000660103519
random,17,62,0.3591703782490195,0.5007000660103519
random,17,63,0.3591703782490195,0.5007000660103519
random,17,64,0.3591703782490195,0.5007000660103519
random,17,65,0.3591703782490195,0.5007000660103519
random,17,66,0.3591703782490195,0.5007000660103519
random,17,67,0.3591703782490195,0.5202439295503849
random,17,68,0.3591703782490195,0.5202439295503849
random,17,69,0.3591703782490195,0.5202439295503849
random,17,70,0.3591703782490195,0.5202439295503849
random,18,45,0.3116825290810931,0.4622123812121286
random,18,46,0.3116825290810931,0.4622123812121286
random,18,47,0.3116825290810931,0.46326817104908574
random,18,48,0.3116825290810931,0.46751159526439284
random,18,49,0.3116825290810931,0.48540600490153285
random,18,50,0.3116825290810931,0.5060168533705895
random,18,51,0.3116825290810931,0.5073029542274335
random,18,52,0.3116825290810931,0.5080049124784287
random,18,53,0.3116825290810931,0.5080049124784287
random,18,54,0.3116825290810931,0.5080049124784287
random,18,55,0.3116825290810931,0.5088598040140202
random,18,56,0.3116825290810931,0.511095800864916
random,18,57,0.3116825290810931,0.511095800864916
random,18,58,0.3116825290810931,0.5121587614337212
random,18,59,0.3591703782490195,0.5186657236139456
random,18,60,0.3591703782490195,0.5186657236139456
random,18,61,0.3591703782490195,0.5186657236139456
random,18,62,0.3591703782490195,0.5186657236139456
random,18,63,0.3591703782490195,0.5186657236139456
random,18,64,0.3591703782490195,0.5200094400771081
random,18,65,0.3591703782490195,0.5200094400771081
random,18,66,0.3591703782490195,0.5200094400771081
random,18,67,0.3591703782490195,0.5200094400771081
random,18,68,0.3591703782490195,0.5200094400771081
random,18,69,0.3591703782490195,0.5202439295503849
random,18,70,0.3591703782490195,0.5202439295503849
random,19,45,0.3116825290810931,0.4622123812121286
random,19,46,0.3116825290810931,0.4641099435099414
random,19,47,0.3116825290810931,0.4641099435099414
random,19,48,0.3116825290810931,0.46461803128523754
random,19,49,0.3530094910095711,0.4699619365946649
random,19,50,0.3530094910095711,0.46996265212406957
random,19,51,0.3530094910095711,0.4723038272884661
random,19,52,0.3591703782490195,0.4734943315581851
random,19,53,0.3591703782490195,0.4734943315581851
random,19,54,0.3591703782490195,0.4734943315581851
random,19,55,0.3591703782490195,0.4777377557734922
random,19,56,0.3591703782490195,0.47997375262438796
random,19,57,0.3591703782490195,0.47997375262438796
random,19,58,0.3591703782490195,0.47997375262438796
random,19,59,0.3591703782490195,0.47997375262438796
random,19,60,0.3591703782490195,0.47997375262438796
random,19,61,0.3591703782490195,0.47997375262438796
random,19,62,0.3591703782490195,0.47997375262438796
random,19,63,0.3591703782490195,0.5184790107305847
random,19,64,0.3591703782490195,0.5184790107305847
random,19,65,0.3591703782490195,0.5191809689815797
random,19,66,0.3591703782490195,0.5202439295503849
random,19,67,0.3591703782490195,0.5202439295503849
random,19,68,0.3591703782490195,0.5202439295503849
random,19,69,0.3591703782490195,0.5202439295503849
random,19,70,0.3591703782490195,0.5202439295503849
random,20,45,0.3116825290810931,0.4622123812121286
random,20,46,0.3116825290810931,0.46306727274772014
random,20,47,0.3116825290810931,0.4644870818178699
random,20,48,0.3116825290810931,0.5069561208577519
random,20,49,0.3591703782490195,0.5134630830379764
random,20,50,0.3591703782490195,0.5153422313875275
random,20,51,0.3591703782490195,0.5153422313875275
random,20,52,0.3591703782490195,0.5153422313875275
random,20,53,0.3591703782490195,0.5176841220813287
random,20,54,0.3591703782490195,0.5176841220813287
random,20,55,0.3591703782490195,0.5176841220813287
random,20,56,0.3591703782490195,0.5176841220813287
random,20,57,0.3591703782490195,0.5176841220813287
random,20,58,0.3591703782490195,0.5176841220813287
random,20,59,0.3591703782490195,0.5176841220813287
random,20,60,0.3591703782490195,0.5176841220813287
random,20,61,0.3591703782490195,0.5176841220813287
random,20,62,0.3591703782490195,0.5179459463274905
random,20,63,0.3591703782490195,0.5179459463274905
random,20,64,0.3591703782490195,0.5179459463274905
random,20,65,0.3591703782490195,0.5182255896091122
random,20,66,0.3591703782490195,0.5195419712993898
random,20,67,0.3591703782490195,0.5195419712993898
random,20,68,0.3591703782490195,0.5195419712993898
random,20,69,0.3591703782490195,0.5202439295503849
random,20,70,0.3591703782490195,0.5202439295503849
random,21,45,0.3116825290810931,0.4622123812121286
random,21,46,0.3116825290810931,0.4622123812121286
random,21,47,0.3116825290810931,0.46645580542743564
random,21,48,0.3116825290810931,0.46835336772524844
random,21,49,0.3116825290810931,0.46835336772524844
random,21,50,0.3116825290810931,0.46835336772524844
random,21,51,0.3116825290810931,0.46835336772524844
random,21,52,0.3591703782490195,0.47465328783111793
random,21,53,0.3591703782490195,0.47607309690126776
random,21,54,0.3591703782490195,0.47841498759506895
random,21,55,0.3591703782490195,0.47841498759506895
random,21,56,0.3591703782490195,0.47841498759506895
random,21,57,0.3591703782490195,0.47841498759506895
random,21,58,0.3591703782490195,0.47841498759506895
random,21,59,0.3591703782490195,0.47841498759506895
random,21,60,0.3591703782490195,0.47892307537036516
random,21,61,0.3591703782490195,0.4796250336213602
random,21,62,0.3591703782490195,0.518130291727557
random,21,63,0.3591703782490195,0.5200094400771081
random,21,64,0.3591703782490195,0.5200094400771081
random,21,65,0.3591703782490195,0.5202439295503849
random,21,66,0.3591703782490195,0.5202439295503849
random,21,67,0.3591703782490195,0.5202439295503849
random,21,68,0.3591703782490195,0.5202439295503849
random,21,69,0.3591703782490195,0.5202439295503849
random,21,70,0.3591703782490195,0.5202439295503849
random,22,45,0.3116825290810931,0.4622123812121286
random,22,46,0.3530094910095711,0.4677906633687957
random,22,47,0.3530094910095711,0.4677906633687957
random,22,48,0.3591703782490195,0.4689811676385147
random,22,49,0.3591703782490195,0.4689811676385147
random,22,50,0.3591703782490195,0.4689811676385147
random,22,51,0.3591703782490195,0.46983264046282647
random,22,52,0.3591703782490195,0.5123016795027086
random,22,53,0.3591703782490195,0.5123016795027086
random,22,54,0.3591703782490195,0.5132282279288326
random,22,55,0.3591703782490195,0.5132282279288326
random,22,56,0.3591703782490195,0.5132282279288326
random,22,57,0.3591703782490195,0.5132282279288326
random,22,58,0.3591703782490195,0.5132282279288326
random,22,59,0.3591703782490195,0.5135078712104544
random,22,60,0.3591703782490195,0.5135078712104544
random,22,61,0.3591703782490195,0.5149276802806041
random,22,62,0.3591703782490195,0.5149276802806041
random,22,63,0.3591703782490195,0.5149276802806041
random,22,64,0.3591703782490195,0.5161935079749645
random,22,65,0.3591703782490195,0.5161935079749645
random,22,66,0.3591703782490195,0.5170483995105561
random,22,67,0.3591703782490195,0.5170483995105561
random,22,68,0.3591703782490195,0.5189275478601073
random,22,69,0.3591703782490195,0.5189275478601073
random,22,70,0.3591703782490195,0.5202439295503849
random,23,45,0.3116825290810931,0.4622123812121286
random,23,46,0.3591703782490195,0.468719343392353
random,23,47,0.3591703782490195,0.468719343392353
random,23,48,0.3591703782490195,0.48840867269757693
random,23,49,0.3591703782490195,0.49085717724480016
random,23,50,0.3591703782490195,0.49085717724480016
random,23,51,0.3591703782490195,0.49085717724480016
random,23,52,0.3591703782490195,0.49085717724480016
random,23,53,0.3591703782490195,0.492547697468258
random,23,54,0.3591703782490195,0.4930557852435542
random,23,55,0.3591703782490195,0.5136666337126109
random,23,56,0.3591703782490195,0.5145181065369226
random,23,57,0.3591703782490195,0.5145181065369226
random,23,58,0.3591703782490195,0.5167541033878184
random,23,59,0.3591703782490195,0.5167541033878184
random,23,60,0.3591703782490195,0.5178170639566236
random,23,61,0.3591703782490195,0.5178170639566236
random,23,62,0.3591703782490195,0.5178170639566236
random,23,63,0.3591703782490195,0.5200094400771081
random,23,64,0.3591703782490195,0.5200094400771081
random,23,65,0.3591703782490195,0.5200094400771081
random,23,66,0.3591703782490195,0.5200094400771081
random,23,67,0.3591703782490195,0.5200094400771081
random,23,68,0.3591703782490195,0.5200094400771081
random,23,69,0.3591703782490195,0.5202439295503849
random,23,70,0.3591703782490195,0.5202439295503849
random,24,45,0.3116825290810931,0.4622123812121286
random,24,46,0.3116825290810931,0.46306385403644035
random,24,47,0.3116825290810931,0.4639187455720319
random,24,48,0.3116825290810931,0.4654695041095493
random,24,49,0.3116825290810931,0.4697129283248564
random,24,50,0.3116825290810931,0.4697129283248564
random,24,51,0.3116825290810931,0.4706394767509805
random,24,52,0.3116825290810931,0.4706394767509805
random,24,53,0.3116825290810931,0.47287547360187626
random,24,54,0.3116825290810931,0.47287547360187626
random,24,55,0.3116825290810931,0.47287547360187626
random,24,56,0.3530094910095711,0.4782193789113036
random,24,57,0.3530094910095711,0.4961137885484437
random,24,58,0.3530094910095711,0.4971807734774673
random,24,59,0.3530094910095711,0.4971807734774673
random,24,60,0.3530094910095711,0.4971807734774673
random,24,61,0.3530094910095711,0.49844660117182776
random,24,62,0.3530094910095711,0.49950956174063293
random,24,63,0.3530094910095711,0.49950956174063293
random,24,64,0.3530094910095711,0.49950956174063293
random,24,65,0.3530094910095711,0.49950956174063293
random,24,66,0.3530094910095711,0.49950956174063293
random,24,67,0.3530094910095711,0.49950956174063293
random,24,68,0.3530094910095711,0.49950956174063293
random,24,69,0.3530094910095711,0.5190534252806659
random,24,70,0.3591703782490195,0.5202439295503849
random,25,45,0.3116825290810931,0.4622123812121286
random,25,46,0.3530094910095711,0.4677906633687957
random,25,47,0.3591703782490195,0.4689811676385147
random,25,48,0.3591703782490195,0.4712171644894104
random,25,49,0.3591703782490195,0.4712171644894104
random,25,50,0.3591703782490195,0.4712178800188151
random,25,51,0.3591703782490195,0.4712178800188151
random,25,52,0.3591703782490195,0.4735590551832117
random,25,53,0.3591703782490195,0.4735590551832117
random,25,54,0.3591703782490195,0.4752222406337847
random,25,55,0.3591703782490195,0.4752222406337847
random,25,56,0.3591703782490195,0.47573032840908086
random,25,57,0.3591703782490195,0.5181993674489629
random,25,58,0.3591703782490195,0.5184790107305847
random,25,59,0.3591703782490195,0.5184790107305847
random,25,60,0.3591703782490195,0.5184790107305847
random,25,61,0.3591703782490195,0.5184790107305847
random,25,62,0.3591703782490195,0.5184790107305847
random,25,63,0.3591703782490195,0.5184790107305847
random,25,64,0.3591703782490195,0.5184790107305847
random,25,65,0.3591703782490195,0.5195419712993898
random,25,66,0.3591703782490195,0.5195419712993898
random,25,67,0.3591703782490195,0.5195419712993898
random,25,68,0.3591703782490195,0.5195419712993898
random,25,69,0.3591703782490195,0.5195419712993898
random,25,70,0.3591703782490195,0.5202439295503849
random,26,45,0.3116825290810931,0.4622123812121286
random,26,46,0.3116825290810931,0.4622123812121286
random,26,47,0.3116825290810931,0.4622123812121286
random,26,48,0.3116825290810931,0.46306385403644035
random,26,49,0.3116825290810931,0.4652998508873361
random,26,50,0.3116825290810931,0.5077688899272181
random,26,51,0.3116825290810931,0.5077688899272181
random,26,52,0.3116825290810931,0.5086237814628096
random,26,53,0.3591703782490195,0.5151307436430341
random,26,54,0.3591703782490195,0.5151307436430341
random,26,55,0.3591703782490195,0.5151307436430341
random,26,56,0.3591703782490195,0.5151307436430341
random,26,57,0.3591703782490195,0.5160572920691582
random,26,58,0.3591703782490195,0.5160572920691582
random,26,59,0.3591703782490195,0.5171202526379634
random,26,60,0.3591703782490195,0.5171202526379634
random,26,61,0.3591703782490195,0.5173998959195851
random,26,62,0.3591703782490195,0.5173998959195851
random,26,63,0.3591703782490195,0.5187436123827477
random,26,64,0.3591703782490195,0.5187436123827477
random,26,65,0.3591703782490195,0.5187436123827477
random,26,66,0.3591703782490195,0.5187436123827477
random,26,67,0.3591703782490195,0.5200094400771081
random,26,68,0.3591703782490195,0.5202439295503849
random,26,69,0.3591703782490195,0.5202439295503849
random,26,70,0.3591703782490195,0.5202439295503849
random,27,45,0.3116825290810931,0.4622123812121286
random,27,46,0.3116825290810931,0.4622123812121286
random,27,47,0.3116825290810931,0.46645580542743564
random,27,48,0.3116825290810931,0.46645580542743564
random,27,49,0.3116825290810931,0.46645580542743564
random,27,50,0.3530094910095711,0.47203408758410276
random,27,51,0.3530094910095711,0.4899284972212428
random,27,52,0.3530094910095711,0.4899284972212428
random,27,53,0.3591703782490195,0.4911190014909618
random,27,54,0.3591703782490195,0.4925388105611116
random,27,55,0.3591703782490195,0.4925388105611116
random,27,56,0.3591703782490195,0.4925388105611116
random,27,57,0.3591703782490195,0.4925388105611116
random,27,58,0.3591703782490195,0.4944179589106628
random,27,59,0.3591703782490195,0.49526943173497456
random,27,60,0.3591703782490195,0.49526943173497456
random,27,61,0.3591703782490195,0.49633641666399814
random,27,62,0.3591703782490195,0.49633641666399814
random,27,63,0.3591703782490195,0.49633641666399814
random,27,64,0.3591703782490195,0.4972629650901223
random,27,65,0.3591703782490195,0.4972629650901223
random,27,66,0.3591703782490195,0.49892615054069533
random,27,67,0.3591703782490195,0.5001919782350558
random,27,68,0.3591703782490195,0.5007000660103519
random,27,69,0.3591703782490195,0.5202439295503849
random,27,70,0.3591703782490195,0.5202439295503849
random,28,45,0.3116825290810931,0.4622123812121286
random,28,46,0.3116825290810931,0.4641099435099414
random,28,47,0.3116825290810931,0.4641099435099414
random,28,48,0.3116825290810931,0.4664518342037426
random,28,49,0.3116825290810931,0.4664518342037426
random,28,50,0.3116825290810931,0.4706952584190497
random,28,51,0.3116825290810931,0.4706952584190497
random,28,52,0.3116825290810931,0.4706952584190497
random,28,53,0.3530094910095711,0.47603916372847704
random,28,54,0.3530094910095711,0.47603916372847704
random,28,55,0.3530094910095711,0.47603916372847704
random,28,56,0.3530094910095711,0.47603916372847704
random,28,57,0.3530094910095711,0.47603916372847704
random,28,58,0.3530094910095711,0.47603916372847704
random,28,59,0.3530094910095711,0.4790184073614651
random,28,60,0.3530094910095711,0.4790184073614651
random,28,61,0.3530094910095711,0.4790184073614651
random,28,62,0.3530094910095711,0.4804382164316149
random,28,63,0.3530094910095711,0.48231736478116605
random,28,64,0.3530094910095711,0.4828254525564622
random,28,65,0.3530094910095711,0.4828254525564622
random,28,66,0.3530094910095711,0.5183514670296708
random,28,67,0.3591703782490195,0.5195419712993898
random,28,68,0.3591703782490195,0.5195419712993898
random,28,69,0.3591703782490195,0.5202439295503849
random,28,70,0.3591703782490195,0.5202439295503849
random,29,45,0.3116825290810931,0.4622123812121286
random,29,46,0.3116825290810931,0.4622123812121286
random,29,47,0.3116825290810931,0.4622123812121286
random,29,48,0.3116825290810931,0.4622123812121286
random,29,49,0.3116825290810931,0.4622123812121286
random,29,50,0.3591703782490195,0.468719343392353
random,29,51,0.3591703782490195,0.468719343392353
random,29,52,0.3591703782490195,0.468719343392353
random,29,53,0.3591703782490195,0.5111883824322351
random,29,54,0.3591703782490195,0.5111883824322351
random,29,55,0.3591703782490195,0.5111883824322351
random,29,56,0.3591703782490195,0.5111890979616397
random,29,57,0.3591703782490195,0.5111890979616397
random,29,58,0.3591703782490195,0.5120398552565468
random,29,59,0.3591703782490195,0.5142758521074425
random,29,60,0.3591703782490195,0.5142758521074425
random,29,61,0.3591703782490195,0.5142758521074425
random,29,62,0.3591703782490195,0.5145376763536043
random,29,63,0.3591703782490195,0.5167300524740888
random,29,64,0.3591703782490195,0.5183932379246619
random,29,65,0.3591703782490195,0.5186728812062836
random,29,66,0.3591703782490195,0.5186728812062836
random,29,67,0.3591703782490195,0.5186728812062836
random,29,68,0.3591703782490195,0.5197358417750888
random,29,69,0.3591703782490195,0.5202439295503849
random,29,70,0.3591703782490195,0.5202439295503849
random,30,45,0.3116825290810931,0.4622123812121286
random,30,46,0.3116825290810931,0.4622123812121286
random,30,47,0.3116825290810931,0.4644483780630243
random,30,48,0.3116825290810931,0.4652998508873361
random,30,49,0.3116825290810931,0.4652998508873361
random,30,50,0.3116825290810931,0.4652998508873361
random,30,51,0.3116825290810931,0.4652998508873361
random,30,52,0.3116825290810931,0.4674922270078207
random,30,53,0.3116825290810931,0.4674922270078207
random,30,54,0.3116825290810931,0.4674922270078207
random,30,55,0.3116825290810931,0.4674922270078207
random,30,56,0.3116825290810931,0.46834711854341227
random,30,57,0.3116825290810931,0.46834711854341227
random,30,58,0.3116825290810931,0.5108161575832942
random,30,59,0.3116825290810931,0.5108161575832942
random,30,60,0.3116825290810931,0.5108161575832942
random,30,61,0.3530094910095711,0.5163944397399614
random,30,62,0.3530094910095711,0.5163944397399614
random,30,63,0.3530094910095711,0.5163944397399614
random,30,64,0.3530094910095711,0.5174574003087665
random,30,65,0.3530094910095711,0.5174574003087665
random,30,66,0.3530094910095711,0.5187737819990441
random,30,67,0.3530094910095711,0.5187737819990441
random,30,68,0.3530094910095711,0.5187737819990441
random,30,69,0.3530094910095711,0.5190534252806659
random,30,70,0.3591703782490195,0.5202439295503849
random,31,45,0.3116825290810931,0.4622123812121286
random,31,46,0.3116825290810931,0.46306385403644035
random,31,47,0.3116825290810931,0.4639187455720319
random,31,48,0.3116825290810931,0.4639187455720319
random,31,49,0.3116825290810931,0.4639187455720319
random,31,50,0.3116825290810931,0.46484529399815605
random,31,51,0.3116825290810931,0.46484529399815605
random,31,52,0.3116825290810931,0.4661111216925165
random,31,53,0.3116825290810931,0.4661111216925165
random,31,54,0.3116825290810931,0.47035454590782355
random,31,55,0.3116825290810931,0.47035454590782355
random,31,56,0.3116825290810931,0.47035454590782355
random,31,57,0.3116825290810931,0.4733337895408116
random,31,58,0.3116825290810931,0.4733337895408116
random,31,59,0.3116825290810931,0.4733337895408116
random,31,60,0.3116825290810931,0.4733337895408116
random,31,61,0.3116825290810931,0.4733337895408116
random,31,62,0.3116825290810931,0.4733337895408116
random,31,63,0.3591703782490195,0.479840751721036
random,31,64,0.3591703782490195,0.4958229026542117
random,31,65,0.3591703782490195,0.49608472690037336
random,31,66,0.3591703782490195,0.49750453597052313
random,31,67,0.3591703782490195,0.4988209176608008
random,31,68,0.3591703782490195,0.4988209176608008
random,31,69,0.3591703782490195,0.5183647812008337
random,31,70,0.3591703782490195,0.5202439295503849
random,32,45,0.3116825290810931,0.4622123812121286
random,32,46,0.3116825290810931,0.46306727274772014
random,32,47,0.3591703782490195,0.4695742349279446
random,32,48,0.3591703782490195,0.4709940439980943
random,32,49,0.3591703782490195,0.47287319234764547
random,32,50,0.3591703782490195,0.47287319234764547
random,32,51,0.3591703782490195,0.47521508304144666
random,32,52,0.3591703782490195,0.47521508304144666
random,32,53,0.3591703782490195,0.47945850725675376
random,32,54,0.3591703782490195,0.5179637653629505
random,32,55,0.3591703782490195,0.5179637653629505
random,32,56,0.3591703782490195,0.5179637653629505
random,32,57,0.3591703782490195,0.5179637653629505
random,32,58,0.3591703782490195,0.5179637653629505
random,32,59,0.3591703782490195,0.5179637653629505
random,32,60,0.3591703782490195,0.5186657236139456
random,32,61,0.3591703782490195,0.5200094400771081
random,32,62,0.3591703782490195,0.5200094400771081
random,32,63,0.3591703782490195,0.5200094400771081
random,32,64,0.3591703782490195,0.5200094400771081
random,32,65,0.3591703782490195,0.5200094400771081
random,32,66,0.3591703782490195,0.5200094400771081
random,32,67,0.3591703782490195,0.5202439295503849
random,32,68,0.3591703782490195,0.5202439295503849
random,32,69,0.3591703782490195,0.5202439295503849
random,32,70,0.3591703782490195,0.5202439295503849
random,33,45,0.3116825290810931,0.4622123812121286
random,33,46,0.3116825290810931,0.46645580542743564
random,33,47,0.3116825290810931,0.4678756144975854
random,33,48,0.3116825290810931,0.4708548581305735
random,33,49,0.3116825290810931,0.4708548581305735
random,33,50,0.3116825290810931,0.4708548581305735
random,33,51,0.3530094910095711,0.4764331402872406
random,33,52,0.3530094910095711,0.4764331402872406
random,33,53,0.3530094910095711,0.4764331402872406
random,33,54,0.3530094910095711,0.4924152912204162
random,33,55,0.3530094910095711,0.49475718191421747
random,33,56,0.3530094910095711,0.49475718191421747
random,33,57,0.3530094910095711,0.49475718191421747
random,33,58,0.3530094910095711,0.49475718191421747
random,33,59,0.3530094910095711,0.49475718191421747
random,33,60,0.3530094910095711,0.4964203673647905
random,33,61,0.3530094910095711,0.49692845514008666
random,33,62,0.3530094910095711,0.49692845514008666
random,33,63,0.3530094910095711,0.49692845514008666
random,33,64,0.3530094910095711,0.49692845514008666
random,33,65,0.3530094910095711,0.49763041339108177
random,33,66,0.3530094910095711,0.49950956174063293
random,33,67,0.3530094910095711,0.5190534252806659
random,33,68,0.3591703782490195,0.5202439295503849
random,33,69,0.3591703782490195,0.5202439295503849
random,33,70,0.3591703782490195,0.5202439295503849
random,34,45,0.3116825290810931,0.4622123812121286
random,34,46,0.3116825290810931,0.46363219028227837
random,34,47,0.3116825290810931,0.5061012293221604
random,34,48,0.3116825290810931,0.5061012293221604
random,34,49,0.3116825290810931,0.5071570191591175
random,34,50,0.3116825290810931,0.5071570191591175
random,34,51,0.3116825290810931,0.5071570191591175
random,34,52,0.3116825290810931,0.5071570191591175
random,34,53,0.3116825290810931,0.5071570191591175
random,34,54,0.3116825290810931,0.5074366624407393
random,34,55,0.3591703782490195,0.5139436246209638
random,34,56,0.3591703782490195,0.5139436246209638
random,34,57,0.3591703782490195,0.5139436246209638
random,34,58,0.3591703782490195,0.5152297254778078
random,34,59,0.3591703782490195,0.5152297254778078
random,34,60,0.3591703782490195,0.5152297254778078
random,34,61,0.3591703782490195,0.5152297254778078
random,34,62,0.3591703782490195,0.5152297254778078
random,34,63,0.3591703782490195,0.5159316837288029
random,34,64,0.3591703782490195,0.5159316837288029
random,34,65,0.3591703782490195,0.5161935079749645
random,34,66,0.3591703782490195,0.5161935079749645
random,34,67,0.3591703782490195,0.5180726563245157
random,34,68,0.3591703782490195,0.5180726563245157
random,34,69,0.3591703782490195,0.5197358417750888
random,34,70,0.3591703782490195,0.5202439295503849
random,35,45,0.3116825290810931,0.4622123812121286
random,35,46,0.3116825290810931,0.4645542719059298
random,35,47,0.3116825290810931,0.4645542719059298
random,35,48,0.3591703782490195,0.4710612340861542
random,35,49,0.3591703782490195,0.47176319233714936
random,35,50,0.3591703782490195,0.47176319233714936
random,35,51,0.3591703782490195,0.47176319233714936
random,35,52,0.3591703782490195,0.4739991891880452
random,35,53,0.3591703782490195,0.4739991891880452
random,35,54,0.3591703782490195,0.5164682282279272
random,35,55,0.3591703782490195,0.5164682282279272
random,35,56,0.3591703782490195,0.5164682282279272
random,35,57,0.3591703782490195,0.5164682282279272
random,35,58,0.3591703782490195,0.5164682282279272
random,35,59,0.3591703782490195,0.5164682282279272
random,35,60,0.3591703782490195,0.5164682282279272
random,35,61,0.3591703782490195,0.5175311887967323
random,35,62,0.3591703782490195,0.5175311887967323
random,35,63,0.3591703782490195,0.5178108320783541
random,35,64,0.3591703782490195,0.5180726563245157
random,35,65,0.3591703782490195,0.5189275478601073
random,35,66,0.3591703782490195,0.5189275478601073
random,35,67,0.3591703782490195,0.5189275478601073
random,35,68,0.3591703782490195,0.5189275478601073
random,35,69,0.3591703782490195,0.5189275478601073
random,35,70,0.3591703782490195,0.5202439295503849
random,36,45,0.3116825290810931,0.4622123812121286
random,36,46,0.3116825290810931,0.4622123812121286
random,36,47,0.3116825290810931,0.46306385403644035
random,36,48,0.3116825290810931,0.46306385403644035
random,36,49,0.3116825290810931,0.46306385403644035
random,36,50,0.3116825290810931,0.46306385403644035
random,36,51,0.3116825290810931,0.48275318334166434
random,36,52,0.3116825290810931,0.48275318334166434
random,36,53,0.3116825290810931,0.4849455594621489
random,36,54,0.3591703782490195,0.4914525216423733
random,36,55,0.3591703782490195,0.4914525216423733
random,36,56,0.3591703782490195,0.4923074131779649
random,36,57,0.3591703782490195,0.5150871229126229
random,36,58,0.3591703782490195,0.5150871229126229
random,36,59,0.3591703782490195,0.5153489471587845
random,36,60,0.3591703782490195,0.5156285904404063
random,36,61,0.3591703782490195,0.5178645872913021
random,36,62,0.3591703782490195,0.5178645872913021
random,36,63,0.3591703782490195,0.5189275478601073
random,36,64,0.3591703782490195,0.5189275478601073
random,36,65,0.3591703782490195,0.5189275478601073
random,36,66,0.3591703782490195,0.5189275478601073
random,36,67,0.3591703782490195,0.5202439295503849
random,36,68,0.3591703782490195,0.5202439295503849
random,36,69,0.3591703782490195,0.5202439295503849
random,36,70,0.3591703782490195,0.5202439295503849
random,37,45,0.3116825290810931,0.4622123812121286
random,37,46,0.3116825290810931,0.4622123812121286
random,37,47,0.3530094910095711,0.4677906633687957
random,37,48,0.3530094910095711,0.5102597024086778
random,37,49,0.3530094910095711,0.5105393456902996
random,37,50,0.3591703782490195,0.5117298499600186
random,37,51,0.3591703782490195,0.5117298499600186
random,37,52,0.3591703782490195,0.5117298499600186
random,37,53,0.3591703782490195,0.5127856397969757
random,37,54,0.3591703782490195,0.5127856397969757
random,37,55,0.3591703782490195,0.5127856397969757
random,37,56,0.3591703782490195,0.5127856397969757
random,37,57,0.3591703782490195,0.5127856397969757
random,37,58,0.3591703782490195,0.5127856397969757
random,37,59,0.3591703782490195,0.5135078712104544
random,37,60,0.3591703782490195,0.5157438680613501
random,37,61,0.3591703782490195,0.5157438680613501
random,37,62,0.3591703782490195,0.5157438680613501
random,37,63,0.3591703782490195,0.5174070535119232
random,37,64,0.3591703782490195,0.5174070535119232
random,37,65,0.3591703782490195,0.5179151412872193
random,37,66,0.3591703782490195,0.5179151412872193
random,37,67,0.3591703782490195,0.5191809689815797
random,37,68,0.3591703782490195,0.5191809689815797
random,37,69,0.3591703782490195,0.5191809689815797
random,37,70,0.3591703782490195,0.5202439295503849
random,38,45,0.3116825290810931,0.4622123812121286
random,38,46,0.3116825290810931,0.4622123812121286
random,38,47,0.3116825290810931,0.4622123812121286
random,38,48,0.3530094910095711,0.4677906633687957
random,38,49,0.3530094910095711,0.4677906633687957
random,38,50,0.3530094910095711,0.48747999267401965
random,38,51,0.3530094910095711,0.4897159895249154
random,38,52,0.3591703782490195,0.4909064937946344
random,38,53,0.3591703782490195,0.4909064937946344
random,38,54,0.3591703782490195,0.4909064937946344
random,38,55,0.3591703782490195,0.5136862035292925
random,38,56,0.3591703782490195,0.5136862035292925
random,38,57,0.3591703782490195,0.5153493889798655
random,38,58,0.3591703782490195,0.5162008618041772
random,38,59,0.3591703782490195,0.5167089495794734
random,38,60,0.3591703782490195,0.5176354980055975
random,38,61,0.3591703782490195,0.5179151412872193
random,38,62,0.3591703782490195,0.5179151412872193
random,38,63,0.3591703782490195,0.5179151412872193
random,38,64,0.3591703782490195,0.5179151412872193
random,38,65,0.3591703782490195,0.5191809689815797
random,38,66,0.3591703782490195,0.5191809689815797
random,38,67,0.3591703782490195,0.5191809689815797
random,38,68,0.3591703782490195,0.5202439295503849
random,38,69,0.3591703782490195,0.5202439295503849
random,38,70,0.3591703782490195,0.5202439295503849
random,39,45,0.3116825290810931,0.4622123812121286
random,39,46,0.3116825290810931,0.5046814202520106
random,39,47,0.3116825290810931,0.5046814202520106
random,39,48,0.3116825290810931,0.5061012293221604
random,39,49,0.3116825290810931,0.5079987916199732
random,39,50,0.3116825290810931,0.5079987916199732
random,39,51,0.3530094910095711,0.5133426969294006
random,39,52,0.3530094910095711,0.5133426969294006
random,39,53,0.3530094910095711,0.5133426969294006
random,39,54,0.3530094910095711,0.5141941697537123
random,39,55,0.3591703782490195,0.5153846740234312
random,39,56,0.3591703782490195,0.515664317305053
random,39,57,0.3591703782490195,0.5161724050803492
random,39,58,0.3591703782490195,0.5183647812008337
random,39,59,0.3591703782490195,0.5183647812008337
random,39,60,0.3591703782490195,0.5183647812008337
random,39,61,0.3591703782490195,0.5183647812008337
random,39,62,0.3591703782490195,0.5183647812008337
random,39,63,0.3591703782490195,0.5183647812008337
random,39,64,0.3591703782490195,0.5202439295503849
random,39,65,0.3591703782490195,0.5202439295503849
random,39,66,0.3591703782490195,0.5202439295503849
random,39,67,0.3591703782490195,0.5202439295503849
random,39,68,0.3591703782490195,0.5202439295503849
random,39,69,0.3591703782490195,0.5202439295503849
random,39,70,0.3591703782490195,0.5202439295503849
random,40,45,0.3116825290810931,0.4622123812121286
random,40,46,0.3116825290810931,0.4622123812121286
random,40,47,0.3116825290810931,0.4622123812121286
random,40,48,0.3116825290810931,0.48190171051735253
random,40,49,0.3116825290810931,0.4837992728151653
random,40,50,0.3116825290810931,0.4852190818853151
random,40,51,0.3116825290810931,0.4872875799624725
random,40,52,0.3116825290810931,0.48916672831202374
random,40,53,0.3116825290810931,0.48916672831202374
random,40,54,0.3116825290810931,0.4900182011363355
random,40,55,0.3116825290810931,0.4922105772568201
random,40,56,0.3116825290810931,0.4922105772568201
random,40,57,0.3116825290810931,0.49271866503211625
random,40,58,0.3116825290810931,0.49271866503211625
random,40,59,0.3116825290810931,0.4941656564312056
random,40,60,0.3116825290810931,0.4941656564312056
random,40,61,0.3116825290810931,0.4941656564312056
random,40,62,0.3116825290810931,0.4941656564312056
random,40,63,0.3530094910095711,0.49950956174063293
random,40,64,0.3530094910095711,0.49950956174063293
random,40,65,0.3530094910095711,0.49950956174063293
random,40,66,0.3530094910095711,0.49950956174063293
random,40,67,0.3530094910095711,0.5190534252806659
random,40,68,0.3530094910095711,0.5190534252806659
random,40,69,0.3530094910095711,0.5190534252806659
random,40,70,0.3591703782490195,0.5202439295503849
random,41,45,0.3116825290810931,0.4622123812121286
random,41,46,0.3116825290810931,0.4641099435099414
random,41,47,0.3116825290810931,0.4641099435099414
random,41,48,0.3116825290810931,0.4641099435099414
random,41,49,0.3116825290810931,0.4837992728151653
random,41,50,0.3116825290810931,0.4837992728151653
random,41,51,0.3530094910095711,0.4891431781245927
random,41,52,0.3530094910095711,0.49056298719474245
random,41,53,0.3530094910095711,0.4924421355442936
random,41,54,0.3530094910095711,0.4924421355442936
random,41,55,0.3530094910095711,0.4924421355442936
random,41,56,0.3591703782490195,0.4936326398140126
random,41,57,0.3591703782490195,0.49608114436123585
random,41,58,0.3591703782490195,0.49842303505503704
random,41,59,0.3591703782490195,0.49842303505503704
random,41,60,0.3591703782490195,0.4991249933060322
random,41,61,0.3591703782490195,0.4991249933060322
random,41,62,0.3591703782490195,0.4991249933060322
random,41,63,0.3591703782490195,0.49963308108132837
random,41,64,0.3591703782490195,0.49963308108132837
random,41,65,0.3591703782490195,0.49963308108132837
random,41,66,0.3591703782490195,0.49963308108132837
random,41,67,0.3591703782490195,0.49963308108132837
random,41,68,0.3591703782490195,0.49963308108132837
random,41,69,0.3591703782490195,0.5202439295503849
random,41,70,0.3591703782490195,0.5202439295503849
random,42,45,0.3116825290810931,0.4622123812121286
random,42,46,0.3116825290810931,0.4622123812121286
random,42,47,0.3116825290810931,0.4622123812121286
random,42,48,0.3116825290810931,0.46798805766133433
random,42,49,0.3116825290810931,0.46798805766133433
random,42,50,0.3116825290810931,0.46798805766133433
random,42,51,0.3116825290810931,0.4694350490604237
random,42,52,0.3116825290810931,0.47028652188473546
random,42,53,0.3116825290810931,0.47028652188473546
random,42,54,0.3116825290810931,0.47218408418254826
random,42,55,0.3116825290810931,0.4881662351157239
random,42,56,0.3116825290810931,0.49040223196661964
random,42,57,0.3116825290810931,0.49040223196661964
random,42,58,0.3591703782490195,0.49670215207248913
random,42,59,0.3591703782490195,0.4977651126412943
random,42,60,0.3591703782490195,0.4977651126412943
random,42,61,0.3591703782490195,0.4977651126412943
random,42,62,0.3591703782490195,0.49869166106741847
random,42,63,0.3591703782490195,0.4991997488427147
random,42,64,0.3591703782490195,0.4991997488427147
random,42,65,0.3591703782490195,0.4991997488427147
random,42,66,0.3591703782490195,0.5187436123827477
random,42,67,0.3591703782490195,0.5187436123827477
random,42,68,0.3591703782490195,0.5200094400771081
random,42,69,0.3591703782490195,0.5202439295503849
random,42,70,0.3591703782490195,0.5202439295503849
random,43,45,0.3116825290810931,0.4622123812121286
random,43,46,0.3116825290810931,0.4622123812121286
random,43,47,0.3116825290810931,0.4622123812121286
random,43,48,0.3116825290810931,0.4622123812121286
random,43,49,0.3116825290810931,0.4622123812121286
random,43,50,0.3116825290810931,0.4622123812121286
random,43,51,0.3116825290810931,0.4622123812121286
random,43,52,0.3116825290810931,0.46363219028227837
random,43,53,0.3116825290810931,0.5061012293221604
random,43,54,0.3116825290810931,0.5061012293221604
random,43,55,0.3591703782490195,0.5126081915023848
random,43,56,0.3591703782490195,0.5126081915023848
random,43,57,0.3591703782490195,0.5142987117258427
random,43,58,0.3591703782490195,0.5153545015627998
random,43,59,0.3591703782490195,0.5160767329762785
random,43,60,0.3591703782490195,0.5160767329762785
random,43,61,0.3591703782490195,0.5160767329762785
random,43,62,0.3591703782490195,0.5160767329762785
random,43,63,0.3591703782490195,0.5165848207515747
random,43,64,0.3591703782490195,0.5184639691011259
random,43,65,0.3591703782490195,0.5184639691011259
random,43,66,0.3591703782490195,0.5184639691011259
random,43,67,0.3591703782490195,0.5197297967954864
random,43,68,0.3591703782490195,0.5197297967954864
random,43,69,0.3591703782490195,0.5199642862687631
random,43,70,0.3591703782490195,0.5202439295503849
random,44,45,0.3116825290810931,0.4622123812121286
random,44,46,0.3116825290810931,0.4622123812121286
random,44,47,0.3116825290810931,0.4645542719059298
random,44,48,0.3116825290810931,0.4645542719059298
random,44,49,0.3116825290810931,0.4664518342037426
random,44,50,0.3116825290810931,0.46787164327389236
random,44,51,0.3116825290810931,0.46787164327389236
random,44,52,0.3116825290810931,0.46857360152488753
random,44,53,0.3116825290810931,0.46857360152488753
random,44,54,0.3116825290810931,0.46857360152488753
random,44,55,0.3116825290810931,0.47434927797409326
random,44,56,0.3116825290810931,0.47434927797409326
random,44,57,0.3116825290810931,0.47434927797409326
random,44,58,0.3116825290810931,0.47579626937318265
random,44,59,0.3116825290810931,0.47579626937318265
random,44,60,0.3116825290810931,0.47579626937318265
random,44,61,0.3116825290810931,0.49177842030635827
random,44,62,0.3116825290810931,0.49177842030635827
random,44,63,0.3116825290810931,0.4922865080816544
random,44,64,0.3116825290810931,0.4922865080816544
random,44,65,0.3530094910095711,0.49763041339108177
random,44,66,0.3591703782490195,0.4988209176608008
random,44,67,0.3591703782490195,0.5183647812008337
random,44,68,0.3591703782490195,0.5183647812008337
random,44,69,0.3591703782490195,0.5202439295503849
random,44,70,0.3591703782490195,0.5202439295503849
random,45,45,0.3116825290810931,0.4622123812121286
random,45,46,0.3116825290810931,0.4644483780630243
random,45,47,0.3530094910095711,0.4700266602196914
random,45,48,0.3530094910095711,0.4700266602196914
random,45,49,0.3591703782490195,0.4712171644894104
random,45,50,0.3591703782490195,0.4712171644894104
random,45,51,0.3591703782490195,0.4712171644894104
random,45,52,0.3591703782490195,0.47206863731372223
random,45,53,0.3591703782490195,0.47784431376292796
random,45,54,0.3591703782490195,0.47784431376292796
random,45,55,0.3591703782490195,0.47784431376292796
random,45,56,0.3591703782490195,0.47784431376292796
random,45,57,0.3591703782490195,0.4800366898834126
random,45,58,0.3591703782490195,0.4800366898834126
random,45,59,0.3591703782490195,0.4800366898834126
random,45,60,0.3591703782490195,0.4808915814190041
random,45,61,0.3591703782490195,0.4808915814190041
random,45,62,0.3591703782490195,0.49687373235217974
random,45,63,0.3591703782490195,0.49687373235217974
random,45,64,0.3591703782490195,0.49687373235217974
random,45,65,0.3591703782490195,0.49687373235217974
random,45,66,0.3591703782490195,0.4983207237512691
random,45,67,0.3591703782490195,0.4983207237512691
random,45,68,0.3591703782490195,0.4993836843200743
random,45,69,0.3591703782490195,0.5007000660103519
random,45,70,0.3591703782490195,0.5202439295503849
random,46,45,0.3116825290810931,0.4622123812121286
random,46,46,0.3116825290810931,0.4622123812121286
random,46,47,0.3116825290810931,0.4641099435099414
random,46,48,0.3116825290810931,0.4641099435099414
random,46,49,0.3116825290810931,0.4641099435099414
random,46,50,0.3116825290810931,0.4641099435099414
random,46,51,0.3116825290810931,0.4663459403608371
random,46,52,0.3116825290810931,0.4663459403608371
random,46,53,0.3116825290810931,0.4663459403608371
random,46,54,0.3116825290810931,0.46868783105463835
random,46,55,0.3116825290810931,0.46868783105463835
random,46,56,0.3116825290810931,0.4697507916234435
random,46,57,0.3116825290810931,0.4704527498744387
random,46,58,0.3116825290810931,0.4704527498744387
random,46,59,0.3116825290810931,0.5129217889143207
random,46,60,0.3116825290810931,0.5129217889143207
random,46,61,0.3116825290810931,0.5134298766896168
random,46,62,0.3591703782490195,0.5197297967954864
random,46,63,0.3591703782490195,0.5197297967954864
random,46,64,0.3591703782490195,0.5200094400771081
random,46,65,0.3591703782490195,0.5200094400771081
random,46,66,0.3591703782490195,0.5202439295503849
random,46,67,0.3591703782490195,0.5202439295503849
random,46,68,0.3591703782490195,0.5202439295503849
random,46,69,0.3591703782490195,0.5202439295503849
random,46,70,0.3591703782490195,0.5202439295503849
random,47,45,0.3116825290810931,0.4622123812121286
random,47,46,0.3116825290810931,0.4645542719059298
random,47,47,0.3591703782490195,0.4710612340861542
random,47,48,0.3591703782490195,0.4710612340861542
random,47,49,0.3591703782490195,0.4713230583323159
random,47,50,0.3591703782490195,0.4713230583323159
random,47,51,0.3591703782490195,0.4713230583323159
random,47,52,0.3591703782490195,0.4713230583323159
random,47,53,0.3591703782490195,0.513792097372198
random,47,54,0.3591703782490195,0.513792097372198
random,47,55,0.3591703782490195,0.513792097372198
random,47,56,0.3591703782490195,0.513792097372198
random,47,57,0.3591703782490195,0.513792097372198
random,47,58,0.3591703782490195,0.515455282822771
random,47,59,0.3591703782490195,0.515455282822771
random,47,60,0.3591703782490195,0.5159633705980671
random,47,61,0.3591703782490195,0.5159633705980671
random,47,62,0.3591703782490195,0.5159633705980671
random,47,63,0.3591703782490195,0.5159633705980671
random,47,64,0.3591703782490195,0.5173831796682169
random,47,65,0.3591703782490195,0.5192623280177681
random,47,66,0.3591703782490195,0.5195419712993898
random,47,67,0.3591703782490195,0.5195419712993898
random,47,68,0.3591703782490195,0.5202439295503849
random,47,69,0.3591703782490195,0.5202439295503849
random,47,70,0.3591703782490195,0.5202439295503849
random,48,45,0.3116825290810931,0.4622123812121286
random,48,46,0.3116825290810931,0.46326817104908574
random,48,47,0.3116825290810931,0.46326817104908574
random,48,48,0.3116825290810931,0.46326817104908574
random,48,49,0.3116825290810931,0.46326817104908574
random,48,50,0.3116825290810931,0.48295750035430973
random,48,51,0.3116825290810931,0.48540600490153285
random,48,52,0.3116825290810931,0.5060168533705895
random,48,53,0.3116825290810931,0.5074366624407393
random,48,54,0.3116825290810931,0.5074366624407393
random,48,55,0.3116825290810931,0.508158893854218
random,48,56,0.3116825290810931,0.508158893854218
random,48,57,0.3530094910095711,0.5137371760108852
random,48,58,0.3530094910095711,0.5150030037052455
random,48,59,0.3530094910095711,0.5150030037052455
random,48,60,0.3591703782490195,0.5161935079749645
random,48,61,0.3591703782490195,0.5161935079749645
random,48,62,0.3591703782490195,0.5161935079749645
random,48,63,0.3591703782490195,0.5161935079749645
random,48,64,0.3591703782490195,0.5170483995105561
random,48,65,0.3591703782490195,0.5189275478601073
random,48,66,0.3591703782490195,0.5202439295503849
random,48,67,0.3591703782490195,0.5202439295503849
random,48,68,0.3591703782490195,0.5202439295503849
random,48,69,0.3591703782490195,0.5202439295503849
random,48,70,0.3591703782490195,0.5202439295503849
random,49,45,0.3116825290810931,0.4622123812121286
random,49,46,0.3116825290810931,0.4622123812121286
random,49,47,0.3116825290810931,0.5046814202520106
random,49,48,0.3116825290810931,0.5046814202520106
random,49,49,0.3591703782490195,0.5111883824322351
random,49,50,0.3591703782490195,0.5126081915023848
random,49,51,0.3591703782490195,0.5126081915023848
random,49,52,0.3591703782490195,0.5134630830379764
random,49,53,0.3591703782490195,0.5158049737317776
random,49,54,0.3591703782490195,0.5158049737317776
random,49,55,0.3591703782490195,0.51714869019494
random,49,56,0.3591703782490195,0.51714869019494
random,49,57,0.3591703782490195,0.51714869019494
random,49,58,0.3591703782490195,0.5190278385444913
random,49,59,0.3591703782490195,0.5192623280177681
random,49,60,0.3591703782490195,0.5192623280177681
random,49,61,0.3591703782490195,0.5199642862687631
random,49,62,0.3591703782490195,0.5199642862687631
random,49,63,0.3591703782490195,0.5199642862687631
random,49,64,0.3591703782490195,0.5199642862687631
random,49,65,0.3591703782490195,0.5199642862687631
random,49,66,0.3591703782490195,0.5199642862687631
random,49,67,0.3591703782490195,0.5199642862687631
random,49,68,0.3591703782490195,0.5202439295503849
random,49,69,0.3591703782490195,0.5202439295503849
random,49,70,0.3591703782490195,0.5202439295503849
gp_ehvi,0,45,0.3116825290810931,0.4622123812121286
gp_ehvi,0,46,0.3116825290810931,0.4622123812121286
gp_ehvi,0,47,0.3116825290810931,0.4622123812121286
gp_ehvi,0,48,0.3116825290810931,0.4622123812121286
gp_ehvi,0,49,0.3116825290810931,0.4622123812121286
gp_ehvi,0,50,0.3116825290810931,0.4622123812121286
gp_ehvi,0,51,0.3116825290810931,0.4645542719059298
gp_ehvi,0,52,0.3116825290810931,0.4645542719059298
gp_ehvi,0,53,0.3116825290810931,0.46525623015692497
gp_ehvi,0,54,0.3116825290810931,0.469499654372232
gp_ehvi,0,55,0.3116825290810931,0.4873940640093721
gp_ehvi,0,56,0.3116825290810931,0.4873940640093721
gp_ehvi,0,57,0.3116825290810931,0.4873940640093721
gp_ehvi,0,58,0.3116825290810931,0.48929162630718487
gp_ehvi,0,59,0.3591703782490195,0.49559154641305436
gp_ehvi,0,60,0.3591703782490195,0.4978275432639502
gp_ehvi,0,61,0.3591703782490195,0.4978275432639502
gp_ehvi,0,62,0.3591703782490195,0.4978275432639502
gp_ehvi,0,63,0.3591703782490195,0.4978275432639502
gp_ehvi,0,64,0.3591703782490195,0.49889050383275535
gp_ehvi,0,65,0.3591703782490195,0.49939859160805156
gp_ehvi,0,66,0.3591703782490195,0.49963308108132837
gp_ehvi,0,67,0.3591703782490195,0.49963308108132837
gp_ehvi,0,68,0.3591703782490195,0.5007000660103519
gp_ehvi,0,69,0.3591703782490195,0.5202439295503849
gp_ehvi,0,70,0.3591703782490195,0.5202439295503849
gp_ehvi,1,45,0.3116825290810931,0.4622123812121286
gp_ehvi,1,46,0.3116825290810931,0.4622123812121286
gp_ehvi,1,47,0.3116825290810931,0.4622123812121286
gp_ehvi,1,48,0.3116825290810931,0.4622123812121286
gp_ehvi,1,49,0.3116825290810931,0.4645542719059298
gp_ehvi,1,50,0.3116825290810931,0.4645542719059298
gp_ehvi,1,51,0.3116825290810931,0.4645542719059298
gp_ehvi,1,52,0.3116825290810931,0.4645542719059298
gp_ehvi,1,53,0.3116825290810931,0.4645542719059298
gp_ehvi,1,54,0.3116825290810931,0.4645542719059298
gp_ehvi,1,55,0.3116825290810931,0.4645542719059298
gp_ehvi,1,56,0.3116825290810931,0.46525623015692497
gp_ehvi,1,57,0.3116825290810931,0.4849455594621489
gp_ehvi,1,58,0.3116825290810931,0.4873940640093721
gp_ehvi,1,59,0.3116825290810931,0.4873940640093721
gp_ehvi,1,60,0.3116825290810931,0.48963006086026784
gp_ehvi,1,61,0.3116825290810931,0.49152762315808063
gp_ehvi,1,62,0.3591703782490195,0.4978275432639502
gp_ehvi,1,63,0.3591703782490195,0.49889452819297375
gp_ehvi,1,64,0.3591703782490195,0.49889452819297375
gp_ehvi,1,65,0.3591703782490195,0.4999574887617789
gp_ehvi,1,66,0.3591703782490195,0.5004655765370751
gp_ehvi,1,67,0.3591703782490195,0.5007000660103519
gp_ehvi,1,68,0.3591703782490195,0.5007000660103519
gp_ehvi,1,69,0.3591703782490195,0.5202439295503849
gp_ehvi,1,70,0.3591703782490195,0.5202439295503849
gp_ehvi,2,45,0.3116825290810931,0.4622123812121286
gp_ehvi,2,46,0.3116825290810931,0.4622123812121286
gp_ehvi,2,47,0.3116825290810931,0.4622123812121286
gp_ehvi,2,48,0.3116825290810931,0.4622123812121286
gp_ehvi,2,49,0.3116825290810931,0.46221309674153327
gp_ehvi,2,50,0.3116825290810931,0.46326817104908574
gp_ehvi,2,51,0.3116825290810931,0.46326817104908574
gp_ehvi,2,52,0.3116825290810931,0.4645542719059298
gp_ehvi,2,53,0.3116825290810931,0.4645542719059298
gp_ehvi,2,54,0.3116825290810931,0.4645542719059298
gp_ehvi,2,55,0.3116825290810931,0.46525623015692497
gp_ehvi,2,56,0.3116825290810931,0.46525623015692497
gp_ehvi,2,57,0.3116825290810931,0.46525623015692497
gp_ehvi,2,58,0.3116825290810931,0.4849455594621489
gp_ehvi,2,59,0.3116825290810931,0.4873940640093721
gp_ehvi,2,60,0.3116825290810931,0.48963006086026784
gp_ehvi,2,61,0.3591703782490195,0.49613702304049223
gp_ehvi,2,62,0.3591703782490195,0.4978275432639502
gp_ehvi,2,63,0.3591703782490195,0.49889452819297375
gp_ehvi,2,64,0.3591703782490195,0.49889452819297375
gp_ehvi,2,65,0.3591703782490195,0.4999574887617789
gp_ehvi,2,66,0.3591703782490195,0.5004655765370751
gp_ehvi,2,67,0.3591703782490195,0.5007000660103519
gp_ehvi,2,68,0.3591703782490195,0.5007000660103519
gp_ehvi,2,69,0.3591703782490195,0.5202439295503849
gp_ehvi,2,70,0.3591703782490195,0.5202439295503849
gp_ehvi,3,45,0.3116825290810931,0.4622123812121286
gp_ehvi,3,46,0.3116825290810931,0.4622123812121286
gp_ehvi,3,47,0.3116825290810931,0.4622123812121286
gp_ehvi,3,48,0.3116825290810931,0.4622123812121286
gp_ehvi,3,49,0.3116825290810931,0.46306385403644035
gp_ehvi,3,50,0.3116825290810931,0.46306385403644035
gp_ehvi,3,51,0.3116825290810931,0.46306385403644035
gp_ehvi,3,52,0.3116825290810931,0.46525623015692497
gp_ehvi,3,53,0.3116825290810931,0.46525623015692497
gp_ehvi,3,54,0.3116825290810931,0.46525623015692497
gp_ehvi,3,55,0.3116825290810931,0.469499654372232
gp_ehvi,3,56,0.3116825290810931,0.4873940640093721
gp_ehvi,3,57,0.3116825290810931,0.4873940640093721
gp_ehvi,3,58,0.3116825290810931,0.48963006086026784
gp_ehvi,3,59,0.3116825290810931,0.4904849523958594
gp_ehvi,3,60,0.3116825290810931,0.4904849523958594
gp_ehvi,3,61,0.3530094910095711,0.4960632345525265
gp_ehvi,3,62,0.3530094910095711,0.4971261951213317
gp_ehvi,3,63,0.3530094910095711,0.4971261951213317
gp_ehvi,3,64,0.3530094910095711,0.4971261951213317
gp_ehvi,3,65,0.3591703782490195,0.4983166993910507
gp_ehvi,3,66,0.3591703782490195,0.49963308108132837
gp_ehvi,3,67,0.3591703782490195,0.49963308108132837
gp_ehvi,3,68,0.3591703782490195,0.5007000660103519
gp_ehvi,3,69,0.3591703782490195,0.5202439295503849
gp_ehvi,3,70,0.3591703782490195,0.5202439295503849
gp_ehvi,4,45,0.3116825290810931,0.4622123812121286
gp_ehvi,4,46,0.3116825290810931,0.4622123812121286
gp_ehvi,4,47,0.3116825290810931,0.4622123812121286
gp_ehvi,4,48,0.3116825290810931,0.4622123812121286
gp_ehvi,4,49,0.3116825290810931,0.4645542719059298
gp_ehvi,4,50,0.3116825290810931,0.4645542719059298
gp_ehvi,4,51,0.3116825290810931,0.4645542719059298
gp_ehvi,4,52,0.3116825290810931,0.4645542719059298
gp_ehvi,4,53,0.3116825290810931,0.4645542719059298
gp_ehvi,4,54,0.3116825290810931,0.4645542719059298
gp_ehvi,4,55,0.3116825290810931,0.46525623015692497
gp_ehvi,4,56,0.3116825290810931,0.46525623015692497
gp_ehvi,4,57,0.3116825290810931,0.4849455594621489
gp_ehvi,4,58,0.3116825290810931,0.4873940640093721
gp_ehvi,4,59,0.3116825290810931,0.4884610489383957
gp_ehvi,4,60,0.3116825290810931,0.4884610489383957
gp_ehvi,4,61,0.3116825290810931,0.4903586112362085
gp_ehvi,4,62,0.3591703782490195,0.49665853134207805
gp_ehvi,4,63,0.3591703782490195,0.49889452819297375
gp_ehvi,4,64,0.3591703782490195,0.4999574887617789
gp_ehvi,4,65,0.3591703782490195,0.5001919782350558
gp_ehvi,4,66,0.3591703782490195,0.5001919782350558
gp_ehvi,4,67,0.3591703782490195,0.5001919782350558
gp_ehvi,4,68,0.3591703782490195,0.5007000660103519
gp_ehvi,4,69,0.3591703782490195,0.5007000660103519
gp_ehvi,4,70,0.3591703782490195,0.5202439295503849
gp_ehvi,5,45,0.3116825290810931,0.4622123812121286
gp_ehvi,5,46,0.3116825290810931,0.4622123812121286
gp_ehvi,5,47,0.3116825290810931,0.4622123812121286
gp_ehvi,5,48,0.3116825290810931,0.46306385403644035
gp_ehvi,5,49,0.3116825290810931,0.46306385403644035
gp_ehvi,5,50,0.3116825290810931,0.48275318334166434
gp_ehvi,5,51,0.3116825290810931,0.48275318334166434
gp_ehvi,5,52,0.3116825290810931,0.48520168788888746
gp_ehvi,5,53,0.3116825290810931,0.48520168788888746
gp_ehvi,5,54,0.3116825290810931,0.4873940640093721
gp_ehvi,5,55,0.3116825290810931,0.4873940640093721
gp_ehvi,5,56,0.3116825290810931,0.4873940640093721
gp_ehvi,5,57,0.3116825290810931,0.4873940640093721
gp_ehvi,5,58,0.3116825290810931,0.48963006086026784
gp_ehvi,5,59,0.3116825290810931,0.4904849523958594
gp_ehvi,5,60,0.3116825290810931,0.4904849523958594
gp_ehvi,5,61,0.3530094910095711,0.4960632345525265
gp_ehvi,5,62,0.3530094910095711,0.4960632345525265
gp_ehvi,5,63,0.3530094910095711,0.4960632345525265
gp_ehvi,5,64,0.3591703782490195,0.4972537388222455
gp_ehvi,5,65,0.3591703782490195,0.49857012051252314
gp_ehvi,5,66,0.3591703782490195,0.49857012051252314
gp_ehvi,5,67,0.3591703782490195,0.49963710544154677
gp_ehvi,5,68,0.3591703782490195,0.5007000660103519
gp_ehvi,5,69,0.3591703782490195,0.5007000660103519
gp_ehvi,5,70,0.3591703782490195,0.5202439295503849
gp_ehvi,6,45,0.3116825290810931,0.4622123812121286
gp_ehvi,6,46,0.3116825290810931,0.4622123812121286
gp_ehvi,6,47,0.3116825290810931,0.4622123812121286
gp_ehvi,6,48,0.3116825290810931,0.46221309674153327
gp_ehvi,6,49,0.3116825290810931,0.4645542719059298
gp_ehvi,6,50,0.3116825290810931,0.4645542719059298
gp_ehvi,6,51,0.3116825290810931,0.4645542719059298
gp_ehvi,6,52,0.3116825290810931,0.4645542719059298
gp_ehvi,6,53,0.3116825290810931,0.46525623015692497
gp_ehvi,6,54,0.3116825290810931,0.4849455594621489
gp_ehvi,6,55,0.3116825290810931,0.4873940640093721
gp_ehvi,6,56,0.3116825290810931,0.4873940640093721
gp_ehvi,6,57,0.3116825290810931,0.4873940640093721
gp_ehvi,6,58,0.3116825290810931,0.48963006086026784
gp_ehvi,6,59,0.3116825290810931,0.49152762315808063
gp_ehvi,6,60,0.3591703782490195,0.4978275432639502
gp_ehvi,6,61,0.3591703782490195,0.49889050383275535
gp_ehvi,6,62,0.3591703782490195,0.49889050383275535
gp_ehvi,6,63,0.3591703782490195,0.4999574887617789
gp_ehvi,6,64,0.3591703782490195,0.5004655765370751
gp_ehvi,6,65,0.3591703782490195,0.5004655765370751
gp_ehvi,6,66,0.3591703782490195,0.5004655765370751
gp_ehvi,6,67,0.3591703782490195,0.5007000660103519
gp_ehvi,6,68,0.3591703782490195,0.5007000660103519
gp_ehvi,6,69,0.3591703782490195,0.5202439295503849
gp_ehvi,6,70,0.3591703782490195,0.5202439295503849
gp_ehvi,7,45,0.3116825290810931,0.4622123812121286
gp_ehvi,7,46,0.3116825290810931,0.4622123812121286
gp_ehvi,7,47,0.3116825290810931,0.4622123812121286
gp_ehvi,7,48,0.3116825290810931,0.46221309674153327
gp_ehvi,7,49,0.3116825290810931,0.46326817104908574
gp_ehvi,7,50,0.3116825290810931,0.4645542719059298
gp_ehvi,7,51,0.3116825290810931,0.4645542719059298
gp_ehvi,7,52,0.3116825290810931,0.4645542719059298
gp_ehvi,7,53,0.3116825290810931,0.4645542719059298
gp_ehvi,7,54,0.3116825290810931,0.4645542719059298
gp_ehvi,7,55,0.3116825290810931,0.46525623015692497
gp_ehvi,7,56,0.3116825290810931,0.469499654372232
gp_ehvi,7,57,0.3116825290810931,0.4873940640093721
gp_ehvi,7,58,0.3116825290810931,0.4873940640093721
gp_ehvi,7,59,0.3116825290810931,0.4873940640093721
gp_ehvi,7,60,0.3116825290810931,0.48929162630718487
gp_ehvi,7,61,0.3591703782490195,0.49559154641305436
gp_ehvi,7,62,0.3591703782490195,0.4978275432639502
gp_ehvi,7,63,0.3591703782490195,0.49889452819297375
gp_ehvi,7,64,0.3591703782490195,0.4999574887617789
gp_ehvi,7,65,0.3591703782490195,0.4999574887617789
gp_ehvi,7,66,0.3591703782490195,0.5001919782350558
gp_ehvi,7,67,0.3591703782490195,0.5001919782350558
gp_ehvi,7,68,0.3591703782490195,0.5007000660103519
gp_ehvi,7,69,0.3591703782490195,0.5202439295503849
gp_ehvi,7,70,0.3591703782490195,0.5202439295503849
gp_ehvi,8,45,0.3116825290810931,0.4622123812121286
gp_ehvi,8,46,0.3116825290810931,0.4622123812121286
gp_ehvi,8,47,0.3116825290810931,0.4622123812121286
gp_ehvi,8,48,0.3116825290810931,0.4645542719059298
gp_ehvi,8,49,0.3116825290810931,0.4645542719059298
gp_ehvi,8,50,0.3116825290810931,0.4645542719059298
gp_ehvi,8,51,0.3116825290810931,0.4645542719059298
gp_ehvi,8,52,0.3116825290810931,0.46525623015692497
gp_ehvi,8,53,0.3116825290810931,0.4849455594621489
gp_ehvi,8,54,0.3116825290810931,0.4873940640093721
gp_ehvi,8,55,0.3116825290810931,0.4873940640093721
gp_ehvi,8,56,0.3116825290810931,0.4873940640093721
gp_ehvi,8,57,0.3116825290810931,0.4873940640093721
gp_ehvi,8,58,0.3116825290810931,0.48963006086026784
gp_ehvi,8,59,0.3116825290810931,0.4904849523958594
gp_ehvi,8,60,0.3116825290810931,0.4904849523958594
gp_ehvi,8,61,0.3116825290810931,0.4904849523958594
gp_ehvi,8,62,0.3530094910095711,0.4960632345525265
gp_ehvi,8,63,0.3530094910095711,0.4960632345525265
gp_ehvi,8,64,0.3591703782490195,0.4972537388222455
gp_ehvi,8,65,0.3591703782490195,0.4972537388222455
gp_ehvi,8,66,0.3591703782490195,0.4983207237512691
gp_ehvi,8,67,0.3591703782490195,0.4993836843200743
gp_ehvi,8,68,0.3591703782490195,0.5007000660103519
gp_ehvi,8,69,0.3591703782490195,0.5202439295503849
gp_ehvi,8,70,0.3591703782490195,0.5202439295503849
gp_ehvi,9,45,0.3116825290810931,0.4622123812121286
gp_ehvi,9,46,0.3116825290810931,0.4622123812121286
gp_ehvi,9,47,0.3116825290810931,0.4622123812121286
gp_ehvi,9,48,0.3116825290810931,0.4622123812121286
gp_ehvi,9,49,0.3116825290810931,0.46326817104908574
gp_ehvi,9,50,0.3116825290810931,0.46326817104908574
gp_ehvi,9,51,0.3116825290810931,0.46326817104908574
gp_ehvi,9,52,0.3116825290810931,0.4645542719059298
gp_ehvi,9,53,0.3116825290810931,0.4645542719059298
gp_ehvi,9,54,0.3116825290810931,0.46525623015692497
gp_ehvi,9,55,0.3116825290810931,0.469499654372232
gp_ehvi,9,56,0.3116825290810931,0.4873940640093721
gp_ehvi,9,57,0.3116825290810931,0.4873940640093721
gp_ehvi,9,58,0.3116825290810931,0.4873940640093721
gp_ehvi,9,59,0.3116825290810931,0.4873940640093721
gp_ehvi,9,60,0.3591703782490195,0.4939010261895965
gp_ehvi,9,61,0.3591703782490195,0.49559154641305436
gp_ehvi,9,62,0.3591703782490195,0.4978275432639502
gp_ehvi,9,63,0.3591703782490195,0.49889452819297375
gp_ehvi,9,64,0.3591703782490195,0.4991290176662506
gp_ehvi,9,65,0.3591703782490195,0.5001919782350558
gp_ehvi,9,66,0.3591703782490195,0.5001919782350558
gp_ehvi,9,67,0.3591703782490195,0.5001919782350558
gp_ehvi,9,68,0.3591703782490195,0.5007000660103519
gp_ehvi,9,69,0.3591703782490195,0.5202439295503849
gp_ehvi,9,70,0.3591703782490195,0.5202439295503849
gp_ehvi,10,45,0.3116825290810931,0.4622123812121286
gp_ehvi,10,46,0.3116825290810931,0.4622123812121286
gp_ehvi,10,47,0.3116825290810931,0.4622123812121286
gp_ehvi,10,48,0.3116825290810931,0.4622123812121286
gp_ehvi,10,49,0.3116825290810931,0.4622123812121286
gp_ehvi,10,50,0.3116825290810931,0.4622123812121286
gp_ehvi,10,51,0.3116825290810931,0.4645542719059298
gp_ehvi,10,52,0.3116825290810931,0.4645542719059298
gp_ehvi,10,53,0.3116825290810931,0.46525623015692497
gp_ehvi,10,54,0.3116825290810931,0.4849455594621489
gp_ehvi,10,55,0.3116825290810931,0.4873940640093721
gp_ehvi,10,56,0.3116825290810931,0.4873940640093721
gp_ehvi,10,57,0.3116825290810931,0.4873940640093721
gp_ehvi,10,58,0.3591703782490195,0.4939010261895965
gp_ehvi,10,59,0.3591703782490195,0.49613702304049223
gp_ehvi,10,60,0.3591703782490195,0.4978275432639502
gp_ehvi,10,61,0.3591703782490195,0.4978275432639502
gp_ehvi,10,62,0.3591703782490195,0.4978275432639502
gp_ehvi,10,63,0.3591703782490195,0.4978275432639502
gp_ehvi,10,64,0.3591703782490195,0.49889452819297375
gp_ehvi,10,65,0.3591703782490195,0.4999574887617789
gp_ehvi,10,66,0.3591703782490195,0.5001919782350558
gp_ehvi,10,67,0.3591703782490195,0.5001919782350558
gp_ehvi,10,68,0.3591703782490195,0.5007000660103519
gp_ehvi,10,69,0.3591703782490195,0.5202439295503849
gp_ehvi,10,70,0.3591703782490195,0.5202439295503849
gp_ehvi,11,45,0.3116825290810931,0.4622123812121286
gp_ehvi,11,46,0.3116825290810931,0.4622123812121286
gp_ehvi,11,47,0.3116825290810931,0.4622123812121286
gp_ehvi,11,48,0.3116825290810931,0.4622123812121286
gp_ehvi,11,49,0.3116825290810931,0.4645542719059298
gp_ehvi,11,50,0.3116825290810931,0.4645542719059298
gp_ehvi,11,51,0.3116825290810931,0.4645542719059298
gp_ehvi,11,52,0.3116825290810931,0.4645542719059298
gp_ehvi,11,53,0.3116825290810931,0.4645542719059298
gp_ehvi,11,54,0.3116825290810931,0.4645542719059298
gp_ehvi,11,55,0.3116825290810931,0.46525623015692497
gp_ehvi,11,56,0.3116825290810931,0.469499654372232
gp_ehvi,11,57,0.3116825290810931,0.4873940640093721
gp_ehvi,11,58,0.3116825290810931,0.4873940640093721
gp_ehvi,11,59,0.3116825290810931,0.4873940640093721
gp_ehvi,11,60,0.3116825290810931,0.48963006086026784
gp_ehvi,11,61,0.3116825290810931,0.4904849523958594
gp_ehvi,11,62,0.3116825290810931,0.4904849523958594
gp_ehvi,11,63,0.3530094910095711,0.4960632345525265
gp_ehvi,11,64,0.3530094910095711,0.4971261951213317
gp_ehvi,11,65,0.3530094910095711,0.4971261951213317
gp_ehvi,11,66,0.3591703782490195,0.4983166993910507
gp_ehvi,11,67,0.3591703782490195,0.49963308108132837
gp_ehvi,11,68,0.3591703782490195,0.5007000660103519
gp_ehvi,11,69,0.3591703782490195,0.5202439295503849
gp_ehvi,11,70,0.3591703782490195,0.5202439295503849
gp_ehvi,12,45,0.3116825290810931,0.4622123812121286
gp_ehvi,12,46,0.3116825290810931,0.4622123812121286
gp_ehvi,12,47,0.3116825290810931,0.4622123812121286
gp_ehvi,12,48,0.3116825290810931,0.4622123812121286
gp_ehvi,12,49,0.3116825290810931,0.4622123812121286
gp_ehvi,12,50,0.3116825290810931,0.4622123812121286
gp_ehvi,12,51,0.3116825290810931,0.4645542719059298
gp_ehvi,12,52,0.3116825290810931,0.4645542719059298
gp_ehvi,12,53,0.3116825290810931,0.46525623015692497
gp_ehvi,12,54,0.3116825290810931,0.4849455594621489
gp_ehvi,12,55,0.3116825290810931,0.4873940640093721
gp_ehvi,12,56,0.3116825290810931,0.4873940640093721
gp_ehvi,12,57,0.3116825290810931,0.4873940640093721
gp_ehvi,12,58,0.3591703782490195,0.4939010261895965
gp_ehvi,12,59,0.3591703782490195,0.49613702304049223
gp_ehvi,12,60,0.3591703782490195,0.4969919145760838
gp_ehvi,12,61,0.3591703782490195,0.4969919145760838
gp_ehvi,12,62,0.3591703782490195,0.4969919145760838
gp_ehvi,12,63,0.3591703782490195,0.498054875144889
gp_ehvi,12,64,0.3591703782490195,0.49939859160805156
gp_ehvi,12,65,0.3591703782490195,0.49963308108132837
gp_ehvi,12,66,0.3591703782490195,0.49963308108132837
gp_ehvi,12,67,0.3591703782490195,0.49963308108132837
gp_ehvi,12,68,0.3591703782490195,0.5007000660103519
gp_ehvi,12,69,0.3591703782490195,0.5202439295503849
gp_ehvi,12,70,0.3591703782490195,0.5202439295503849
gp_ehvi,13,45,0.3116825290810931,0.4622123812121286
gp_ehvi,13,46,0.3116825290810931,0.4622123812121286
gp_ehvi,13,47,0.3116825290810931,0.4622123812121286
gp_ehvi,13,48,0.3116825290810931,0.4622123812121286
gp_ehvi,13,49,0.3116825290810931,0.4622123812121286
gp_ehvi,13,50,0.3116825290810931,0.46326817104908574
gp_ehvi,13,51,0.3116825290810931,0.4645542719059298
gp_ehvi,13,52,0.3116825290810931,0.4645542719059298
gp_ehvi,13,53,0.3116825290810931,0.4645542719059298
gp_ehvi,13,54,0.3116825290810931,0.4645542719059298
gp_ehvi,13,55,0.3116825290810931,0.46525623015692497
gp_ehvi,13,56,0.3116825290810931,0.469499654372232
gp_ehvi,13,57,0.3116825290810931,0.4873940640093721
gp_ehvi,13,58,0.3116825290810931,0.4873940640093721
gp_ehvi,13,59,0.3116825290810931,0.4882489555449636
gp_ehvi,13,60,0.3116825290810931,0.4882489555449636
gp_ehvi,13,61,0.3591703782490195,0.494755917725188
gp_ehvi,13,62,0.3591703782490195,0.4969919145760838
gp_ehvi,13,63,0.3591703782490195,0.498054875144889
gp_ehvi,13,64,0.3591703782490195,0.498054875144889
gp_ehvi,13,65,0.3591703782490195,0.49939859160805156
gp_ehvi,13,66,0.3591703782490195,0.5004655765370751
gp_ehvi,13,67,0.3591703782490195,0.5007000660103519
gp_ehvi,13,68,0.3591703782490195,0.5007000660103519
gp_ehvi,13,69,0.3591703782490195,0.5202439295503849
gp_ehvi,13,70,0.3591703782490195,0.5202439295503849
gp_ehvi,14,45,0.3116825290810931,0.4622123812121286
gp_ehvi,14,46,0.3116825290810931,0.4622123812121286
gp_ehvi,14,47,0.3116825290810931,0.4622123812121286
gp_ehvi,14,48,0.3116825290810931,0.4622123812121286
gp_ehvi,14,49,0.3116825290810931,0.4622123812121286
gp_ehvi,14,50,0.3116825290810931,0.4622123812121286
gp_ehvi,14,51,0.3116825290810931,0.4645542719059298
gp_ehvi,14,52,0.3116825290810931,0.4645542719059298
gp_ehvi,14,53,0.3116825290810931,0.46525623015692497
gp_ehvi,14,54,0.3116825290810931,0.469499654372232
gp_ehvi,14,55,0.3116825290810931,0.4873940640093721
gp_ehvi,14,56,0.3116825290810931,0.4873940640093721
gp_ehvi,14,57,0.3116825290810931,0.4873940640093721
gp_ehvi,14,58,0.3116825290810931,0.48929162630718487
gp_ehvi,14,59,0.3116825290810931,0.49152762315808063
gp_ehvi,14,60,0.3591703782490195,0.4978275432639502
gp_ehvi,14,61,0.3591703782490195,0.4978275432639502
gp_ehvi,14,62,0.3591703782490195,0.4978275432639502
gp_ehvi,14,63,0.3591703782490195,0.4978275432639502
gp_ehvi,14,64,0.3591703782490195,0.49889050383275535
gp_ehvi,14,65,0.3591703782490195,0.4991249933060322
gp_ehvi,14,66,0.3591703782490195,0.4991249933060322
gp_ehvi,14,67,0.3591703782490195,0.5001919782350558
gp_ehvi,14,68,0.3591703782490195,0.5007000660103519
gp_ehvi,14,69,0.3591703782490195,0.5202439295503849
gp_ehvi,14,70,0.3591703782490195,0.5202439295503849
gp_ehvi,15,45,0.3116825290810931,0.4622123812121286
gp_ehvi,15,46,0.3116825290810931,0.4622123812121286
gp_ehvi,15,47,0.3116825290810931,0.4622123812121286
gp_ehvi,15,48,0.3116825290810931,0.4622123812121286
gp_ehvi,15,49,0.3116825290810931,0.4622123812121286
gp_ehvi,15,50,0.3116825290810931,0.4622123812121286
gp_ehvi,15,51,0.3116825290810931,0.4645542719059298
gp_ehvi,15,52,0.3116825290810931,0.4645542719059298
gp_ehvi,15,53,0.3116825290810931,0.46525623015692497
gp_ehvi,15,54,0.3116825290810931,0.4849455594621489
gp_ehvi,15,55,0.3116825290810931,0.4873940640093721
gp_ehvi,15,56,0.3116825290810931,0.4873940640093721
gp_ehvi,15,57,0.3116825290810931,0.4873940640093721
gp_ehvi,15,58,0.3591703782490195,0.4939010261895965
gp_ehvi,15,59,0.3591703782490195,0.49559154641305436
gp_ehvi,15,60,0.3591703782490195,0.4978275432639502
gp_ehvi,15,61,0.3591703782490195,0.498062032737227
gp_ehvi,15,62,0.3591703782490195,0.498062032737227
gp_ehvi,15,63,0.3591703782490195,0.498062032737227
gp_ehvi,15,64,0.3591703782490195,0.498062032737227
gp_ehvi,15,65,0.3591703782490195,0.4991249933060322
gp_ehvi,15,66,0.3591703782490195,0.4991249933060322
gp_ehvi,15,67,0.3591703782490195,0.5001919782350558
gp_ehvi,15,68,0.3591703782490195,0.5007000660103519
gp_ehvi,15,69,0.3591703782490195,0.5202439295503849
gp_ehvi,15,70,0.3591703782490195,0.5202439295503849
gp_ehvi,16,45,0.3116825290810931,0.4622123812121286
gp_ehvi,16,46,0.3116825290810931,0.4622123812121286
gp_ehvi,16,47,0.3116825290810931,0.4622123812121286
gp_ehvi,16,48,0.3116825290810931,0.4622123812121286
gp_ehvi,16,49,0.3116825290810931,0.4644483780630243
gp_ehvi,16,50,0.3116825290810931,0.4652998508873361
gp_ehvi,16,51,0.3116825290810931,0.4849891801925601
gp_ehvi,16,52,0.3116825290810931,0.4874376847397832
gp_ehvi,16,53,0.3116825290810931,0.48850466966880685
gp_ehvi,16,54,0.3116825290810931,0.48850466966880685
gp_ehvi,16,55,0.3116825290810931,0.48850466966880685
gp_ehvi,16,56,0.3116825290810931,0.48850466966880685
gp_ehvi,16,57,0.3116825290810931,0.4893595612043984
gp_ehvi,16,58,0.3530094910095711,0.4949378433610655
gp_ehvi,16,59,0.3530094910095711,0.4949378433610655
gp_ehvi,16,60,0.3530094910095711,0.4949378433610655
gp_ehvi,16,61,0.3530094910095711,0.4949378433610655
gp_ehvi,16,62,0.3530094910095711,0.4971302194815501
gp_ehvi,16,63,0.3530094910095711,0.4971302194815501
gp_ehvi,16,64,0.3591703782490195,0.4983207237512691
gp_ehvi,16,65,0.3591703782490195,0.4993836843200743
gp_ehvi,16,66,0.3591703782490195,0.4993836843200743
gp_ehvi,16,67,0.3591703782490195,0.5007000660103519
gp_ehvi,16,68,0.3591703782490195,0.5007000660103519
gp_ehvi,16,69,0.3591703782490195,0.5202439295503849
gp_ehvi,16,70,0.3591703782490195,0.5202439295503849
gp_ehvi,17,45,0.3116825290810931,0.4622123812121286
gp_ehvi,17,46,0.3116825290810931,0.4622123812121286
gp_ehvi,17,47,0.3116825290810931,0.4622123812121286
gp_ehvi,17,48,0.3116825290810931,0.4622123812121286
gp_ehvi,17,49,0.3116825290810931,0.4622123812121286
gp_ehvi,17,50,0.3116825290810931,0.46326817104908574
gp_ehvi,17,51,0.3116825290810931,0.46326817104908574
gp_ehvi,17,52,0.3116825290810931,0.4645542719059298
gp_ehvi,17,53,0.3116825290810931,0.4645542719059298
gp_ehvi,17,54,0.3116825290810931,0.4645542719059298
gp_ehvi,17,55,0.3116825290810931,0.46525623015692497
gp_ehvi,17,56,0.3116825290810931,0.4849455594621489
gp_ehvi,17,57,0.3116825290810931,0.4873940640093721
gp_ehvi,17,58,0.3116825290810931,0.4873940640093721
gp_ehvi,17,59,0.3116825290810931,0.4873940640093721
gp_ehvi,17,60,0.3116825290810931,0.48963006086026784
gp_ehvi,17,61,0.3591703782490195,0.49613702304049223
gp_ehvi,17,62,0.3591703782490195,0.4978275432639502
gp_ehvi,17,63,0.3591703782490195,0.4978275432639502
gp_ehvi,17,64,0.3591703782490195,0.49889452819297375
gp_ehvi,17,65,0.3591703782490195,0.5184383917330068
gp_ehvi,17,66,0.3591703782490195,0.518946479508303
gp_ehvi,17,67,0.3591703782490195,0.5191809689815797
gp_ehvi,17,68,0.3591703782490195,0.5202439295503849
gp_ehvi,17,69,0.3591703782490195,0.5202439295503849
gp_ehvi,17,70,0.3591703782490195,0.5202439295503849
gp_ehvi,18,45,0.3116825290810931,0.4622123812121286
gp_ehvi,18,46,0.3116825290810931,0.4622123812121286
gp_ehvi,18,47,0.3116825290810931,0.4622123812121286
gp_ehvi,18,48,0.3116825290810931,0.4622123812121286
gp_ehvi,18,49,0.3116825290810931,0.46306385403644035
gp_ehvi,18,50,0.3116825290810931,0.48275318334166434
gp_ehvi,18,51,0.3116825290810931,0.48520168788888746
gp_ehvi,18,52,0.3116825290810931,0.4861282363150116
gp_ehvi,18,53,0.3116825290810931,0.4861282363150116
gp_ehvi,18,54,0.3116825290810931,0.4861282363150116
gp_ehvi,18,55,0.3116825290810931,0.4861282363150116
gp_ehvi,18,56,0.3116825290810931,0.4873940640093721
gp_ehvi,18,57,0.3116825290810931,0.4873940640093721
gp_ehvi,18,58,0.3116825290810931,0.4873940640093721
gp_ehvi,18,59,0.3591703782490195,0.4939010261895965
gp_ehvi,18,60,0.3591703782490195,0.4939010261895965
gp_ehvi,18,61,0.3591703782490195,0.49559154641305436
gp_ehvi,18,62,0.3591703782490195,0.4978275432639502
gp_ehvi,18,63,0.3591703782490195,0.49889452819297375
gp_ehvi,18,64,0.3591703782490195,0.49889452819297375
gp_ehvi,18,65,0.3591703782490195,0.49940261596826996
gp_ehvi,18,66,0.3591703782490195,0.5004655765370751
gp_ehvi,18,67,0.3591703782490195,0.5007000660103519
gp_ehvi,18,68,0.3591703782490195,0.5007000660103519
gp_ehvi,18,69,0.3591703782490195,0.5202439295503849
gp_ehvi,18,70,0.3591703782490195,0.5202439295503849
gp_ehvi,19,45,0.3116825290810931,0.4622123812121286
gp_ehvi,19,46,0.3116825290810931,0.4622123812121286
gp_ehvi,19,47,0.3116825290810931,0.4622123812121286
gp_ehvi,19,48,0.3116825290810931,0.46221309674153327
gp_ehvi,19,49,0.3116825290810931,0.4645542719059298
gp_ehvi,19,50,0.3116825290810931,0.4645542719059298
gp_ehvi,19,51,0.3116825290810931,0.4645542719059298
gp_ehvi,19,52,0.3116825290810931,0.4645542719059298
gp_ehvi,19,53,0.3116825290810931,0.4645542719059298
gp_ehvi,19,54,0.3116825290810931,0.4645542719059298
gp_ehvi,19,55,0.3116825290810931,0.46679026875682555
gp_ehvi,19,56,0.3116825290810931,0.4674922270078207
gp_ehvi,19,57,0.3116825290810931,0.47173565122312777
gp_ehvi,19,58,0.3116825290810931,0.48963006086026784
gp_ehvi,19,59,0.3116825290810931,0.48963006086026784
gp_ehvi,19,60,0.3116825290810931,0.48963006086026784
gp_ehvi,19,61,0.3116825290810931,0.49152762315808063
gp_ehvi,19,62,0.3591703782490195,0.4978275432639502
gp_ehvi,19,63,0.3591703782490195,0.49889452819297375
gp_ehvi,19,64,0.3591703782490195,0.49889452819297375
gp_ehvi,19,65,0.3591703782490195,0.4999574887617789
gp_ehvi,19,66,0.3591703782490195,0.5001919782350558
gp_ehvi,19,67,0.3591703782490195,0.5001919782350558
gp_ehvi,19,68,0.3591703782490195,0.5007000660103519
gp_ehvi,19,69,0.3591703782490195,0.5202439295503849
gp_ehvi,19,70,0.3591703782490195,0.5202439295503849
gp_ehvi,20,45,0.3116825290810931,0.4622123812121286
gp_ehvi,20,46,0.3116825290810931,0.4622123812121286
gp_ehvi,20,47,0.3116825290810931,0.4622123812121286
gp_ehvi,20,48,0.3116825290810931,0.4645542719059298
gp_ehvi,20,49,0.3116825290810931,0.4645542719059298
gp_ehvi,20,50,0.3116825290810931,0.4645542719059298
gp_ehvi,20,51,0.3116825290810931,0.4645542719059298
gp_ehvi,20,52,0.3116825290810931,0.4645542719059298
gp_ehvi,20,53,0.3116825290810931,0.46525623015692497
gp_ehvi,20,54,0.3116825290810931,0.469499654372232
gp_ehvi,20,55,0.3116825290810931,0.4873940640093721
gp_ehvi,20,56,0.3116825290810931,0.4873940640093721
gp_ehvi,20,57,0.3116825290810931,0.4873940640093721
gp_ehvi,20,58,0.3116825290810931,0.48963006086026784
gp_ehvi,20,59,0.3591703782490195,0.49613702304049223
gp_ehvi,20,60,0.3591703782490195,0.4978275432639502
gp_ehvi,20,61,0.3591703782490195,0.4978275432639502
gp_ehvi,20,62,0.3591703782490195,0.4978275432639502
gp_ehvi,20,63,0.3591703782490195,0.4978275432639502
gp_ehvi,20,64,0.3591703782490195,0.49889050383275535
gp_ehvi,20,65,0.3591703782490195,0.4999574887617789
gp_ehvi,20,66,0.3591703782490195,0.5001919782350558
gp_ehvi,20,67,0.3591703782490195,0.5001919782350558
gp_ehvi,20,68,0.3591703782490195,0.5007000660103519
gp_ehvi,20,69,0.3591703782490195,0.5007000660103519
gp_ehvi,20,70,0.3591703782490195,0.5202439295503849
gp_ehvi,21,45,0.3116825290810931,0.4622123812121286
gp_ehvi,21,46,0.3116825290810931,0.4622123812121286
gp_ehvi,21,47,0.3116825290810931,0.4622123812121286
gp_ehvi,21,48,0.3116825290810931,0.46221309674153327
gp_ehvi,21,49,0.3116825290810931,0.4645542719059298
gp_ehvi,21,50,0.3116825290810931,0.4645542719059298
gp_ehvi,21,51,0.3116825290810931,0.4645542719059298
gp_ehvi,21,52,0.3116825290810931,0.4645542719059298
gp_ehvi,21,53,0.3116825290810931,0.4645542719059298
gp_ehvi,21,54,0.3116825290810931,0.4645542719059298
gp_ehvi,21,55,0.3116825290810931,0.46525623015692497
gp_ehvi,21,56,0.3116825290810931,0.46525623015692497
gp_ehvi,21,57,0.3116825290810931,0.4849455594621489
gp_ehvi,21,58,0.3116825290810931,0.4873940640093721
gp_ehvi,21,59,0.3116825290810931,0.4873940640093721
gp_ehvi,21,60,0.3116825290810931,0.48963006086026784
gp_ehvi,21,61,0.3591703782490195,0.49613702304049223
gp_ehvi,21,62,0.3591703782490195,0.4978275432639502
gp_ehvi,21,63,0.3591703782490195,0.49889452819297375
gp_ehvi,21,64,0.3591703782490195,0.49889452819297375
gp_ehvi,21,65,0.3591703782490195,0.4999574887617789
gp_ehvi,21,66,0.3591703782490195,0.5001919782350558
gp_ehvi,21,67,0.3591703782490195,0.5001919782350558
gp_ehvi,21,68,0.3591703782490195,0.5007000660103519
gp_ehvi,21,69,0.3591703782490195,0.5202439295503849
gp_ehvi,21,70,0.3591703782490195,0.5202439295503849
gp_ehvi,22,45,0.3116825290810931,0.4622123812121286
gp_ehvi,22,46,0.3116825290810931,0.4622123812121286
gp_ehvi,22,47,0.3116825290810931,0.4622123812121286
gp_ehvi,22,48,0.3116825290810931,0.4622123812121286
gp_ehvi,22,49,0.3116825290810931,0.4622123812121286
gp_ehvi,22,50,0.3116825290810931,0.4622123812121286
gp_ehvi,22,51,0.3116825290810931,0.4645542719059298
gp_ehvi,22,52,0.3116825290810931,0.4645542719059298
gp_ehvi,22,53,0.3116825290810931,0.46525623015692497
gp_ehvi,22,54,0.3116825290810931,0.4849455594621489
gp_ehvi,22,55,0.3116825290810931,0.4873940640093721
gp_ehvi,22,56,0.3116825290810931,0.4873940640093721
gp_ehvi,22,57,0.3116825290810931,0.4873940640093721
gp_ehvi,22,58,0.3116825290810931,0.48929162630718487
gp_ehvi,22,59,0.3116825290810931,0.49152762315808063
gp_ehvi,22,60,0.3591703782490195,0.4978275432639502
gp_ehvi,22,61,0.3591703782490195,0.4978275432639502
gp_ehvi,22,62,0.3591703782490195,0.4978275432639502
gp_ehvi,22,63,0.3591703782490195,0.4978275432639502
gp_ehvi,22,64,0.3591703782490195,0.49889452819297375
gp_ehvi,22,65,0.3591703782490195,0.49940261596826996
gp_ehvi,22,66,0.3591703782490195,0.5004655765370751
gp_ehvi,22,67,0.3591703782490195,0.5004655765370751
gp_ehvi,22,68,0.3591703782490195,0.5007000660103519
gp_ehvi,22,69,0.3591703782490195,0.5202439295503849
gp_ehvi,22,70,0.3591703782490195,0.5202439295503849
gp_ehvi,23,45,0.3116825290810931,0.4622123812121286
gp_ehvi,23,46,0.3116825290810931,0.4622123812121286
gp_ehvi,23,47,0.3116825290810931,0.4622123812121286
gp_ehvi,23,48,0.3116825290810931,0.4622123812121286
gp_ehvi,23,49,0.3116825290810931,0.4622123812121286
gp_ehvi,23,50,0.3116825290810931,0.4645542719059298
gp_ehvi,23,51,0.3116825290810931,0.4645542719059298
gp_ehvi,23,52,0.3116825290810931,0.4645542719059298
gp_ehvi,23,53,0.3116825290810931,0.46525623015692497
gp_ehvi,23,54,0.3116825290810931,0.469499654372232
gp_ehvi,23,55,0.3116825290810931,0.4873940640093721
gp_ehvi,23,56,0.3116825290810931,0.4873940640093721
gp_ehvi,23,57,0.3116825290810931,0.4873940640093721
gp_ehvi,23,58,0.3116825290810931,0.48929162630718487
gp_ehvi,23,59,0.3116825290810931,0.49152762315808063
gp_ehvi,23,60,0.3591703782490195,0.4978275432639502
gp_ehvi,23,61,0.3591703782490195,0.4978275432639502
gp_ehvi,23,62,0.3591703782490195,0.4978275432639502
gp_ehvi,23,63,0.3591703782490195,0.4978275432639502
gp_ehvi,23,64,0.3591703782490195,0.49889452819297375
gp_ehvi,23,65,0.3591703782490195,0.49940261596826996
gp_ehvi,23,66,0.3591703782490195,0.5004655765370751
gp_ehvi,23,67,0.3591703782490195,0.5004655765370751
gp_ehvi,23,68,0.3591703782490195,0.5007000660103519
gp_ehvi,23,69,0.3591703782490195,0.5202439295503849
gp_ehvi,23,70,0.3591703782490195,0.5202439295503849
gp_ehvi,24,45,0.3116825290810931,0.4622123812121286
gp_ehvi,24,46,0.3116825290810931,0.4622123812121286
gp_ehvi,24,47,0.3116825290810931,0.4622123812121286
gp_ehvi,24,48,0.3116825290810931,0.4622123812121286
gp_ehvi,24,49,0.3116825290810931,0.4622123812121286
gp_ehvi,24,50,0.3116825290810931,0.46326817104908574
gp_ehvi,24,51,0.3116825290810931,0.46326817104908574
gp_ehvi,24,52,0.3116825290810931,0.4645542719059298
gp_ehvi,24,53,0.3116825290810931,0.4645542719059298
gp_ehvi,24,54,0.3116825290810931,0.4645542719059298
gp_ehvi,24,55,0.3116825290810931,0.4645542719059298
gp_ehvi,24,56,0.3116825290810931,0.46525623015692497
gp_ehvi,24,57,0.3116825290810931,0.469499654372232
gp_ehvi,24,58,0.3116825290810931,0.4873940640093721
gp_ehvi,24,59,0.3116825290810931,0.4873940640093721
gp_ehvi,24,60,0.3116825290810931,0.48929162630718487
gp_ehvi,24,61,0.3116825290810931,0.49152762315808063
gp_ehvi,24,62,0.3591703782490195,0.4978275432639502
gp_ehvi,24,63,0.3591703782490195,0.4978275432639502
gp_ehvi,24,64,0.3591703782490195,0.49889452819297375
gp_ehvi,24,65,0.3591703782490195,0.4999574887617789
gp_ehvi,24,66,0.3591703782490195,0.5004655765370751
gp_ehvi,24,67,0.3591703782490195,0.5007000660103519
gp_ehvi,24,68,0.3591703782490195,0.5007000660103519
gp_ehvi,24,69,0.3591703782490195,0.5202439295503849
gp_ehvi,24,70,0.3591703782490195,0.5202439295503849
gp_ehvi,25,45,0.3116825290810931,0.4622123812121286
gp_ehvi,25,46,0.3116825290810931,0.4622123812121286
gp_ehvi,25,47,0.3116825290810931,0.4622123812121286
gp_ehvi,25,48,0.3116825290810931,0.4622123812121286
gp_ehvi,25,49,0.3116825290810931,0.4622123812121286
gp_ehvi,25,50,0.3116825290810931,0.4622123812121286
gp_ehvi,25,51,0.3116825290810931,0.4645542719059298
gp_ehvi,25,52,0.3116825290810931,0.4645542719059298
gp_ehvi,25,53,0.3116825290810931,0.46525623015692497
gp_ehvi,25,54,0.3116825290810931,0.469499654372232
gp_ehvi,25,55,0.3116825290810931,0.4873940640093721
gp_ehvi,25,56,0.3116825290810931,0.4873940640093721
gp_ehvi,25,57,0.3116825290810931,0.4873940640093721
gp_ehvi,25,58,0.3116825290810931,0.48963006086026784
gp_ehvi,25,59,0.3116825290810931,0.49152762315808063
gp_ehvi,25,60,0.3591703782490195,0.4978275432639502
gp_ehvi,25,61,0.3591703782490195,0.4978275432639502
gp_ehvi,25,62,0.3591703782490195,0.4978275432639502
gp_ehvi,25,63,0.3591703782490195,0.4978275432639502
gp_ehvi,25,64,0.3591703782490195,0.49889452819297375
gp_ehvi,25,65,0.3591703782490195,0.4999574887617789
gp_ehvi,25,66,0.3591703782490195,0.5001919782350558
gp_ehvi,25,67,0.3591703782490195,0.5001919782350558
gp_ehvi,25,68,0.3591703782490195,0.5007000660103519
gp_ehvi,25,69,0.3591703782490195,0.5202439295503849
gp_ehvi,25,70,0.3591703782490195,0.5202439295503849
gp_ehvi,26,45,0.3116825290810931,0.4622123812121286
gp_ehvi,26,46,0.3116825290810931,0.4622123812121286
gp_ehvi,26,47,0.3116825290810931,0.4622123812121286
gp_ehvi,26,48,0.3116825290810931,0.4622123812121286
gp_ehvi,26,49,0.3116825290810931,0.46306385403644035
gp_ehvi,26,50,0.3116825290810931,0.4639904024625645
gp_ehvi,26,51,0.3116825290810931,0.4639904024625645
gp_ehvi,26,52,0.3116825290810931,0.4639904024625645
gp_ehvi,26,53,0.3116825290810931,0.46525623015692497
gp_ehvi,26,54,0.3116825290810931,0.46525623015692497
gp_ehvi,26,55,0.3116825290810931,0.46525623015692497
gp_ehvi,26,56,0.3116825290810931,0.4849455594621489
gp_ehvi,26,57,0.3116825290810931,0.4873940640093721
gp_ehvi,26,58,0.3116825290810931,0.4873940640093721
gp_ehvi,26,59,0.3116825290810931,0.4873940640093721
gp_ehvi,26,60,0.3591703782490195,0.4939010261895965
gp_ehvi,26,61,0.3591703782490195,0.49559154641305436
gp_ehvi,26,62,0.3591703782490195,0.4978275432639502
gp_ehvi,26,63,0.3591703782490195,0.4978275432639502
gp_ehvi,26,64,0.3591703782490195,0.498062032737227
gp_ehvi,26,65,0.3591703782490195,0.4991249933060322
gp_ehvi,26,66,0.3591703782490195,0.4991249933060322
gp_ehvi,26,67,0.3591703782490195,0.5001919782350558
gp_ehvi,26,68,0.3591703782490195,0.5007000660103519
gp_ehvi,26,69,0.3591703782490195,0.5007000660103519
gp_ehvi,26,70,0.3591703782490195,0.5202439295503849
gp_ehvi,27,45,0.3116825290810931,0.4622123812121286
gp_ehvi,27,46,0.3116825290810931,0.4622123812121286
gp_ehvi,27,47,0.3116825290810931,0.4622123812121286
gp_ehvi,27,48,0.3116825290810931,0.4622123812121286
gp_ehvi,27,49,0.3116825290810931,0.4622123812121286
gp_ehvi,27,50,0.3116825290810931,0.4622123812121286
gp_ehvi,27,51,0.3116825290810931,0.4645542719059298
gp_ehvi,27,52,0.3116825290810931,0.4645542719059298
gp_ehvi,27,53,0.3116825290810931,0.46525623015692497
gp_ehvi,27,54,0.3116825290810931,0.469499654372232
gp_ehvi,27,55,0.3116825290810931,0.4873940640093721
gp_ehvi,27,56,0.3116825290810931,0.4873940640093721
gp_ehvi,27,57,0.3116825290810931,0.4873940640093721
gp_ehvi,27,58,0.3116825290810931,0.48963006086026784
gp_ehvi,27,59,0.3116825290810931,0.49152762315808063
gp_ehvi,27,60,0.3591703782490195,0.4978275432639502
gp_ehvi,27,61,0.3591703782490195,0.4978275432639502
gp_ehvi,27,62,0.3591703782490195,0.4978275432639502
gp_ehvi,27,63,0.3591703782490195,0.4978275432639502
gp_ehvi,27,64,0.3591703782490195,0.4983356310392463
gp_ehvi,27,65,0.3591703782490195,0.49857012051252314
gp_ehvi,27,66,0.3591703782490195,0.49963308108132837
gp_ehvi,27,67,0.3591703782490195,0.49963308108132837
gp_ehvi,27,68,0.3591703782490195,0.5007000660103519
gp_ehvi,27,69,0.3591703782490195,0.5202439295503849
gp_ehvi,27,70,0.3591703782490195,0.5202439295503849
gp_ehvi,28,45,0.3116825290810931,0.4622123812121286
gp_ehvi,28,46,0.3116825290810931,0.4622123812121286
gp_ehvi,28,47,0.3116825290810931,0.4622123812121286
gp_ehvi,28,48,0.3116825290810931,0.4622123812121286
gp_ehvi,28,49,0.3116825290810931,0.46306385403644035
gp_ehvi,28,50,0.3116825290810931,0.4639904024625645
gp_ehvi,28,51,0.3116825290810931,0.4639904024625645
gp_ehvi,28,52,0.3116825290810931,0.4639904024625645
gp_ehvi,28,53,0.3116825290810931,0.4639904024625645
gp_ehvi,28,54,0.3116825290810931,0.46525623015692497
gp_ehvi,28,55,0.3116825290810931,0.46525623015692497
gp_ehvi,28,56,0.3116825290810931,0.469499654372232
gp_ehvi,28,57,0.3116825290810931,0.4873940640093721
gp_ehvi,28,58,0.3116825290810931,0.4873940640093721
gp_ehvi,28,59,0.3116825290810931,0.4873940640093721
gp_ehvi,28,60,0.3116825290810931,0.48929162630718487
gp_ehvi,28,61,0.3591703782490195,0.49559154641305436
gp_ehvi,28,62,0.3591703782490195,0.4978275432639502
gp_ehvi,28,63,0.3591703782490195,0.49889452819297375
gp_ehvi,28,64,0.3591703782490195,0.49889452819297375
gp_ehvi,28,65,0.3591703782490195,0.4999574887617789
gp_ehvi,28,66,0.3591703782490195,0.5004655765370751
gp_ehvi,28,67,0.3591703782490195,0.5007000660103519
gp_ehvi,28,68,0.3591703782490195,0.5007000660103519
gp_ehvi,28,69,0.3591703782490195,0.5007000660103519
gp_ehvi,28,70,0.3591703782490195,0.5202439295503849
gp_ehvi,29,45,0.3116825290810931,0.4622123812121286
gp_ehvi,29,46,0.3116825290810931,0.4622123812121286
gp_ehvi,29,47,0.3116825290810931,0.4622123812121286
gp_ehvi,29,48,0.3116825290810931,0.4622123812121286
gp_ehvi,29,49,0.3116825290810931,0.4622123812121286
gp_ehvi,29,50,0.3116825290810931,0.4622123812121286
gp_ehvi,29,51,0.3116825290810931,0.4645542719059298
gp_ehvi,29,52,0.3116825290810931,0.4645542719059298
gp_ehvi,29,53,0.3116825290810931,0.46525623015692497
gp_ehvi,29,54,0.3116825290810931,0.4849455594621489
gp_ehvi,29,55,0.3116825290810931,0.4873940640093721
gp_ehvi,29,56,0.3116825290810931,0.4873940640093721
gp_ehvi,29,57,0.3116825290810931,0.4873940640093721
gp_ehvi,29,58,0.3116825290810931,0.48929162630718487
gp_ehvi,29,59,0.3591703782490195,0.49559154641305436
gp_ehvi,29,60,0.3591703782490195,0.4978275432639502
gp_ehvi,29,61,0.3591703782490195,0.4978275432639502
gp_ehvi,29,62,0.3591703782490195,0.4978275432639502
gp_ehvi,29,63,0.3591703782490195,0.498062032737227
gp_ehvi,29,64,0.3591703782490195,0.4991249933060322
gp_ehvi,29,65,0.3591703782490195,0.4991249933060322
gp_ehvi,29,66,0.3591703782490195,0.4991249933060322
gp_ehvi,29,67,0.3591703782490195,0.5001919782350558
gp_ehvi,29,68,0.3591703782490195,0.5007000660103519
gp_ehvi,29,69,0.3591703782490195,0.5202439295503849
gp_ehvi,29,70,0.3591703782490195,0.5202439295503849
gp_ehvi,30,45,0.3116825290810931,0.4622123812121286
gp_ehvi,30,46,0.3116825290810931,0.4622123812121286
gp_ehvi,30,47,0.3116825290810931,0.4622123812121286
gp_ehvi,30,48,0.3116825290810931,0.4622123812121286
gp_ehvi,30,49,0.3116825290810931,0.4622123812121286
gp_ehvi,30,50,0.3116825290810931,0.4645542719059298
gp_ehvi,30,51,0.3116825290810931,0.4645542719059298
gp_ehvi,30,52,0.3116825290810931,0.4645542719059298
gp_ehvi,30,53,0.3116825290810931,0.46525623015692497
gp_ehvi,30,54,0.3116825290810931,0.4849455594621489
gp_ehvi,30,55,0.3116825290810931,0.4873940640093721
gp_ehvi,30,56,0.3116825290810931,0.4873940640093721
gp_ehvi,30,57,0.3116825290810931,0.4873940640093721
gp_ehvi,30,58,0.3116825290810931,0.48963006086026784
gp_ehvi,30,59,0.3591703782490195,0.49613702304049223
gp_ehvi,30,60,0.3591703782490195,0.4978275432639502
gp_ehvi,30,61,0.3591703782490195,0.4978275432639502
gp_ehvi,30,62,0.3591703782490195,0.4978275432639502
gp_ehvi,30,63,0.3591703782490195,0.49889452819297375
gp_ehvi,30,64,0.3591703782490195,0.49940261596826996
gp_ehvi,30,65,0.3591703782490195,0.5004655765370751
gp_ehvi,30,66,0.3591703782490195,0.5004655765370751
gp_ehvi,30,67,0.3591703782490195,0.5007000660103519
gp_ehvi,30,68,0.3591703782490195,0.5007000660103519
gp_ehvi,30,69,0.3591703782490195,0.5202439295503849
gp_ehvi,30,70,0.3591703782490195,0.5202439295503849
gp_ehvi,31,45,0.3116825290810931,0.4622123812121286
gp_ehvi,31,46,0.3116825290810931,0.4622123812121286
gp_ehvi,31,47,0.3116825290810931,0.4622123812121286
gp_ehvi,31,48,0.3116825290810931,0.4622123812121286
gp_ehvi,31,49,0.3116825290810931,0.4645542719059298
gp_ehvi,31,50,0.3116825290810931,0.4645542719059298
gp_ehvi,31,51,0.3116825290810931,0.4645542719059298
gp_ehvi,31,52,0.3116825290810931,0.4645542719059298
gp_ehvi,31,53,0.3116825290810931,0.4645542719059298
gp_ehvi,31,54,0.3116825290810931,0.4645542719059298
gp_ehvi,31,55,0.3116825290810931,0.46525623015692497
gp_ehvi,31,56,0.3116825290810931,0.469499654372232
gp_ehvi,31,57,0.3116825290810931,0.4873940640093721
gp_ehvi,31,58,0.3116825290810931,0.4873940640093721
gp_ehvi,31,59,0.3116825290810931,0.4873940640093721
gp_ehvi,31,60,0.3591703782490195,0.4939010261895965
gp_ehvi,31,61,0.3591703782490195,0.494755917725188
gp_ehvi,31,62,0.3591703782490195,0.4969919145760838
gp_ehvi,31,63,0.3591703782490195,0.4980588995051074
gp_ehvi,31,64,0.3591703782490195,0.49912186007391257
gp_ehvi,31,65,0.3591703782490195,0.49912186007391257
gp_ehvi,31,66,0.3591703782490195,0.4993836843200743
gp_ehvi,31,67,0.3591703782490195,0.4993836843200743
gp_ehvi,31,68,0.3591703782490195,0.5007000660103519
gp_ehvi,31,69,0.3591703782490195,0.5202439295503849
gp_ehvi,31,70,0.3591703782490195,0.5202439295503849
gp_ehvi,32,45,0.3116825290810931,0.4622123812121286
gp_ehvi,32,46,0.3116825290810931,0.4622123812121286
gp_ehvi,32,47,0.3116825290810931,0.4622123812121286
gp_ehvi,32,48,0.3116825290810931,0.4645542719059298
gp_ehvi,32,49,0.3116825290810931,0.4645542719059298
gp_ehvi,32,50,0.3116825290810931,0.4645542719059298
gp_ehvi,32,51,0.3116825290810931,0.4645542719059298
gp_ehvi,32,52,0.3116825290810931,0.46525623015692497
gp_ehvi,32,53,0.3116825290810931,0.469499654372232
gp_ehvi,32,54,0.3116825290810931,0.4873940640093721
gp_ehvi,32,55,0.3116825290810931,0.4873940640093721
gp_ehvi,32,56,0.3116825290810931,0.4873940640093721
gp_ehvi,32,57,0.3116825290810931,0.48963006086026784
gp_ehvi,32,58,0.3116825290810931,0.4904849523958594
gp_ehvi,32,59,0.3116825290810931,0.4904849523958594
gp_ehvi,32,60,0.3116825290810931,0.4904849523958594
gp_ehvi,32,61,0.3116825290810931,0.4904849523958594
gp_ehvi,32,62,0.3530094910095711,0.4960632345525265
gp_ehvi,32,63,0.3530094910095711,0.4971261951213317
gp_ehvi,32,64,0.3530094910095711,0.4971261951213317
gp_ehvi,32,65,0.3591703782490195,0.4983166993910507
gp_ehvi,32,66,0.3591703782490195,0.49963308108132837
gp_ehvi,32,67,0.3591703782490195,0.49963308108132837
gp_ehvi,32,68,0.3591703782490195,0.5007000660103519
gp_ehvi,32,69,0.3591703782490195,0.5202439295503849
gp_ehvi,32,70,0.3591703782490195,0.5202439295503849
gp_ehvi,33,45,0.3116825290810931,0.4622123812121286
gp_ehvi,33,46,0.3116825290810931,0.4622123812121286
gp_ehvi,33,47,0.3116825290810931,0.4622123812121286
gp_ehvi,33,48,0.3116825290810931,0.4622123812121286
gp_ehvi,33,49,0.3116825290810931,0.4622123812121286
gp_ehvi,33,50,0.3116825290810931,0.46221309674153327
gp_ehvi,33,51,0.3116825290810931,0.46306385403644035
gp_ehvi,33,52,0.3116825290810931,0.46525623015692497
gp_ehvi,33,53,0.3116825290810931,0.4849455594621489
gp_ehvi,33,54,0.3116825290810931,0.4873940640093721
gp_ehvi,33,55,0.3116825290810931,0.4873940640093721
gp_ehvi,33,56,0.3116825290810931,0.4873940640093721
gp_ehvi,33,57,0.3591703782490195,0.4939010261895965
gp_ehvi,33,58,0.3591703782490195,0.49559154641305436
gp_ehvi,33,59,0.3591703782490195,0.49559154641305436
gp_ehvi,33,60,0.3591703782490195,0.4978275432639502
gp_ehvi,33,61,0.3591703782490195,0.4978275432639502
gp_ehvi,33,62,0.3591703782490195,0.49889452819297375
gp_ehvi,33,63,0.3591703782490195,0.4999574887617789
gp_ehvi,33,64,0.3591703782490195,0.5004655765370751
gp_ehvi,33,65,0.3591703782490195,0.5004655765370751
gp_ehvi,33,66,0.3591703782490195,0.5007000660103519
gp_ehvi,33,67,0.3591703782490195,0.5007000660103519
gp_ehvi,33,68,0.3591703782490195,0.5007000660103519
gp_ehvi,33,69,0.3591703782490195,0.5202439295503849
gp_ehvi,33,70,0.3591703782490195,0.5202439295503849
gp_ehvi,34,45,0.3116825290810931,0.4622123812121286
gp_ehvi,34,46,0.3116825290810931,0.4622123812121286
gp_ehvi,34,47,0.3116825290810931,0.4622123812121286
gp_ehvi,34,48,0.3116825290810931,0.4622123812121286
gp_ehvi,34,49,0.3116825290810931,0.46306385403644035
gp_ehvi,34,50,0.3116825290810931,0.46306385403644035
gp_ehvi,34,51,0.3116825290810931,0.46306385403644035
gp_ehvi,34,52,0.3116825290810931,0.46525623015692497
gp_ehvi,34,53,0.3116825290810931,0.4849455594621489
gp_ehvi,34,54,0.3116825290810931,0.4849455594621489
gp_ehvi,34,55,0.3116825290810931,0.4873940640093721
gp_ehvi,34,56,0.3116825290810931,0.4873940640093721
gp_ehvi,34,57,0.3116825290810931,0.4873940640093721
gp_ehvi,34,58,0.3591703782490195,0.4939010261895965
gp_ehvi,34,59,0.3591703782490195,0.49613702304049223
gp_ehvi,34,60,0.3591703782490195,0.4978275432639502
gp_ehvi,34,61,0.3591703782490195,0.4978275432639502
gp_ehvi,34,62,0.3591703782490195,0.4978275432639502
gp_ehvi,34,63,0.3591703782490195,0.49889452819297375
gp_ehvi,34,64,0.3591703782490195,0.4999574887617789
gp_ehvi,34,65,0.3591703782490195,0.5004655765370751
gp_ehvi,34,66,0.3591703782490195,0.5004655765370751
gp_ehvi,34,67,0.3591703782490195,0.5007000660103519
gp_ehvi,34,68,0.3591703782490195,0.5007000660103519
gp_ehvi,34,69,0.3591703782490195,0.5202439295503849
gp_ehvi,34,70,0.3591703782490195,0.5202439295503849
gp_ehvi,35,45,0.3116825290810931,0.4622123812121286
gp_ehvi,35,46,0.3116825290810931,0.4622123812121286
gp_ehvi,35,47,0.3116825290810931,0.4622123812121286
gp_ehvi,35,48,0.3116825290810931,0.4622123812121286
gp_ehvi,35,49,0.3116825290810931,0.4622123812121286
gp_ehvi,35,50,0.3116825290810931,0.46221309674153327
gp_ehvi,35,51,0.3116825290810931,0.4645542719059298
gp_ehvi,35,52,0.3116825290810931,0.46525623015692497
gp_ehvi,35,53,0.3116825290810931,0.4849455594621489
gp_ehvi,35,54,0.3116825290810931,0.4873940640093721
gp_ehvi,35,55,0.3116825290810931,0.4873940640093721
gp_ehvi,35,56,0.3116825290810931,0.4873940640093721
gp_ehvi,35,57,0.3591703782490195,0.4939010261895965
gp_ehvi,35,58,0.3591703782490195,0.4939010261895965
gp_ehvi,35,59,0.3591703782490195,0.494755917725188
gp_ehvi,35,60,0.3591703782490195,0.4969919145760838
gp_ehvi,35,61,0.3591703782490195,0.4969919145760838
gp_ehvi,35,62,0.3591703782490195,0.4969919145760838
gp_ehvi,35,63,0.3591703782490195,0.498054875144889
gp_ehvi,35,64,0.3591703782490195,0.4983166993910507
gp_ehvi,35,65,0.3591703782490195,0.4983166993910507
gp_ehvi,35,66,0.3591703782490195,0.4983166993910507
gp_ehvi,35,67,0.3591703782490195,0.49963308108132837
gp_ehvi,35,68,0.3591703782490195,0.5007000660103519
gp_ehvi,35,69,0.3591703782490195,0.5202439295503849
gp_ehvi,35,70,0.3591703782490195,0.5202439295503849
gp_ehvi,36,45,0.3116825290810931,0.4622123812121286
gp_ehvi,36,46,0.3116825290810931,0.4622123812121286
gp_ehvi,36,47,0.3116825290810931,0.4622123812121286
gp_ehvi,36,48,0.3116825290810931,0.4622123812121286
gp_ehvi,36,49,0.3116825290810931,0.46306385403644035
gp_ehvi,36,50,0.3116825290810931,0.4639904024625645
gp_ehvi,36,51,0.3116825290810931,0.4639904024625645
gp_ehvi,36,52,0.3116825290810931,0.4639904024625645
gp_ehvi,36,53,0.3116825290810931,0.4639904024625645
gp_ehvi,36,54,0.3116825290810931,0.4639904024625645
gp_ehvi,36,55,0.3116825290810931,0.46525623015692497
gp_ehvi,36,56,0.3116825290810931,0.4849455594621489
gp_ehvi,36,57,0.3116825290810931,0.4873940640093721
gp_ehvi,36,58,0.3116825290810931,0.4873940640093721
gp_ehvi,36,59,0.3116825290810931,0.4873940640093721
gp_ehvi,36,60,0.3591703782490195,0.4939010261895965
gp_ehvi,36,61,0.3591703782490195,0.494755917725188
gp_ehvi,36,62,0.3591703782490195,0.4969919145760838
gp_ehvi,36,63,0.3591703782490195,0.4980588995051074
gp_ehvi,36,64,0.3591703782490195,0.49912186007391257
gp_ehvi,36,65,0.3591703782490195,0.5004655765370751
gp_ehvi,36,66,0.3591703782490195,0.5004655765370751
gp_ehvi,36,67,0.3591703782490195,0.5007000660103519
gp_ehvi,36,68,0.3591703782490195,0.5007000660103519
gp_ehvi,36,69,0.3591703782490195,0.5202439295503849
gp_ehvi,36,70,0.3591703782490195,0.5202439295503849
gp_ehvi,37,45,0.3116825290810931,0.4622123812121286
gp_ehvi,37,46,0.3116825290810931,0.4622123812121286
gp_ehvi,37,47,0.3116825290810931,0.4622123812121286
gp_ehvi,37,48,0.3116825290810931,0.4622123812121286
gp_ehvi,37,49,0.3116825290810931,0.4622123812121286
gp_ehvi,37,50,0.3116825290810931,0.4622123812121286
gp_ehvi,37,51,0.3116825290810931,0.4645542719059298
gp_ehvi,37,52,0.3116825290810931,0.4645542719059298
gp_ehvi,37,53,0.3116825290810931,0.46525623015692497
gp_ehvi,37,54,0.3116825290810931,0.4849455594621489
gp_ehvi,37,55,0.3116825290810931,0.4873940640093721
gp_ehvi,37,56,0.3116825290810931,0.4873940640093721
gp_ehvi,37,57,0.3116825290810931,0.4873940640093721
gp_ehvi,37,58,0.3116825290810931,0.48963006086026784
gp_ehvi,37,59,0.3116825290810931,0.49152762315808063
gp_ehvi,37,60,0.3591703782490195,0.4978275432639502
gp_ehvi,37,61,0.3591703782490195,0.4983356310392463
gp_ehvi,37,62,0.3591703782490195,0.4983356310392463
gp_ehvi,37,63,0.3591703782490195,0.4983356310392463
gp_ehvi,37,64,0.3591703782490195,0.49939859160805156
gp_ehvi,37,65,0.3591703782490195,0.49963308108132837
gp_ehvi,37,66,0.3591703782490195,0.49963308108132837
gp_ehvi,37,67,0.3591703782490195,0.49963308108132837
gp_ehvi,37,68,0.3591703782490195,0.5007000660103519
gp_ehvi,37,69,0.3591703782490195,0.5202439295503849
gp_ehvi,37,70,0.3591703782490195,0.5202439295503849
gp_ehvi,38,45,0.3116825290810931,0.4622123812121286
gp_ehvi,38,46,0.3116825290810931,0.4622123812121286
gp_ehvi,38,47,0.3116825290810931,0.4622123812121286
gp_ehvi,38,48,0.3116825290810931,0.46221309674153327
gp_ehvi,38,49,0.3116825290810931,0.4645542719059298
gp_ehvi,38,50,0.3116825290810931,0.4645542719059298
gp_ehvi,38,51,0.3116825290810931,0.4645542719059298
gp_ehvi,38,52,0.3116825290810931,0.4645542719059298
gp_ehvi,38,53,0.3116825290810931,0.4687976961212369
gp_ehvi,38,54,0.3116825290810931,0.469499654372232
gp_ehvi,38,55,0.3116825290810931,0.4873940640093721
gp_ehvi,38,56,0.3116825290810931,0.4873940640093721
gp_ehvi,38,57,0.3116825290810931,0.4873940640093721
gp_ehvi,38,58,0.3116825290810931,0.48929162630718487
gp_ehvi,38,59,0.3116825290810931,0.49152762315808063
gp_ehvi,38,60,0.3591703782490195,0.4978275432639502
gp_ehvi,38,61,0.3591703782490195,0.4978275432639502
gp_ehvi,38,62,0.3591703782490195,0.4978275432639502
gp_ehvi,38,63,0.3591703782490195,0.4978275432639502
gp_ehvi,38,64,0.3591703782490195,0.49889050383275535
gp_ehvi,38,65,0.3591703782490195,0.4991249933060322
gp_ehvi,38,66,0.3591703782490195,0.4991249933060322
gp_ehvi,38,67,0.3591703782490195,0.5001919782350558
gp_ehvi,38,68,0.3591703782490195,0.5007000660103519
gp_ehvi,38,69,0.3591703782490195,0.5202439295503849
gp_ehvi,38,70,0.3591703782490195,0.5202439295503849
gp_ehvi,39,45,0.3116825290810931,0.4622123812121286
gp_ehvi,39,46,0.3116825290810931,0.4622123812121286
gp_ehvi,39,47,0.3116825290810931,0.4622123812121286
gp_ehvi,39,48,0.3116825290810931,0.4622123812121286
gp_ehvi,39,49,0.3116825290810931,0.4622123812121286
gp_ehvi,39,50,0.3116825290810931,0.4645542719059298
gp_ehvi,39,51,0.3116825290810931,0.4645542719059298
gp_ehvi,39,52,0.3116825290810931,0.4645542719059298
gp_ehvi,39,53,0.3116825290810931,0.46525623015692497
gp_ehvi,39,54,0.3116825290810931,0.469499654372232
gp_ehvi,39,55,0.3116825290810931,0.4873940640093721
gp_ehvi,39,56,0.3116825290810931,0.4873940640093721
gp_ehvi,39,57,0.3116825290810931,0.4873940640093721
gp_ehvi,39,58,0.3116825290810931,0.4882489555449636
gp_ehvi,39,59,0.3116825290810931,0.4904849523958594
gp_ehvi,39,60,0.3116825290810931,0.4904849523958594
gp_ehvi,39,61,0.3530094910095711,0.4960632345525265
gp_ehvi,39,62,0.3530094910095711,0.4971261951213317
gp_ehvi,39,63,0.3530094910095711,0.4971261951213317
gp_ehvi,39,64,0.3530094910095711,0.4971261951213317
gp_ehvi,39,65,0.3591703782490195,0.4983166993910507
gp_ehvi,39,66,0.3591703782490195,0.49963308108132837
gp_ehvi,39,67,0.3591703782490195,0.49963308108132837
gp_ehvi,39,68,0.3591703782490195,0.5007000660103519
gp_ehvi,39,69,0.3591703782490195,0.5202439295503849
gp_ehvi,39,70,0.3591703782490195,0.5202439295503849
gp_ehvi,40,45,0.3116825290810931,0.4622123812121286
gp_ehvi,40,46,0.3116825290810931,0.4622123812121286
gp_ehvi,40,47,0.3116825290810931,0.4622123812121286
gp_ehvi,40,48,0.3116825290810931,0.4622123812121286
gp_ehvi,40,49,0.3116825290810931,0.4645542719059298
gp_ehvi,40,50,0.3116825290810931,0.4645542719059298
gp_ehvi,40,51,0.3116825290810931,0.4645542719059298
gp_ehvi,40,52,0.3116825290810931,0.4645542719059298
gp_ehvi,40,53,0.3116825290810931,0.4645542719059298
gp_ehvi,40,54,0.3116825290810931,0.4645542719059298
gp_ehvi,40,55,0.3116825290810931,0.46525623015692497
gp_ehvi,40,56,0.3116825290810931,0.469499654372232
gp_ehvi,40,57,0.3116825290810931,0.4873940640093721
gp_ehvi,40,58,0.3116825290810931,0.4873940640093721
gp_ehvi,40,59,0.3116825290810931,0.4873940640093721
gp_ehvi,40,60,0.3591703782490195,0.4939010261895965
gp_ehvi,40,61,0.3591703782490195,0.49559154641305436
gp_ehvi,40,62,0.3591703782490195,0.4978275432639502
gp_ehvi,40,63,0.3591703782490195,0.49889452819297375
gp_ehvi,40,64,0.3591703782490195,0.4999574887617789
gp_ehvi,40,65,0.3591703782490195,0.4999574887617789
gp_ehvi,40,66,0.3591703782490195,0.5001919782350558
gp_ehvi,40,67,0.3591703782490195,0.5001919782350558
gp_ehvi,40,68,0.3591703782490195,0.5007000660103519
gp_ehvi,40,69,0.3591703782490195,0.5202439295503849
gp_ehvi,40,70,0.3591703782490195,0.5202439295503849
gp_ehvi,41,45,0.3116825290810931,0.4622123812121286
gp_ehvi,41,46,0.3116825290810931,0.4622123812121286
gp_ehvi,41,47,0.3116825290810931,0.4622123812121286
gp_ehvi,41,48,0.3116825290810931,0.4622123812121286
gp_ehvi,41,49,0.3116825290810931,0.46306385403644035
gp_ehvi,41,50,0.3116825290810931,0.48275318334166434
gp_ehvi,41,51,0.3116825290810931,0.48520168788888746
gp_ehvi,41,52,0.3116825290810931,0.48520168788888746
gp_ehvi,41,53,0.3116825290810931,0.48520168788888746
gp_ehvi,41,54,0.3116825290810931,0.4861282363150116
gp_ehvi,41,55,0.3116825290810931,0.4861282363150116
gp_ehvi,41,56,0.3116825290810931,0.4861282363150116
gp_ehvi,41,57,0.3116825290810931,0.4873940640093721
gp_ehvi,41,58,0.3116825290810931,0.4873940640093721
gp_ehvi,41,59,0.3116825290810931,0.4884610489383957
gp_ehvi,41,60,0.3116825290810931,0.4884610489383957
gp_ehvi,41,61,0.3116825290810931,0.49069704578929146
gp_ehvi,41,62,0.3591703782490195,0.4972040079695159
gp_ehvi,41,63,0.3591703782490195,0.49889452819297375
gp_ehvi,41,64,0.3591703782490195,0.49889452819297375
gp_ehvi,41,65,0.3591703782490195,0.49940261596826996
gp_ehvi,41,66,0.3591703782490195,0.5004655765370751
gp_ehvi,41,67,0.3591703782490195,0.5007000660103519
gp_ehvi,41,68,0.3591703782490195,0.5007000660103519
gp_ehvi,41,69,0.3591703782490195,0.5007000660103519
gp_ehvi,41,70,0.3591703782490195,0.5202439295503849
gp_ehvi,42,45,0.3116825290810931,0.4622123812121286
gp_ehvi,42,46,0.3116825290810931,0.4622123812121286
gp_ehvi,42,47,0.3116825290810931,0.4622123812121286
gp_ehvi,42,48,0.3116825290810931,0.4622123812121286
gp_ehvi,42,49,0.3116825290810931,0.46306385403644035
gp_ehvi,42,50,0.3116825290810931,0.46306385403644035
gp_ehvi,42,51,0.3116825290810931,0.46306385403644035
gp_ehvi,42,52,0.3116825290810931,0.46525623015692497
gp_ehvi,42,53,0.3116825290810931,0.46525623015692497
gp_ehvi,42,54,0.3116825290810931,0.4849455594621489
gp_ehvi,42,55,0.3116825290810931,0.4873940640093721
gp_ehvi,42,56,0.3116825290810931,0.4873940640093721
gp_ehvi,42,57,0.3116825290810931,0.4873940640093721
gp_ehvi,42,58,0.3591703782490195,0.4939010261895965
gp_ehvi,42,59,0.3591703782490195,0.49613702304049223
gp_ehvi,42,60,0.3591703782490195,0.4978275432639502
gp_ehvi,42,61,0.3591703782490195,0.4978275432639502
gp_ehvi,42,62,0.3591703782490195,0.4983356310392463
gp_ehvi,42,63,0.3591703782490195,0.49939859160805156
gp_ehvi,42,64,0.3591703782490195,0.49939859160805156
gp_ehvi,42,65,0.3591703782490195,0.49963308108132837
gp_ehvi,42,66,0.3591703782490195,0.49963308108132837
gp_ehvi,42,67,0.3591703782490195,0.49963308108132837
gp_ehvi,42,68,0.3591703782490195,0.5007000660103519
gp_ehvi,42,69,0.3591703782490195,0.5007000660103519
gp_ehvi,42,70,0.3591703782490195,0.5202439295503849
gp_ehvi,43,45,0.3116825290810931,0.4622123812121286
gp_ehvi,43,46,0.3116825290810931,0.4622123812121286
gp_ehvi,43,47,0.3116825290810931,0.4622123812121286
gp_ehvi,43,48,0.3116825290810931,0.4622123812121286
gp_ehvi,43,49,0.3116825290810931,0.46306385403644035
gp_ehvi,43,50,0.3116825290810931,0.48275318334166434
gp_ehvi,43,51,0.3116825290810931,0.48520168788888746
gp_ehvi,43,52,0.3116825290810931,0.48520168788888746
gp_ehvi,43,53,0.3116825290810931,0.48520168788888746
gp_ehvi,43,54,0.3116825290810931,0.48520168788888746
gp_ehvi,43,55,0.3116825290810931,0.4873940640093721
gp_ehvi,43,56,0.3116825290810931,0.4873940640093721
gp_ehvi,43,57,0.3116825290810931,0.48963006086026784
gp_ehvi,43,58,0.3116825290810931,0.49152762315808063
gp_ehvi,43,59,0.3591703782490195,0.4978275432639502
gp_ehvi,43,60,0.3591703782490195,0.4978275432639502
gp_ehvi,43,61,0.3591703782490195,0.4978275432639502
gp_ehvi,43,62,0.3591703782490195,0.4978275432639502
gp_ehvi,43,63,0.3591703782490195,0.49889452819297375
gp_ehvi,43,64,0.3591703782490195,0.49889452819297375
gp_ehvi,43,65,0.3591703782490195,0.4999574887617789
gp_ehvi,43,66,0.3591703782490195,0.5001919782350558
gp_ehvi,43,67,0.3591703782490195,0.5001919782350558
gp_ehvi,43,68,0.3591703782490195,0.5007000660103519
gp_ehvi,43,69,0.3591703782490195,0.5202439295503849
gp_ehvi,43,70,0.3591703782490195,0.5202439295503849
gp_ehvi,44,45,0.3116825290810931,0.4622123812121286
gp_ehvi,44,46,0.3116825290810931,0.4622123812121286
gp_ehvi,44,47,0.3116825290810931,0.4622123812121286
gp_ehvi,44,48,0.3116825290810931,0.4645542719059298
gp_ehvi,44,49,0.3116825290810931,0.4645542719059298
gp_ehvi,44,50,0.3116825290810931,0.4645542719059298
gp_ehvi,44,51,0.3116825290810931,0.4645542719059298
gp_ehvi,44,52,0.3116825290810931,0.4645542719059298
gp_ehvi,44,53,0.3116825290810931,0.46525623015692497
gp_ehvi,44,54,0.3116825290810931,0.469499654372232
gp_ehvi,44,55,0.3116825290810931,0.4873940640093721
gp_ehvi,44,56,0.3116825290810931,0.4873940640093721
gp_ehvi,44,57,0.3116825290810931,0.4873940640093721
gp_ehvi,44,58,0.3591703782490195,0.4939010261895965
gp_ehvi,44,59,0.3591703782490195,0.49613702304049223
gp_ehvi,44,60,0.3591703782490195,0.4978275432639502
gp_ehvi,44,61,0.3591703782490195,0.4978275432639502
gp_ehvi,44,62,0.3591703782490195,0.4978275432639502
gp_ehvi,44,63,0.3591703782490195,0.4978275432639502
gp_ehvi,44,64,0.3591703782490195,0.49889050383275535
gp_ehvi,44,65,0.3591703782490195,0.4991249933060322
gp_ehvi,44,66,0.3591703782490195,0.4991249933060322
gp_ehvi,44,67,0.3591703782490195,0.5001919782350558
gp_ehvi,44,68,0.3591703782490195,0.5007000660103519
gp_ehvi,44,69,0.3591703782490195,0.5202439295503849
gp_ehvi,44,70,0.3591703782490195,0.5202439295503849
gp_ehvi,45,45,0.3116825290810931,0.4622123812121286
gp_ehvi,45,46,0.3116825290810931,0.4622123812121286
gp_ehvi,45,47,0.3116825290810931,0.4622123812121286
gp_ehvi,45,48,0.3116825290810931,0.4645542719059298
gp_ehvi,45,49,0.3116825290810931,0.4645542719059298
gp_ehvi,45,50,0.3116825290810931,0.4645542719059298
gp_ehvi,45,51,0.3116825290810931,0.4645542719059298
gp_ehvi,45,52,0.3116825290810931,0.4645542719059298
gp_ehvi,45,53,0.3116825290810931,0.46525623015692497
gp_ehvi,45,54,0.3116825290810931,0.469499654372232
gp_ehvi,45,55,0.3116825290810931,0.4873940640093721
gp_ehvi,45,56,0.3116825290810931,0.4873940640093721
gp_ehvi,45,57,0.3116825290810931,0.4873940640093721
gp_ehvi,45,58,0.3116825290810931,0.48963006086026784
gp_ehvi,45,59,0.3116825290810931,0.4904849523958594
gp_ehvi,45,60,0.3116825290810931,0.4904849523958594
gp_ehvi,45,61,0.3116825290810931,0.4904849523958594
gp_ehvi,45,62,0.3116825290810931,0.4920357109333768
gp_ehvi,45,63,0.3530094910095711,0.49737961624280413
gp_ehvi,45,64,0.3530094910095711,0.49844257681160936
gp_ehvi,45,65,0.3591703782490195,0.49963308108132837
gp_ehvi,45,66,0.3591703782490195,0.49963308108132837
gp_ehvi,45,67,0.3591703782490195,0.49963308108132837
gp_ehvi,45,68,0.3591703782490195,0.5007000660103519
gp_ehvi,45,69,0.3591703782490195,0.5007000660103519
gp_ehvi,45,70,0.3591703782490195,0.5202439295503849
gp_ehvi,46,45,0.3116825290810931,0.4622123812121286
gp_ehvi,46,46,0.3116825290810931,0.4622123812121286
gp_ehvi,46,47,0.3116825290810931,0.4622123812121286
gp_ehvi,46,48,0.3116825290810931,0.4622123812121286
gp_ehvi,46,49,0.3116825290810931,0.4645542719059298
gp_ehvi,46,50,0.3116825290810931,0.4645542719059298
gp_ehvi,46,51,0.3116825290810931,0.4645542719059298
gp_ehvi,46,52,0.3116825290810931,0.4645542719059298
gp_ehvi,46,53,0.3116825290810931,0.46525623015692497
gp_ehvi,46,54,0.3116825290810931,0.469499654372232
gp_ehvi,46,55,0.3116825290810931,0.4873940640093721
gp_ehvi,46,56,0.3116825290810931,0.4873940640093721
gp_ehvi,46,57,0.3116825290810931,0.4873940640093721
gp_ehvi,46,58,0.3116825290810931,0.48963006086026784
gp_ehvi,46,59,0.3116825290810931,0.49152762315808063
gp_ehvi,46,60,0.3591703782490195,0.4978275432639502
gp_ehvi,46,61,0.3591703782490195,0.4978275432639502
gp_ehvi,46,62,0.3591703782490195,0.4978275432639502
gp_ehvi,46,63,0.3591703782490195,0.4978275432639502
gp_ehvi,46,64,0.3591703782490195,0.49889452819297375
gp_ehvi,46,65,0.3591703782490195,0.4999574887617789
gp_ehvi,46,66,0.3591703782490195,0.5004655765370751
gp_ehvi,46,67,0.3591703782490195,0.5007000660103519
gp_ehvi,46,68,0.3591703782490195,0.5007000660103519
gp_ehvi,46,69,0.3591703782490195,0.5202439295503849
gp_ehvi,46,70,0.3591703782490195,0.5202439295503849
gp_ehvi,47,45,0.3116825290810931,0.4622123812121286
gp_ehvi,47,46,0.3116825290810931,0.4622123812121286
gp_ehvi,47,47,0.3116825290810931,0.4622123812121286
gp_ehvi,47,48,0.3116825290810931,0.46221309674153327
gp_ehvi,47,49,0.3116825290810931,0.46221309674153327
gp_ehvi,47,50,0.3116825290810931,0.4645542719059298
gp_ehvi,47,51,0.3116825290810931,0.4645542719059298
gp_ehvi,47,52,0.3116825290810931,0.46525623015692497
gp_ehvi,47,53,0.3116825290810931,0.4849455594621489
gp_ehvi,47,54,0.3116825290810931,0.4873940640093721
gp_ehvi,47,55,0.3116825290810931,0.4873940640093721
gp_ehvi,47,56,0.3116825290810931,0.4873940640093721
gp_ehvi,47,57,0.3116825290810931,0.4873940640093721
gp_ehvi,47,58,0.3116825290810931,0.48929162630718487
gp_ehvi,47,59,0.3591703782490195,0.49559154641305436
gp_ehvi,47,60,0.3591703782490195,0.4978275432639502
gp_ehvi,47,61,0.3591703782490195,0.4978275432639502
gp_ehvi,47,62,0.3591703782490195,0.4978275432639502
gp_ehvi,47,63,0.3591703782490195,0.4978275432639502
gp_ehvi,47,64,0.3591703782490195,0.49889452819297375
gp_ehvi,47,65,0.3591703782490195,0.4999574887617789
gp_ehvi,47,66,0.3591703782490195,0.5004655765370751
gp_ehvi,47,67,0.3591703782490195,0.5007000660103519
gp_ehvi,47,68,0.3591703782490195,0.5007000660103519
gp_ehvi,47,69,0.3591703782490195,0.5202439295503849
gp_ehvi,47,70,0.3591703782490195,0.5202439295503849
gp_ehvi,48,45,0.3116825290810931,0.4622123812121286
gp_ehvi,48,46,0.3116825290810931,0.4622123812121286
gp_ehvi,48,47,0.3116825290810931,0.4622123812121286
gp_ehvi,48,48,0.3116825290810931,0.4645542719059298
gp_ehvi,48,49,0.3116825290810931,0.4645542719059298
gp_ehvi,48,50,0.3116825290810931,0.4645542719059298
gp_ehvi,48,51,0.3116825290810931,0.4645542719059298
gp_ehvi,48,52,0.3116825290810931,0.4645542719059298
gp_ehvi,48,53,0.3116825290810931,0.46525623015692497
gp_ehvi,48,54,0.3116825290810931,0.46525623015692497
gp_ehvi,48,55,0.3116825290810931,0.4849455594621489
gp_ehvi,48,56,0.3116825290810931,0.4873940640093721
gp_ehvi,48,57,0.3116825290810931,0.4873940640093721
gp_ehvi,48,58,0.3116825290810931,0.48963006086026784
gp_ehvi,48,59,0.3116825290810931,0.4904849523958594
gp_ehvi,48,60,0.3116825290810931,0.4904849523958594
gp_ehvi,48,61,0.3530094910095711,0.4960632345525265
gp_ehvi,48,62,0.3530094910095711,0.4971261951213317
gp_ehvi,48,63,0.3530094910095711,0.4971261951213317
gp_ehvi,48,64,0.3591703782490195,0.4983166993910507
gp_ehvi,48,65,0.3591703782490195,0.4983166993910507
gp_ehvi,48,66,0.3591703782490195,0.49963308108132837
gp_ehvi,48,67,0.3591703782490195,0.49963308108132837
gp_ehvi,48,68,0.3591703782490195,0.5007000660103519
gp_ehvi,48,69,0.3591703782490195,0.5007000660103519
gp_ehvi,48,70,0.3591703782490195,0.5202439295503849
gp_ehvi,49,45,0.3116825290810931,0.4622123812121286
gp_ehvi,49,46,0.3116825290810931,0.4622123812121286
gp_ehvi,49,47,0.3116825290810931,0.4622123812121286
gp_ehvi,49,48,0.3116825290810931,0.4622123812121286
gp_ehvi,49,49,0.3116825290810931,0.4622123812121286
gp_ehvi,49,50,0.3116825290810931,0.46221309674153327
gp_ehvi,49,51,0.3116825290810931,0.4645542719059298
gp_ehvi,49,52,0.3116825290810931,0.46525623015692497
gp_ehvi,49,53,0.3116825290810931,0.469499654372232
gp_ehvi,49,54,0.3116825290810931,0.4873940640093721
gp_ehvi,49,55,0.3116825290810931,0.4873940640093721
gp_ehvi,49,56,0.3116825290810931,0.4873940640093721
gp_ehvi,49,57,0.3116825290810931,0.48963006086026784
gp_ehvi,49,58,0.3116825290810931,0.49152762315808063
gp_ehvi,49,59,0.3116825290810931,0.49152762315808063
gp_ehvi,49,60,0.3591703782490195,0.4978275432639502
gp_ehvi,49,61,0.3591703782490195,0.4978275432639502
gp_ehvi,49,62,0.3591703782490195,0.498062032737227
gp_ehvi,49,63,0.3591703782490195,0.498062032737227
gp_ehvi,49,64,0.3591703782490195,0.498062032737227
gp_ehvi,49,65,0.3591703782490195,0.4991290176662506
gp_ehvi,49,66,0.3591703782490195,0.5001919782350558
gp_ehvi,49,67,0.3591703782490195,0.5001919782350558
gp_ehvi,49,68,0.3591703782490195,0.5007000660103519
gp_ehvi,49,69,0.3591703782490195,0.5202439295503849
gp_ehvi,49,70,0.3591703782490195,0.5202439295503849
gp_ratio_ucb,0,45,0.3116825290810931,0.4622123812121286
gp_ratio_ucb,0,46,0.3116825290810931,0.4622123812121286
gp_ratio_ucb,0,47,0.3116825290810931,0.4622123812121286
gp_ratio_ucb,0,48,0.3116825290810931,0.4622123812121286
gp_ratio_ucb,0,49,0.3116825290810931,0.4644483780630243
gp_ratio_ucb,0,50,0.3116825290810931,0.46530326959861584
gp_ratio_ucb,0,51,0.3116825290810931,0.46685402813613325
gp_ratio_ucb,0,52,0.3530094910095711,0.4721979334455606
gp_ratio_ucb,0,53,0.3530094910095711,0.4721979334455606
gp_ratio_ucb,0,54,0.3530094910095711,0.4721979334455606
gp_ratio_ucb,0,55,0.3530094910095711,0.4721979334455606
gp_ratio_ucb,0,56,0.3530094910095711,0.4721979334455606
gp_ratio_ucb,0,57,0.3530094910095711,0.4779736098947664
gp_ratio_ucb,0,58,0.3530094910095711,0.4794206012938558
gp_ratio_ucb,0,59,0.3530094910095711,0.4794206012938558
gp_ratio_ucb,0,60,0.3591703782490195,0.4806111055635748
gp_ratio_ucb,0,61,0.3591703782490195,0.4816668954005319
gp_ratio_ucb,0,62,0.3591703782490195,0.49764904633370755
gp_ratio_ucb,0,63,0.3591703782490195,0.49764904633370755
gp_ratio_ucb,0,64,0.3591703782490195,0.49893514719055165
gp_ratio_ucb,0,65,0.3591703782490195,0.4999981077593569
gp_ratio_ucb,0,66,0.3591703782490195,0.5007000660103519
gp_ratio_ucb,0,67,0.3591703782490195,0.5202439295503849
gp_ratio_ucb,0,68,0.3591703782490195,0.5202439295503849
gp_ratio_ucb,0,69,0.3591703782490195,0.5202439295503849
gp_ratio_ucb,0,70,0.3591703782490195,0.5202439295503849
gp_ratio_ucb,1,45,0.3116825290810931,0.4622123812121286
gp_ratio_ucb,1,46,0.3116825290810931,0.4622123812121286
gp_ratio_ucb,1,47,0.3116825290810931,0.4622123812121286
gp_ratio_ucb,1,48,0.3116825290810931,0.4622123812121286
gp_ratio_ucb,1,49,0.3116825290810931,0.4644483780630243
gp_ratio_ucb,1,50,0.3116825290810931,0.46530326959861584
gp_ratio_ucb,1,51,0.3116825290810931,0.46685402813613325
gp_ratio_ucb,1,52,0.3530094910095711,0.4721979334455606
gp_ratio_ucb,1,53,0.3530094910095711,0.4721979334455606
gp_ratio_ucb,1,54,0.3530094910095711,0.4721979334455606
gp_ratio_ucb,1,55,0.3530094910095711,0.4779736098947664
gp_ratio_ucb,1,56,0.3530094910095711,0.4779736098947664
gp_ratio_ucb,1,57,0.3530094910095711,0.4794206012938558
gp_ratio_ucb,1,58,0.3530094910095711,0.4794206012938558
gp_ratio_ucb,1,59,0.3530094910095711,0.4954027522270314
gp_ratio_ucb,1,60,0.3591703782490195,0.4965932564967504
gp_ratio_ucb,1,61,0.3591703782490195,0.49764904633370755
gp_ratio_ucb,1,62,0.3591703782490195,0.49893514719055165
gp_ratio_ucb,1,63,0.3591703782490195,0.49893514719055165
gp_ratio_ucb,1,64,0.3591703782490195,0.4999981077593569
gp_ratio_ucb,1,65,0.3591703782490195,0.4999981077593569
gp_ratio_ucb,1,66,0.3591703782490195,0.5007000660103519
gp_ratio_ucb,1,67,0.3591703782490195,0.5202439295503849
gp_ratio_ucb,1,68,0.3591703782490195,0.5202439295503849
gp_ratio_ucb,1,69,0.3591703782490195,0.5202439295503849
gp_ratio_ucb,1,70,0.3591703782490195,0.5202439295503849
gp_ratio_ucb,2,45,0.3116825290810931,0.4622123812121286
gp_ratio_ucb,2,46,0.3116825290810931,0.4622123812121286
gp_ratio_ucb,2,47,0.3116825290810931,0.4622123812121286
gp_ratio_ucb,2,48,0.3116825290810931,0.4622123812121286
gp_ratio_ucb,2,49,0.3116825290810931,0.4644483780630243
gp_ratio_ucb,2,50,0.3116825290810931,0.46530326959861584
gp_ratio_ucb,2,51,0.3116825290810931,0.46685402813613325
gp_ratio_ucb,2,52,0.3530094910095711,0.4721979334455606
gp_ratio_ucb,2,53,0.3530094910095711,0.4721979334455606
gp_ratio_ucb,2,54,0.3530094910095711,0.4721979334455606
gp_ratio_ucb,2,55,0.3530094910095711,0.4779736098947664
gp_ratio_ucb,2,56,0.3530094910095711,0.4779736098947664
gp_ratio_ucb,2,57,0.3530094910095711,0.4794206012938558
gp_ratio_ucb,2,58,0.3530094910095711,0.4794206012938558
gp_ratio_ucb,2,59,0.3530094910095711,0.4954027522270314
gp_ratio_ucb,2,60,0.3591703782490195,0.4965932564967504
gp_ratio_ucb,2,61,0.3591703782490195,0.49764904633370755
gp_ratio_ucb,2,62,0.3591703782490195,0.49893514719055165
gp_ratio_ucb,2,63,0.3591703782490195,0.49893514719055165
gp_ratio_ucb,2,64,0.3591703782490195,0.4999981077593569
gp_ratio_ucb,2,65,0.3591703782490195,0.4999981077593569
gp_ratio_ucb,2,66,0.3591703782490195,0.5007000660103519
gp_ratio_ucb,2,67,0.3591703782490195,0.5202439295503849
gp_ratio_ucb,2,68,0.3591703782490195,0.5202439295503849
gp_ratio_ucb,2,69,0.3591703782490195,0.5202439295503849
gp_ratio_ucb,2,70,0.3591703782490195,0.5202439295503849
gp_ratio_ucb,3,45,0.3116825290810931,0.4622123812121286
gp_ratio_ucb,3,46,0.3116825290810931,0.4622123812121286
gp_ratio_ucb,3,47,0.3116825290810931,0.4622123812121286
gp_ratio_ucb,3,48,0.3116825290810931,0.4622123812121286
gp_ratio_ucb,3,49,0.3116825290810931,0.4644483780630243
gp_ratio_ucb,3,50,0.3116825290810931,0.46530326959861584
gp_ratio_ucb,3,51,0.3116825290810931,0.46685402813613325
gp_ratio_ucb,3,52,0.3530094910095711,0.4721979334455606
gp_ratio_ucb,3,53,0.3530094910095711,0.4721979334455606
gp_ratio_ucb,3,54,0.3530094910095711,0.4721979334455606
gp_ratio_ucb,3,55,0.3530094910095711,0.4779736098947664
gp_ratio_ucb,3,56,0.3530094910095711,0.4779736098947664
gp_ratio_ucb,3,57,0.3530094910095711,0.4794206012938558
gp_ratio_ucb,3,58,0.3530094910095711,0.4794206012938558
gp_ratio_ucb,3,59,0.3530094910095711,0.4954027522270314
gp_ratio_ucb,3,60,0.3591703782490195,0.4965932564967504
gp_ratio_ucb,3,61,0.3591703782490195,0.49764904633370755
gp_ratio_ucb,3,62,0.3591703782490195,0.49893514719055165
gp_ratio_ucb,3,63,0.3591703782490195,0.49893514719055165
gp_ratio_ucb,3,64,0.3591703782490195,0.4999981077593569
gp_ratio_ucb,3,65,0.3591703782490195,0.4999981077593569
gp_ratio_ucb,3,66,0.3591703782490195,0.5007000660103519
gp_ratio_ucb,3,67,0.3591703782490195,0.5202439295503849
gp_ratio_ucb,3,68,0.3591703782490195,0.5202439295503849
gp_ratio_ucb,3,69,0.3591703782490195,0.5202439295503849
gp_ratio_ucb,3,70,0.3591703782490195,0.5202439295503849
gp_ratio_ucb,4,45,0.3116825290810931,0.4622123812121286
gp_ratio_ucb,4,46,0.3116825290810931,0.4622123812121286
gp_ratio_ucb,4,47,0.3116825290810931,0.4622123812121286
gp_ratio_ucb,4,48,0.3116825290810931,0.4622123812121286
gp_ratio_ucb,4,49,0.3116825290810931,0.4644483780630243
gp_ratio_ucb,4,50,0.3116825290810931,0.46530326959861584
gp_ratio_ucb,4,51,0.3116825290810931,0.46685402813613325
gp_ratio_ucb,4,52,0.3530094910095711,0.4721979334455606
gp_ratio_ucb,4,53,0.3530094910095711,0.4721979334455606
gp_ratio_ucb,4,54,0.3530094910095711,0.4721979334455606
gp_ratio_ucb,4,55,0.3530094910095711,0.4779736098947664
gp_ratio_ucb,4,56,0.3530094910095711,0.4779736098947664
gp_ratio_ucb,4,57,0.3530094910095711,0.4794206012938558
gp_ratio_ucb,4,58,0.3530094910095711,0.4794206012938558
gp_ratio_ucb,4,59,0.3530094910095711,0.4954027522270314
gp_ratio_ucb,4,60,0.3591703782490195,0.4965932564967504
gp_ratio_ucb,4,61,0.3591703782490195,0.49764904633370755
gp_ratio_ucb,4,62,0.3591703782490195,0.49893514719055165
gp_ratio_ucb,4,63,0.3591703782490195,0.49893514719055165
gp_ratio_ucb,4,64,0.3591703782490195,0.4999981077593569
gp_ratio_ucb,4,65,0.3591703782490195,0.4999981077593569
gp_ratio_ucb,4,66,0.3591703782490195,0.5007000660103519
gp_ratio_ucb,4,67,0.3591703782490195,0.5202439295503849
gp_ratio_ucb,4,68,0.3591703782490195,0.5202439295503849
gp_ratio_ucb,4,69,0.3591703782490195,0.5202439295503849
gp_ratio_ucb,4,70,0.3591703782490195,0.5202439295503849
gp_ratio_ucb,5,45,0.3116825290810931,0.4622123812121286
gp_ratio_ucb,5,46,0.3116825290810931,0.4622123812121286
gp_ratio_ucb,5,47,0.3116825290810931,0.4622123812121286
gp_ratio_ucb,5,48,0.3116825290810931,0.4622123812121286
gp_ratio_ucb,5,49,0.3116825290810931,0.4644483780630243
gp_ratio_ucb,5,50,0.3116825290810931,0.46530326959861584
gp_ratio_ucb,5,51,0.3116825290810931,0.46685402813613325
gp_ratio_ucb,5,52,0.3530094910095711,0.4721979334455606
gp_ratio_ucb,5,53,0.3530094910095711,0.4721979334455606
gp_ratio_ucb,5,54,0.3530094910095711,0.4721979334455606
gp_ratio_ucb,5,55,0.3530094910095711,0.4779736098947664
gp_ratio_ucb,5,56,0.3530094910095711,0.4779736098947664
gp_ratio_ucb,5,57,0.3530094910095711,0.4794206012938558
gp_ratio_ucb,5,58,0.3530094910095711,0.4794206012938558
gp_ratio_ucb,5,59,0.3530094910095711,0.4954027522270314
gp_ratio_ucb,5,60,0.3591703782490195,0.4965932564967504
gp_ratio_ucb,5,61,0.3591703782490195,0.49764904633370755
gp_ratio_ucb,5,62,0.3591703782490195,0.49893514719055165
gp_ratio_ucb,5,63,0.3591703782490195,0.49893514719055165
gp_ratio_ucb,5,64,0.3591703782490195,0.4999981077593569
gp_ratio_ucb,5,65,0.3591703782490195,0.4999981077593569
gp_ratio_ucb,5,66,0.3591703782490195,0.5007000660103519
gp_ratio_ucb,5,67,0.3591703782490195,0.5202439295503849
gp_ratio_ucb,5,68,0.3591703782490195,0.5202439295503849
gp_ratio_ucb,5,69,0.3591703782490195,0.5202439295503849
gp_ratio_ucb,5,70,0.3591703782490195,0.5202439295503849
gp_ratio_ucb,6,45,0.3116825290810931,0.4622123812121286
gp_ratio_ucb,6,46,0.3116825290810931,0.4622123812121286
gp_ratio_ucb,6,47,0.3116825290810931,0.4622123812121286
gp_ratio_ucb,6,48,0.3116825290810931,0.4622123812121286
gp_ratio_ucb,6,49,0.3116825290810931,0.4644483780630243
gp_ratio_ucb,6,50,0.3116825290810931,0.46530326959861584
gp_ratio_ucb,6,51,0.3116825290810931,0.46685402813613325
gp_ratio_ucb,6,52,0.3530094910095711,0.4721979334455606
gp_ratio_ucb,6,53,0.3530094910095711,0.4721979334455606
gp_ratio_ucb,6,54,0.3530094910095711,0.4721979334455606
gp_ratio_ucb,6,55,0.3530094910095711,0.4779736098947664
gp_ratio_ucb,6,56,0.3530094910095711,0.4779736098947664
gp_ratio_ucb,6,57,0.3530094910095711,0.4794206012938558
gp_ratio_ucb,6,58,0.3530094910095711,0.4794206012938558
gp_ratio_ucb,6,59,0.3530094910095711,0.4954027522270314
gp_ratio_ucb,6,60,0.3591703782490195,0.4965932564967504
gp_ratio_ucb,6,61,0.3591703782490195,0.49764904633370755
gp_ratio_ucb,6,62,0.3591703782490195,0.49893514719055165
gp_ratio_ucb,6,63,0.3591703782490195,0.49893514719055165
gp_ratio_ucb,6,64,0.3591703782490195,0.4999981077593569
gp_ratio_ucb,6,65,0.3591703782490195,0.4999981077593569
gp_ratio_ucb,6,66,0.3591703782490195,0.5007000660103519
gp_ratio_ucb,6,67,0.3591703782490195,0.5202439295503849
gp_ratio_ucb,6,68,0.3591703782490195,0.5202439295503849
gp_ratio_ucb,6,69,0.3591703782490195,0.5202439295503849
gp_ratio_ucb,6,70,0.3591703782490195,0.5202439295503849
gp_ratio_ucb,7,45,0.3116825290810931,0.4622123812121286
gp_ratio_ucb,7,46,0.3116825290810931,0.4622123812121286
gp_ratio_ucb,7,47,0.3116825290810931,0.4622123812121286
gp_ratio_ucb,7,48,0.3116825290810931,0.4622123812121286
gp_ratio_ucb,7,49,0.3116825290810931,0.4644483780630243
gp_ratio_ucb,7,50,0.3116825290810931,0.46530326959861584
gp_ratio_ucb,7,51,0.3116825290810931,0.46685402813613325
gp_ratio_ucb,7,52,0.3530094910095711,0.4721979334455606
gp_ratio_ucb,7,53,0.3530094910095711,0.4721979334455606
gp_ratio_ucb,7,54,0.3530094910095711,0.4721979334455606
gp_ratio_ucb,7,55,0.3530094910095711,0.4779736098947664
gp_ratio_ucb,7,56,0.3530094910095711,0.4779736098947664
gp_ratio_ucb,7,57,0.3530094910095711,0.4794206012938558
gp_ratio_ucb,7,58,0.3530094910095711,0.4794206012938558
gp_ratio_ucb,7,59,0.3530094910095711,0.4954027522270314
gp_ratio_ucb,7,60,0.3591703782490195,0.4965932564967504
gp_ratio_ucb,7,61,0.3591703782490195,0.49764904633370755
gp_ratio_ucb,7,62,0.3591703782490195,0.49893514719055165
gp_ratio_ucb,7,63,0.3591703782490195,0.49893514719055165
gp_ratio_ucb,7,64,0.3591703782490195,0.4999981077593569
gp_ratio_ucb,7,65,0.3591703782490195,0.4999981077593569
gp_ratio_ucb,7,66,0.3591703782490195,0.5007000660103519
gp_ratio_ucb,7,67,0.3591703782490195,0.5202439295503849
gp_ratio_ucb,7,68,0.3591703782490195,0.5202439295503849
gp_ratio_ucb,7,69,0.3591703782490195,0.5202439295503849
gp_ratio_ucb,7,70,0.3591703782490195,0.5202439295503849
gp_ratio_ucb,8,45,0.3116825290810931,0.4622123812121286
gp_ratio_ucb,8,46,0.3116825290810931,0.4622123812121286
gp_ratio_ucb,8,47,0.3116825290810931,0.4622123812121286
gp_ratio_ucb,8,48,0.3116825290810931,0.4622123812121286
gp_ratio_ucb,8,49,0.3116825290810931,0.4644483780630243
gp_ratio_ucb,8,50,0.3116825290810931,0.46530326959861584
gp_ratio_ucb,8,51,0.3116825290810931,0.46685402813613325
gp_ratio_ucb,8,52,0.3530094910095711,0.4721979334455606
gp_ratio_ucb,8,53,0.3530094910095711,0.4721979334455606
gp_ratio_ucb,8,54,0.3530094910095711,0.4721979334455606
gp_ratio_ucb,8,55,0.3530094910095711,0.4779736098947664
gp_ratio_ucb,8,56,0.3530094910095711,0.4779736098947664
gp_ratio_ucb,8,57,0.3530094910095711,0.4794206012938558
gp_ratio_ucb,8,58,0.3530094910095711,0.4794206012938558
gp_ratio_ucb,8,59,0.3530094910095711,0.4954027522270314
gp_ratio_ucb,8,60,0.3591703782490195,0.4965932564967504
gp_ratio_ucb,8,61,0.3591703782490195,0.49764904633370755
gp_ratio_ucb,8,62,0.3591703782490195,0.49893514719055165
gp_ratio_ucb,8,63,0.3591703782490195,0.49893514719055165
gp_ratio_ucb,8,64,0.3591703782490195,0.4999981077593569
gp_ratio_ucb,8,65,0.3591703782490195,0.4999981077593569
gp_ratio_ucb,8,66,0.3591703782490195,0.5007000660103519
gp_ratio_ucb,8,67,0.3591703782490195,0.5202439295503849
gp_ratio_ucb,8,68,0.3591703782490195,0.5202439295503849
gp_ratio_ucb,8,69,0.3591703782490195,0.5202439295503849
gp_ratio_ucb,8,70,0.3591703782490195,0.5202439295503849
gp_ratio_ucb,9,45,0.3116825290810931,0.4622123812121286
gp_ratio_ucb,9,46,0.3116825290810931,0.4622123812121286
gp_ratio_ucb,9,47,0.3116825290810931,0.4622123812121286
gp_ratio_ucb,9,48,0.3116825290810931,0.4622123812121286
gp_ratio_ucb,9,49,0.3116825290810931,0.4644483780630243
gp_ratio_ucb,9,50,0.3116825290810931,0.46530326959861584
gp_ratio_ucb,9,51,0.3116825290810931,0.46685402813613325
gp_ratio_ucb,9,52,0.3530094910095711,0.4721979334455606
gp_ratio_ucb,9,53,0.3530094910095711,0.4721979334455606
gp_ratio_ucb,9,54,0.3530094910095711,0.4721979334455606
gp_ratio_ucb,9,55,0.3530094910095711,0.4779736098947664
gp_ratio_ucb,9,56,0.3530094910095711,0.4779736098947664
gp_ratio_ucb,9,57,0.3530094910095711,0.4794206012938558
gp_ratio_ucb,9,58,0.3530094910095711,0.4794206012938558
gp_ratio_ucb,9,59,0.3530094910095711,0.4954027522270314
gp_ratio_ucb,9,60,0.3591703782490195,0.4965932564967504
gp_ratio_ucb,9,61,0.3591703782490195,0.49764904633370755
gp_ratio_ucb,9,62,0.3591703782490195,0.49893514719055165
gp_ratio_ucb,9,63,0.3591703782490195,0.49893514719055165
gp_ratio_ucb,9,64,0.3591703782490195,0.4999981077593569
gp_ratio_ucb,9,65,0.3591703782490195,0.4999981077593569
gp_ratio_ucb,9,66,0.3591703782490195,0.5007000660103519
gp_ratio_ucb,9,67,0.3591703782490195,0.5202439295503849
gp_ratio_ucb,9,68,0.3591703782490195,0.5202439295503849
gp_ratio_ucb,9,69,0.3591703782490195,0.5202439295503849
gp_ratio_ucb,9,70,0.3591703782490195,0.5202439295503849
gp_ratio_ucb,10,45,0.3116825290810931,0.4622123812121286
gp_ratio_ucb,10,46,0.3116825290810931,0.4622123812121286
gp_ratio_ucb,10,47,0.3116825290810931,0.4622123812121286
gp_ratio_ucb,10,48,0.3116825290810931,0.4622123812121286
gp_ratio_ucb,10,49,0.3116825290810931,0.4644483780630243
gp_ratio_ucb,10,50,0.3116825290810931,0.46530326959861584
gp_ratio_ucb,10,51,0.3116825290810931,0.46685402813613325
gp_ratio_ucb,10,52,0.3530094910095711,0.4721979334455606
gp_ratio_ucb,10,53,0.3530094910095711,0.4721979334455606
gp_ratio_ucb,10,54,0.3530094910095711,0.4721979334455606
gp_ratio_ucb,10,55,0.3530094910095711,0.4779736098947664
gp_ratio_ucb,10,56,0.3530094910095711,0.4779736098947664
gp_ratio_ucb,10,57,0.3530094910095711,0.4794206012938558
gp_ratio_ucb,10,58,0.3530094910095711,0.4794206012938558
gp_ratio_ucb,10,59,0.3530094910095711,0.4954027522270314
gp_ratio_ucb,10,60,0.3591703782490195,0.4965932564967504
gp_ratio_ucb,10,61,0.3591703782490195,0.49764904633370755
gp_ratio_ucb,10,62,0.3591703782490195,0.49893514719055165
gp_ratio_ucb,10,63,0.3591703782490195,0.49893514719055165
gp_ratio_ucb,10,64,0.3591703782490195,0.4999981077593569
gp_ratio_ucb,10,65,0.3591703782490195,0.4999981077593569
gp_ratio_ucb,10,66,0.3591703782490195,0.5007000660103519
gp_ratio_ucb,10,67,0.3591703782490195,0.5202439295503849
gp_ratio_ucb,10,68,0.3591703782490195,0.5202439295503849
gp_ratio_ucb,10,69,0.3591703782490195,0.5202439295503849
gp_ratio_ucb,10,70,0.3591703782490195,0.5202439295503849
gp_ratio_ucb,11,45,0.3116825290810931,0.4622123812121286
gp_ratio_ucb,11,46,0.3116825290810931,0.4622123812121286
gp_ratio_ucb,11,47,0.3116825290810931,0.4622123812121286
gp_ratio_ucb,11,48,0.3116825290810931,0.4622123812121286
gp_ratio_ucb,11,49,0.3116825290810931,0.4644483780630243
gp_ratio_ucb,11,50,0.3116825290810931,0.46530326959861584
gp_ratio_ucb,11,51,0.3116825290810931,0.46685402813613325
gp_ratio_ucb,11,52,0.3530094910095711,0.4721979334455606
gp_ratio_ucb,11,53,0.3530094910095711,0.4721979334455606
gp_ratio_ucb,11,54,0.3530094910095711,0.4721979334455606
gp_ratio_ucb,11,55,0.3530094910095711,0.4779736098947664
gp_ratio_ucb,11,56,0.3530094910095711,0.4779736098947664
gp_ratio_ucb,11,57,0.3530094910095711,0.4794206012938558
gp_ratio_ucb,11,58,0.3530094910095711,0.4794206012938558
gp_ratio_ucb,11,59,0.3530094910095711,0.4954027522270314
gp_ratio_ucb,11,60,0.3591703782490195,0.4965932564967504
gp_ratio_ucb,11,61,0.3591703782490195,0.49764904633370755
gp_ratio_ucb,11,62,0.3591703782490195,0.49893514719055165
gp_ratio_ucb,11,63,0.3591703782490195,0.49893514719055165
gp_ratio_ucb,11,64,0.3591703782490195,0.4999981077593569
gp_ratio_ucb,11,65,0.3591703782490195,0.4999981077593569
gp_ratio_ucb,11,66,0.3591703782490195,0.5007000660103519
gp_ratio_ucb,11,67,0.3591703782490195,0.5202439295503849
gp_ratio_ucb,11,68,0.3591703782490195,0.5202439295503849
gp_ratio_ucb,11,69,0.3591703782490195,0.5202439295503849
gp_ratio_ucb,11,70,0.3591703782490195,0.5202439295503849
gp_ratio_ucb,12,45,0.3116825290810931,0.4622123812121286
gp_ratio_ucb,12,46,0.3116825290810931,0.4622123812121286
gp_ratio_ucb,12,47,0.3116825290810931,0.4622123812121286
gp_ratio_ucb,12,48,0.3116825290810931,0.4622123812121286
gp_ratio_ucb,12,49,0.3116825290810931,0.4644483780630243
gp_ratio_ucb,12,50,0.3116825290810931,0.46530326959861584
gp_ratio_ucb,12,51,0.3116825290810931,0.46685402813613325
gp_ratio_ucb,12,52,0.3530094910095711,0.4721979334455606
gp_ratio_ucb,12,53,0.3530094910095711,0.4721979334455606
gp_ratio_ucb,12,54,0.3530094910095711,0.4721979334455606
gp_ratio_ucb,12,55,0.3530094910095711,0.4779736098947664
gp_ratio_ucb,12,56,0.3530094910095711,0.4779736098947664
gp_ratio_ucb,12,57,0.3530094910095711,0.4794206012938558
gp_ratio_ucb,12,58,0.3530094910095711,0.4794206012938558
gp_ratio_ucb,12,59,0.3530094910095711,0.4954027522270314
gp_ratio_ucb,12,60,0.3591703782490195,0.4965932564967504
gp_ratio_ucb,12,61,0.3591703782490195,0.49764904633370755
gp_ratio_ucb,12,62,0.3591703782490195,0.49893514719055165
gp_ratio_ucb,12,63,0.3591703782490195,0.49893514719055165
gp_ratio_ucb,12,64,0.3591703782490195,0.4999981077593569
gp_ratio_ucb,12,65,0.3591703782490195,0.4999981077593569
gp_ratio_ucb,12,66,0.3591703782490195,0.5007000660103519
gp_ratio_ucb,12,67,0.3591703782490195,0.5202439295503849
gp_ratio_ucb,12,68,0.3591703782490195,0.5202439295503849
gp_ratio_ucb,12,69,0.3591703782490195,0.5202439295503849
gp_ratio_ucb,12,70,0.3591703782490195,0.5202439295503849
gp_ratio_ucb,13,45,0.3116825290810931,0.4622123812121286
gp_ratio_ucb,13,46,0.3116825290810931,0.4622123812121286
gp_ratio_ucb,13,47,0.3116825290810931,0.4622123812121286
gp_ratio_ucb,13,48,0.3116825290810931,0.4622123812121286
gp_ratio_ucb,13,49,0.3116825290810931,0.4644483780630243
gp_ratio_ucb,13,50,0.3116825290810931,0.46530326959861584
gp_ratio_ucb,13,51,0.3116825290810931,0.46685402813613325
gp_ratio_ucb,13,52,0.3530094910095711,0.4721979334455606
gp_ratio_ucb,13,53,0.3530094910095711,0.4721979334455606
gp_ratio_ucb,13,54,0.3530094910095711,0.4721979334455606
gp_ratio_ucb,13,55,0.3530094910095711,0.4779736098947664
gp_ratio_ucb,13,56,0.3530094910095711,0.4779736098947664
gp_ratio_ucb,13,57,0.3530094910095711,0.4794206012938558
gp_ratio_ucb,13,58,0.3530094910095711,0.4794206012938558
gp_ratio_ucb,13,59,0.3530094910095711,0.4954027522270314
gp_ratio_ucb,13,60,0.3591703782490195,0.4965932564967504
gp_ratio_ucb,13,61,0.3591703782490195,0.49764904633370755
gp_ratio_ucb,13,62,0.3591703782490195,0.49893514719055165
gp_ratio_ucb,13,63,0.3591703782490195,0.49893514719055165
gp_ratio_ucb,13,64,0.3591703782490195,0.4999981077593569
gp_ratio_ucb,13,65,0.3591703782490195,0.4999981077593569
gp_ratio_ucb,13,66,0.3591703782490195,0.5007000660103519
gp_ratio_ucb,13,67,0.3591703782490195,0.5202439295503849
gp_ratio_ucb,13,68,0.3591703782490195,0.5202439295503849
gp_ratio_ucb,13,69,0.3591703782490195,0.5202439295503849
gp_ratio_ucb,13,70,0.3591703782490195,0.5202439295503849
gp_ratio_ucb,14,45,0.3116825290810931,0.4622123812121286
gp_ratio_ucb,14,46,0.3116825290810931,0.4622123812121286
gp_ratio_ucb,14,47,0.3116825290810931,0.4622123812121286
gp_ratio_ucb,14,48,0.3116825290810931,0.4622123812121286
gp_ratio_ucb,14,49,0.3116825290810931,0.4644483780630243
gp_ratio_ucb,14,50,0.3116825290810931,0.46530326959861584
gp_ratio_ucb,14,51,0.3116825290810931,0.46685402813613325
gp_ratio_ucb,14,52,0.3530094910095711,0.4721979334455606
gp_ratio_ucb,14,53,0.3530094910095711,0.4721979334455606
gp_ratio_ucb,14,54,0.3530094910095711,0.4721979334455606
gp_ratio_ucb,14,55,0.3530094910095711,0.4779736098947664
gp_ratio_ucb,14,56,0.3530094910095711,0.4779736098947664
gp_ratio_ucb,14,57,0.3530094910095711,0.4794206012938558
gp_ratio_ucb,14,58,0.3530094910095711,0.4794206012938558
gp_ratio_ucb,14,59,0.3530094910095711,0.4954027522270314
gp_ratio_ucb,14,60,0.3591703782490195,0.4965932564967504
gp_ratio_ucb,14,61,0.3591703782490195,0.49764904633370755
gp_ratio_ucb,14,62,0.3591703782490195,0.49893514719055165
gp_ratio_ucb,14,63,0.3591703782490195,0.49893514719055165
gp_ratio_ucb,14,64,0.3591703782490195,0.4999981077593569
gp_ratio_ucb,14,65,0.3591703782490195,0.4999981077593569
gp_ratio_ucb,14,66,0.3591703782490195,0.5007000660103519
gp_ratio_ucb,14,67,0.3591703782490195,0.5202439295503849
gp_ratio_ucb,14,68,0.3591703782490195,0.5202439295503849
gp_ratio_ucb,14,69,0.3591703782490195,0.5202439295503849
gp_ratio_ucb,14,70,0.3591703782490195,0.5202439295503849
gp_ratio_ucb,15,45,0.3116825290810931,0.4622123812121286
gp_ratio_ucb,15,46,0.3116825290810931,0.4622123812121286
gp_ratio_ucb,15,47,0.3116825290810931,0.4622123812121286
gp_ratio_ucb,15,48,0.3116825290810931,0.4622123812121286
gp_ratio_ucb,15,49,0.3116825290810931,0.4644483780630243
gp_ratio_ucb,15,50,0.3116825290810931,0.46530326959861584
gp_ratio_ucb,15,51,0.3116825290810931,0.46685402813613325
gp_ratio_ucb,15,52,0.3530094910095711,0.4721979334455606
gp_ratio_ucb,15,53,0.3530094910095711,0.4721979334455606
gp_ratio_ucb,15,54,0.3530094910095711,0.4721979334455606
gp_ratio_ucb,15,55,0.3530094910095711,0.4779736098947664
gp_ratio_ucb,15,56,0.3530094910095711,0.4779736098947664
gp_ratio_ucb,15,57,0.3530094910095711,0.4794206012938558
gp_ratio_ucb,15,58,0.3530094910095711,0.4794206012938558
gp_ratio_ucb,15,59,0.3530094910095711,0.4954027522270314
gp_ratio_ucb,15,60,0.3591703782490195,0.4965932564967504
gp_ratio_ucb,15,61,0.3591703782490195,0.49764904633370755
gp_ratio_ucb,15,62,0.3591703782490195,0.49893514719055165
gp_ratio_ucb,15,63,0.3591703782490195,0.49893514719055165
gp_ratio_ucb,15,64,0.3591703782490195,0.4999981077593569
gp_ratio_ucb,15,65,0.3591703782490195,0.4999981077593569
gp_ratio_ucb,15,66,0.3591703782490195,0.5007000660103519
gp_ratio_ucb,15,67,0.3591703782490195,0.5202439295503849
gp_ratio_ucb,15,68,0.3591703782490195,0.5202439295503849
gp_ratio_ucb,15,69,0.3591703782490195,0.5202439295503849
gp_ratio_ucb,15,70,0.3591703782490195,0.5202439295503849
gp_ratio_ucb,16,45,0.3116825290810931,0.4622123812121286
gp_ratio_ucb,16,46,0.3116825290810931,0.4622123812121286
gp_ratio_ucb,16,47,0.3116825290810931,0.4622123812121286
gp_ratio_ucb,16,48,0.3116825290810931,0.4622123812121286
gp_ratio_ucb,16,49,0.3116825290810931,0.4644483780630243
gp_ratio_ucb,16,50,0.3116825290810931,0.46530326959861584
gp_ratio_ucb,16,51,0.3116825290810931,0.46685402813613325
gp_ratio_ucb,16,52,0.3530094910095711,0.4721979334455606
gp_ratio_ucb,16,53,0.3530094910095711,0.4721979334455606
gp_ratio_ucb,16,54,0.3530094910095711,0.4721979334455606
gp_ratio_ucb,16,55,0.3530094910095711,0.4779736098947664
gp_ratio_ucb,16,56,0.3530094910095711,0.4779736098947664
gp_ratio_ucb,16,57,0.3530094910095711,0.4794206012938558
gp_ratio_ucb,16,58,0.3530094910095711,0.4794206012938558
gp_ratio_ucb,16,59,0.3530094910095711,0.4954027522270314
gp_ratio_ucb,16,60,0.3591703782490195,0.4965932564967504
gp_ratio_ucb,16,61,0.3591703782490195,0.49764904633370755
gp_ratio_ucb,16,62,0.3591703782490195,0.49893514719055165
gp_ratio_ucb,16,63,0.3591703782490195,0.49893514719055165
gp_ratio_ucb,16,64,0.3591703782490195,0.4999981077593569
gp_ratio_ucb,16,65,0.3591703782490195,0.4999981077593569
gp_ratio_ucb,16,66,0.3591703782490195,0.5007000660103519
gp_ratio_ucb,16,67,0.3591703782490195,0.5202439295503849
gp_ratio_ucb,16,68,0.3591703782490195,0.5202439295503849
gp_ratio_ucb,16,69,0.3591703782490195,0.5202439295503849
gp_ratio_ucb,16,70,0.3591703782490195,0.5202439295503849
gp_ratio_ucb,17,45,0.3116825290810931,0.4622123812121286
gp_ratio_ucb,17,46,0.3116825290810931,0.4622123812121286
gp_ratio_ucb,17,47,0.3116825290810931,0.4622123812121286
gp_ratio_ucb,17,48,0.3116825290810931,0.4622123812121286
gp_ratio_ucb,17,49,0.3116825290810931,0.4644483780630243
gp_ratio_ucb,17,50,0.3116825290810931,0.46530326959861584
gp_ratio_ucb,17,51,0.3116825290810931,0.46685402813613325
gp_ratio_ucb,17,52,0.3530094910095711,0.4721979334455606
gp_ratio_ucb,17,53,0.3530094910095711,0.4721979334455606
gp_ratio_ucb,17,54,0.3530094910095711,0.4721979334455606
gp_ratio_ucb,17,55,0.3530094910095711,0.4779736098947664
gp_ratio_ucb,17,56,0.3530094910095711,0.4779736098947664
gp_ratio_ucb,17,57,0.3530094910095711,0.4794206012938558
gp_ratio_ucb,17,58,0.3530094910095711,0.4794206012938558
gp_ratio_ucb,17,59,0.3530094910095711,0.4954027522270314
gp_ratio_ucb,17,60,0.3591703782490195,0.4965932564967504
gp_ratio_ucb,17,61,0.3591703782490195,0.49764904633370755
gp_ratio_ucb,17,62,0.3591703782490195,0.49893514719055165
gp_ratio_ucb,17,63,0.3591703782490195,0.49893514719055165
gp_ratio_ucb,17,64,0.3591703782490195,0.4999981077593569
gp_ratio_ucb,17,65,0.3591703782490195,0.4999981077593569
gp_ratio_ucb,17,66,0.3591703782490195,0.5007000660103519
gp_ratio_ucb,17,67,0.3591703782490195,0.5202439295503849
gp_ratio_ucb,17,68,0.3591703782490195,0.5202439295503849
gp_ratio_ucb,17,69,0.3591703782490195,0.5202439295503849
gp_ratio_ucb,17,70,0.3591703782490195,0.5202439295503849
gp_ratio_ucb,18,45,0.3116825290810931,0.4622123812121286
gp_ratio_ucb,18,46,0.3116825290810931,0.4622123812121286
gp_ratio_ucb,18,47,0.3116825290810931,0.4622123812121286
gp_ratio_ucb,18,48,0.3116825290810931,0.4622123812121286
gp_ratio_ucb,18,49,0.3116825290810931,0.4644483780630243
gp_ratio_ucb,18,50,0.3116825290810931,0.46530326959861584
gp_ratio_ucb,18,51,0.3116825290810931,0.46685402813613325
gp_ratio_ucb,18,52,0.3530094910095711,0.4721979334455606
gp_ratio_ucb,18,53,0.3530094910095711,0.4721979334455606
gp_ratio_ucb,18,54,0.3530094910095711,0.4721979334455606
gp_ratio_ucb,18,55,0.3530094910095711,0.4779736098947664
gp_ratio_ucb,18,56,0.3530094910095711,0.4779736098947664
gp_ratio_ucb,18,57,0.3530094910095711,0.4794206012938558
gp_ratio_ucb,18,58,0.3530094910095711,0.4794206012938558
gp_ratio_ucb,18,59,0.3530094910095711,0.4954027522270314
gp_ratio_ucb,18,60,0.3591703782490195,0.4965932564967504
gp_ratio_ucb,18,61,0.3591703782490195,0.49764904633370755
gp_ratio_ucb,18,62,0.3591703782490195,0.49893514719055165
gp_ratio_ucb,18,63,0.3591703782490195,0.49893514719055165
gp_ratio_ucb,18,64,0.3591703782490195,0.4999981077593569
gp_ratio_ucb,18,65,0.3591703782490195,0.4999981077593569
gp_ratio_ucb,18,66,0.3591703782490195,0.5007000660103519
gp_ratio_ucb,18,67,0.3591703782490195,0.5202439295503849
gp_ratio_ucb,18,68,0.3591703782490195,0.5202439295503849
gp_ratio_ucb,18,69,0.3591703782490195,0.5202439295503849
gp_ratio_ucb,18,70,0.3591703782490195,0.5202439295503849
gp_ratio_ucb,19,45,0.3116825290810931,0.4622123812121286
gp_ratio_ucb,19,46,0.3116825290810931,0.4622123812121286
gp_ratio_ucb,19,47,0.3116825290810931,0.4622123812121286
gp_ratio_ucb,19,48,0.3116825290810931,0.4622123812121286
gp_ratio_ucb,19,49,0.3116825290810931,0.4644483780630243
gp_ratio_ucb,19,50,0.3116825290810931,0.46530326959861584
gp_ratio_ucb,19,51,0.3116825290810931,0.46685402813613325
gp_ratio_ucb,19,52,0.3530094910095711,0.4721979334455606
gp_ratio_ucb,19,53,0.3530094910095711,0.4721979334455606
gp_ratio_ucb,19,54,0.3530094910095711,0.4721979334455606
gp_ratio_ucb,19,55,0.3530094910095711,0.4779736098947664
gp_ratio_ucb,19,56,0.3530094910095711,0.4779736098947664
gp_ratio_ucb,19,57,0.3530094910095711,0.4794206012938558
gp_ratio_ucb,19,58,0.3530094910095711,0.4794206012938558
gp_ratio_ucb,19,59,0.3530094910095711,0.4954027522270314
gp_ratio_ucb,19,60,0.3591703782490195,0.4965932564967504
gp_ratio_ucb,19,61,0.3591703782490195,0.49764904633370755
gp_ratio_ucb,19,62,0.3591703782490195,0.49893514719055165
gp_ratio_ucb,19,63,0.3591703782490195,0.49893514719055165
gp_ratio_ucb,19,64,0.3591703782490195,0.4999981077593569
gp_ratio_ucb,19,65,0.3591703782490195,0.4999981077593569
gp_ratio_ucb,19,66,0.3591703782490195,0.5007000660103519
gp_ratio_ucb,19,67,0.3591703782490195,0.5202439295503849
gp_ratio_ucb,19,68,0.3591703782490195,0.5202439295503849
gp_ratio_ucb,19,69,0.3591703782490195,0.5202439295503849
gp_ratio_ucb,19,70,0.3591703782490195,0.5202439295503849
gp_ratio_ucb,20,45,0.3116825290810931,0.4622123812121286
gp_ratio_ucb,20,46,0.3116825290810931,0.4622123812121286
gp_ratio_ucb,20,47,0.3116825290810931,0.4622123812121286
gp_ratio_ucb,20,48,0.3116825290810931,0.4622123812121286
gp_ratio_ucb,20,49,0.3116825290810931,0.4644483780630243
gp_ratio_ucb,20,50,0.3116825290810931,0.46530326959861584
gp_ratio_ucb,20,51,0.3116825290810931,0.46685402813613325
gp_ratio_ucb,20,52,0.3530094910095711,0.4721979334455606
gp_ratio_ucb,20,53,0.3530094910095711,0.4721979334455606
gp_ratio_ucb,20,54,0.3530094910095711,0.4721979334455606
gp_ratio_ucb,20,55,0.3530094910095711,0.4779736098947664
gp_ratio_ucb,20,56,0.3530094910095711,0.4779736098947664
gp_ratio_ucb,20,57,0.3530094910095711,0.4794206012938558
gp_ratio_ucb,20,58,0.3530094910095711,0.4794206012938558
gp_ratio_ucb,20,59,0.3530094910095711,0.4954027522270314
gp_ratio_ucb,20,60,0.3591703782490195,0.4965932564967504
gp_ratio_ucb,20,61,0.3591703782490195,0.49764904633370755
gp_ratio_ucb,20,62,0.3591703782490195,0.49893514719055165
gp_ratio_ucb,20,63,0.3591703782490195,0.49893514719055165
gp_ratio_ucb,20,64,0.3591703782490195,0.4999981077593569
gp_ratio_ucb,20,65,0.3591703782490195,0.4999981077593569
gp_ratio_ucb,20,66,0.3591703782490195,0.5007000660103519
gp_ratio_ucb,20,67,0.3591703782490195,0.5202439295503849
gp_ratio_ucb,20,68,0.3591703782490195,0.5202439295503849
gp_ratio_ucb,20,69,0.3591703782490195,0.5202439295503849
gp_ratio_ucb,20,70,0.3591703782490195,0.5202439295503849
gp_ratio_ucb,21,45,0.3116825290810931,0.4622123812121286
gp_ratio_ucb,21,46,0.3116825290810931,0.4622123812121286
gp_ratio_ucb,21,47,0.3116825290810931,0.4622123812121286
gp_ratio_ucb,21,48,0.3116825290810931,0.4622123812121286
gp_ratio_ucb,21,49,0.3116825290810931,0.4644483780630243
gp_ratio_ucb,21,50,0.3116825290810931,0.46530326959861584
gp_ratio_ucb,21,51,0.3116825290810931,0.46685402813613325
gp_ratio_ucb,21,52,0.3530094910095711,0.4721979334455606
gp_ratio_ucb,21,53,0.3530094910095711,0.4721979334455606
gp_ratio_ucb,21,54,0.3530094910095711,0.4721979334455606
gp_ratio_ucb,21,55,0.3530094910095711,0.4779736098947664
gp_ratio_ucb,21,56,0.3530094910095711,0.4779736098947664
gp_ratio_ucb,21,57,0.3530094910095711,0.4794206012938558
gp_ratio_ucb,21,58,0.3530094910095711,0.4794206012938558
gp_ratio_ucb,21,59,0.3530094910095711,0.4954027522270314
gp_ratio_ucb,21,60,0.3591703782490195,0.4965932564967504
gp_ratio_ucb,21,61,0.3591703782490195,0.49764904633370755
gp_ratio_ucb,21,62,0.3591703782490195,0.49893514719055165
gp_ratio_ucb,21,63,0.3591703782490195,0.49893514719055165
gp_ratio_ucb,21,64,0.3591703782490195,0.4999981077593569
gp_ratio_ucb,21,65,0.3591703782490195,0.4999981077593569
gp_ratio_ucb,21,66,0.3591703782490195,0.5007000660103519
gp_ratio_ucb,21,67,0.3591703782490195,0.5202439295503849
gp_ratio_ucb,21,68,0.3591703782490195,0.5202439295503849
gp_ratio_ucb,21,69,0.3591703782490195,0.5202439295503849
gp_ratio_ucb,21,70,0.3591703782490195,0.5202439295503849
gp_ratio_ucb,22,45,0.3116825290810931,0.4622123812121286
gp_ratio_ucb,22,46,0.3116825290810931,0.4622123812121286
gp_ratio_ucb,22,47,0.3116825290810931,0.4622123812121286
gp_ratio_ucb,22,48,0.3116825290810931,0.4622123812121286
gp_ratio_ucb,22,49,0.3116825290810931,0.4644483780630243
gp_ratio_ucb,22,50,0.3116825290810931,0.46530326959861584
gp_ratio_ucb,22,51,0.3116825290810931,0.46685402813613325
gp_ratio_ucb,22,52,0.3530094910095711,0.4721979334455606
gp_ratio_ucb,22,53,0.3530094910095711,0.4721979334455606
gp_ratio_ucb,22,54,0.3530094910095711,0.4721979334455606
gp_ratio_ucb,22,55,0.3530094910095711,0.4779736098947664
gp_ratio_ucb,22,56,0.3530094910095711,0.4779736098947664
gp_ratio_ucb,22,57,0.3530094910095711,0.4794206012938558
gp_ratio_ucb,22,58,0.3530094910095711,0.4794206012938558
gp_ratio_ucb,22,59,0.3530094910095711,0.4954027522270314
gp_ratio_ucb,22,60,0.3591703782490195,0.4965932564967504
gp_ratio_ucb,22,61,0.3591703782490195,0.49764904633370755
gp_ratio_ucb,22,62,0.3591703782490195,0.49893514719055165
gp_ratio_ucb,22,63,0.3591703782490195,0.49893514719055165
gp_ratio_ucb,22,64,0.3591703782490195,0.4999981077593569
gp_ratio_ucb,22,65,0.3591703782490195,0.4999981077593569
gp_ratio_ucb,22,66,0.3591703782490195,0.5007000660103519
gp_ratio_ucb,22,67,0.3591703782490195,0.5202439295503849
gp_ratio_ucb,22,68,0.3591703782490195,0.5202439295503849
gp_ratio_ucb,22,69,0.3591703782490195,0.5202439295503849
gp_ratio_ucb,22,70,0.3591703782490195,0.5202439295503849
gp_ratio_ucb,23,45,0.3116825290810931,0.4622123812121286
gp_ratio_ucb,23,46,0.3116825290810931,0.4622123812121286
gp_ratio_ucb,23,47,0.3116825290810931,0.4622123812121286
gp_ratio_ucb,23,48,0.3116825290810931,0.4622123812121286
gp_ratio_ucb,23,49,0.3116825290810931,0.4644483780630243
gp_ratio_ucb,23,50,0.3116825290810931,0.46530326959861584
gp_ratio_ucb,23,51,0.3116825290810931,0.46685402813613325
gp_ratio_ucb,23,52,0.3530094910095711,0.4721979334455606
gp_ratio_ucb,23,53,0.3530094910095711,0.4721979334455606
gp_ratio_ucb,23,54,0.3530094910095711,0.4721979334455606
gp_ratio_ucb,23,55,0.3530094910095711,0.4779736098947664
gp_ratio_ucb,23,56,0.3530094910095711,0.4779736098947664
gp_ratio_ucb,23,57,0.3530094910095711,0.4794206012938558
gp_ratio_ucb,23,58,0.3530094910095711,0.4794206012938558
gp_ratio_ucb,23,59,0.3530094910095711,0.4954027522270314
gp_ratio_ucb,23,60,0.3591703782490195,0.4965932564967504
gp_ratio_ucb,23,61,0.3591703782490195,0.49764904633370755
gp_ratio_ucb,23,62,0.3591703782490195,0.49893514719055165
gp_ratio_ucb,23,63,0.3591703782490195,0.49893514719055165
gp_ratio_ucb,23,64,0.3591703782490195,0.4999981077593569
gp_ratio_ucb,23,65,0.3591703782490195,0.4999981077593569
gp_ratio_ucb,23,66,0.3591703782490195,0.5007000660103519
gp_ratio_ucb,23,67,0.3591703782490195,0.5202439295503849
gp_ratio_ucb,23,68,0.3591703782490195,0.5202439295503849
gp_ratio_ucb,23,69,0.3591703782490195,0.5202439295503849
gp_ratio_ucb,23,70,0.3591703782490195,0.5202439295503849
gp_ratio_ucb,24,45,0.3116825290810931,0.4622123812121286
gp_ratio_ucb,24,46,0.3116825290810931,0.4622123812121286
gp_ratio_ucb,24,47,0.3116825290810931,0.4622123812121286
gp_ratio_ucb,24,48,0.3116825290810931,0.4622123812121286
gp_ratio_ucb,24,49,0.3116825290810931,0.4644483780630243
gp_ratio_ucb,24,50,0.3116825290810931,0.46530326959861584
gp_ratio_ucb,24,51,0.3116825290810931,0.46685402813613325
gp_ratio_ucb,24,52,0.3530094910095711,0.4721979334455606
gp_ratio_ucb,24,53,0.3530094910095711,0.4721979334455606
gp_ratio_ucb,24,54,0.3530094910095711,0.4721979334455606
gp_ratio_ucb,24,55,0.3530094910095711,0.4779736098947664
gp_ratio_ucb,24,56,0.3530094910095711,0.4779736098947664
gp_ratio_ucb,24,57,0.3530094910095711,0.4794206012938558
gp_ratio_ucb,24,58,0.3530094910095711,0.4794206012938558
gp_ratio_ucb,24,59,0.3530094910095711,0.4954027522270314
gp_ratio_ucb,24,60,0.3591703782490195,0.4965932564967504
gp_ratio_ucb,24,61,0.3591703782490195,0.49764904633370755
gp_ratio_ucb,24,62,0.3591703782490195,0.49893514719055165
gp_ratio_ucb,24,63,0.3591703782490195,0.49893514719055165
gp_ratio_ucb,24,64,0.3591703782490195,0.4999981077593569
gp_ratio_ucb,24,65,0.3591703782490195,0.4999981077593569
gp_ratio_ucb,24,66,0.3591703782490195,0.5007000660103519
gp_ratio_ucb,24,67,0.3591703782490195,0.5202439295503849
gp_ratio_ucb,24,68,0.3591703782490195,0.5202439295503849
gp_ratio_ucb,24,69,0.3591703782490195,0.5202439295503849
gp_ratio_ucb,24,70,0.3591703782490195,0.5202439295503849
gp_ratio_ucb,25,45,0.3116825290810931,0.4622123812121286
gp_ratio_ucb,25,46,0.3116825290810931,0.4622123812121286
gp_ratio_ucb,25,47,0.3116825290810931,0.4622123812121286
gp_ratio_ucb,25,48,0.3116825290810931,0.4622123812121286
gp_ratio_ucb,25,49,0.3116825290810931,0.4644483780630243
gp_ratio_ucb,25,50,0.3116825290810931,0.46530326959861584
gp_ratio_ucb,25,51,0.3116825290810931,0.46685402813613325
gp_ratio_ucb,25,52,0.3530094910095711,0.4721979334455606
gp_ratio_ucb,25,53,0.3530094910095711,0.4721979334455606
gp_ratio_ucb,25,54,0.3530094910095711,0.4721979334455606
gp_ratio_ucb,25,55,0.3530094910095711,0.4779736098947664
gp_ratio_ucb,25,56,0.3530094910095711,0.4779736098947664
gp_ratio_ucb,25,57,0.3530094910095711,0.4794206012938558
gp_ratio_ucb,25,58,0.3530094910095711,0.4794206012938558
gp_ratio_ucb,25,59,0.3530094910095711,0.4954027522270314
gp_ratio_ucb,25,60,0.3591703782490195,0.4965932564967504
gp_ratio_ucb,25,61,0.3591703782490195,0.49764904633370755
gp_ratio_ucb,25,62,0.3591703782490195,0.49893514719055165
gp_ratio_ucb,25,63,0.3591703782490195,0.49893514719055165
gp_ratio_ucb,25,64,0.3591703782490195,0.4999981077593569
gp_ratio_ucb,25,65,0.3591703782490195,0.4999981077593569
gp_ratio_ucb,25,66,0.3591703782490195,0.5007000660103519
gp_ratio_ucb,25,67,0.3591703782490195,0.5202439295503849
gp_ratio_ucb,25,68,0.3591703782490195,0.5202439295503849
gp_ratio_ucb,25,69,0.3591703782490195,0.5202439295503849
gp_ratio_ucb,25,70,0.3591703782490195,0.5202439295503849
gp_ratio_ucb,26,45,0.3116825290810931,0.4622123812121286
gp_ratio_ucb,26,46,0.3116825290810931,0.4622123812121286
gp_ratio_ucb,26,47,0.3116825290810931,0.4622123812121286
gp_ratio_ucb,26,48,0.3116825290810931,0.4622123812121286
gp_ratio_ucb,26,49,0.3116825290810931,0.4644483780630243
gp_ratio_ucb,26,50,0.3116825290810931,0.46530326959861584
gp_ratio_ucb,26,51,0.3116825290810931,0.46685402813613325
gp_ratio_ucb,26,52,0.3530094910095711,0.4721979334455606
gp_ratio_ucb,26,53,0.3530094910095711,0.4721979334455606
gp_ratio_ucb,26,54,0.3530094910095711,0.4721979334455606
gp_ratio_ucb,26,55,0.3530094910095711,0.4779736098947664
gp_ratio_ucb,26,56,0.3530094910095711,0.4779736098947664
gp_ratio_ucb,26,57,0.3530094910095711,0.4794206012938558
gp_ratio_ucb,26,58,0.3530094910095711,0.4794206012938558
gp_ratio_ucb,26,59,0.3530094910095711,0.4954027522270314
gp_ratio_ucb,26,60,0.3591703782490195,0.4965932564967504
gp_ratio_ucb,26,61,0.3591703782490195,0.49764904633370755
gp_ratio_ucb,26,62,0.3591703782490195,0.49893514719055165
gp_ratio_ucb,26,63,0.3591703782490195,0.49893514719055165
gp_ratio_ucb,26,64,0.3591703782490195,0.4999981077593569
gp_ratio_ucb,26,65,0.3591703782490195,0.4999981077593569
gp_ratio_ucb,26,66,0.3591703782490195,0.5007000660103519
gp_ratio_ucb,26,67,0.3591703782490195,0.5202439295503849
gp_ratio_ucb,26,68,0.3591703782490195,0.5202439295503849
gp_ratio_ucb,26,69,0.3591703782490195,0.5202439295503849
gp_ratio_ucb,26,70,0.3591703782490195,0.5202439295503849
gp_ratio_ucb,27,45,0.3116825290810931,0.4622123812121286
gp_ratio_ucb,27,46,0.3116825290810931,0.4622123812121286
gp_ratio_ucb,27,47,0.3116825290810931,0.4622123812121286
gp_ratio_ucb,27,48,0.3116825290810931,0.4622123812121286
gp_ratio_ucb,27,49,0.3116825290810931,0.4644483780630243
gp_ratio_ucb,27,50,0.3116825290810931,0.46530326959861584
gp_ratio_ucb,27,51,0.3116825290810931,0.46685402813613325
gp_ratio_ucb,27,52,0.3530094910095711,0.4721979334455606
gp_ratio_ucb,27,53,0.3530094910095711,0.4721979334455606
gp_ratio_ucb,27,54,0.3530094910095711,0.4721979334455606
gp_ratio_ucb,27,55,0.3530094910095711,0.4779736098947664
gp_ratio_ucb,27,56,0.3530094910095711,0.4779736098947664
gp_ratio_ucb,27,57,0.3530094910095711,0.4794206012938558
gp_ratio_ucb,27,58,0.3530094910095711,0.4794206012938558
gp_ratio_ucb,27,59,0.3530094910095711,0.4954027522270314
gp_ratio_ucb,27,60,0.3591703782490195,0.4965932564967504
gp_ratio_ucb,27,61,0.3591703782490195,0.49764904633370755
gp_ratio_ucb,27,62,0.3591703782490195,0.49893514719055165
gp_ratio_ucb,27,63,0.3591703782490195,0.49893514719055165
gp_ratio_ucb,27,64,0.3591703782490195,0.4999981077593569
gp_ratio_ucb,27,65,0.3591703782490195,0.4999981077593569
gp_ratio_ucb,27,66,0.3591703782490195,0.5007000660103519
gp_ratio_ucb,27,67,0.3591703782490195,0.5202439295503849
gp_ratio_ucb,27,68,0.3591703782490195,0.5202439295503849
gp_ratio_ucb,27,69,0.3591703782490195,0.5202439295503849
gp_ratio_ucb,27,70,0.3591703782490195,0.5202439295503849
gp_ratio_ucb,28,45,0.3116825290810931,0.4622123812121286
gp_ratio_ucb,28,46,0.3116825290810931,0.4622123812121286
gp_ratio_ucb,28,47,0.3116825290810931,0.4622123812121286
gp_ratio_ucb,28,48,0.3116825290810931,0.4622123812121286
gp_ratio_ucb,28,49,0.3116825290810931,0.4644483780630243
gp_ratio_ucb,28,50,0.3116825290810931,0.46530326959861584
gp_ratio_ucb,28,51,0.3116825290810931,0.46685402813613325
gp_ratio_ucb,28,52,0.3530094910095711,0.4721979334455606
gp_ratio_ucb,28,53,0.3530094910095711,0.4721979334455606
gp_ratio_ucb,28,54,0.3530094910095711,0.4721979334455606
gp_ratio_ucb,28,55,0.3530094910095711,0.4779736098947664
gp_ratio_ucb,28,56,0.3530094910095711,0.4779736098947664
gp_ratio_ucb,28,57,0.3530094910095711,0.4794206012938558
gp_ratio_ucb,28,58,0.3530094910095711,0.4794206012938558
gp_ratio_ucb,28,59,0.3530094910095711,0.4954027522270314
gp_ratio_ucb,28,60,0.3591703782490195,0.4965932564967504
gp_ratio_ucb,28,61,0.3591703782490195,0.49764904633370755
gp_ratio_ucb,28,62,0.3591703782490195,0.49893514719055165
gp_ratio_ucb,28,63,0.3591703782490195,0.49893514719055165
gp_ratio_ucb,28,64,0.3591703782490195,0.4999981077593569
gp_ratio_ucb,28,65,0.3591703782490195,0.4999981077593569
gp_ratio_ucb,28,66,0.3591703782490195,0.5007000660103519
gp_ratio_ucb,28,67,0.3591703782490195,0.5202439295503849
gp_ratio_ucb,28,68,0.3591703782490195,0.5202439295503849
gp_ratio_ucb,28,69,0.3591703782490195,0.5202439295503849
gp_ratio_ucb,28,70,0.3591703782490195,0.5202439295503849
gp_ratio_ucb,29,45,0.3116825290810931,0.4622123812121286
gp_ratio_ucb,29,46,0.3116825290810931,0.4622123812121286
gp_ratio_ucb,29,47,0.3116825290810931,0.4622123812121286
gp_ratio_ucb,29,48,0.3116825290810931,0.4622123812121286
gp_ratio_ucb,29,49,0.3116825290810931,0.4644483780630243
gp_ratio_ucb,29,50,0.3116825290810931,0.46530326959861584
gp_ratio_ucb,29,51,0.3116825290810931,0.46685402813613325
gp_ratio_ucb,29,52,0.3530094910095711,0.4721979334455606
gp_ratio_ucb,29,53,0.3530094910095711,0.4721979334455606
gp_ratio_ucb,29,54,0.3530094910095711,0.4721979334455606
gp_ratio_ucb,29,55,0.3530094910095711,0.4779736098947664
gp_ratio_ucb,29,56,0.3530094910095711,0.4779736098947664
gp_ratio_ucb,29,57,0.3530094910095711,0.4794206012938558
gp_ratio_ucb,29,58,0.3530094910095711,0.4794206012938558
gp_ratio_ucb,29,59,0.3530094910095711,0.4954027522270314
gp_ratio_ucb,29,60,0.3591703782490195,0.4965932564967504
gp_ratio_ucb,29,61,0.3591703782490195,0.49764904633370755
gp_ratio_ucb,29,62,0.3591703782490195,0.49893514719055165
gp_ratio_ucb,29,63,0.3591703782490195,0.49893514719055165
gp_ratio_ucb,29,64,0.3591703782490195,0.4999981077593569
gp_ratio_ucb,29,65,0.3591703782490195,0.4999981077593569
gp_ratio_ucb,29,66,0.3591703782490195,0.5007000660103519
gp_ratio_ucb,29,67,0.3591703782490195,0.5202439295503849
gp_ratio_ucb,29,68,0.3591703782490195,0.5202439295503849
gp_ratio_ucb,29,69,0.3591703782490195,0.5202439295503849
gp_ratio_ucb,29,70,0.3591703782490195,0.5202439295503849
gp_ratio_ucb,30,45,0.3116825290810931,0.4622123812121286
gp_ratio_ucb,30,46,0.3116825290810931,0.4622123812121286
gp_ratio_ucb,30,47,0.3116825290810931,0.4622123812121286
gp_ratio_ucb,30,48,0.3116825290810931,0.4622123812121286
gp_ratio_ucb,30,49,0.3116825290810931,0.4644483780630243
gp_ratio_ucb,30,50,0.3116825290810931,0.46530326959861584
gp_ratio_ucb,30,51,0.3116825290810931,0.46685402813613325
gp_ratio_ucb,30,52,0.3530094910095711,0.4721979334455606
gp_ratio_ucb,30,53,0.3530094910095711,0.4721979334455606
gp_ratio_ucb,30,54,0.3530094910095711,0.4721979334455606
gp_ratio_ucb,30,55,0.3530094910095711,0.4779736098947664
gp_ratio_ucb,30,56,0.3530094910095711,0.4779736098947664
gp_ratio_ucb,30,57,0.3530094910095711,0.4794206012938558
gp_ratio_ucb,30,58,0.3530094910095711,0.4794206012938558
gp_ratio_ucb,30,59,0.3530094910095711,0.4954027522270314
gp_ratio_ucb,30,60,0.3591703782490195,0.4965932564967504
gp_ratio_ucb,30,61,0.3591703782490195,0.49764904633370755
gp_ratio_ucb,30,62,0.3591703782490195,0.49893514719055165
gp_ratio_ucb,30,63,0.3591703782490195,0.49893514719055165
gp_ratio_ucb,30,64,0.3591703782490195,0.4999981077593569
gp_ratio_ucb,30,65,0.3591703782490195,0.4999981077593569
gp_ratio_ucb,30,66,0.3591703782490195,0.5007000660103519
gp_ratio_ucb,30,67,0.3591703782490195,0.5202439295503849
gp_ratio_ucb,30,68,0.3591703782490195,0.5202439295503849
gp_ratio_ucb,30,69,0.3591703782490195,0.5202439295503849
gp_ratio_ucb,30,70,0.3591703782490195,0.5202439295503849
gp_ratio_ucb,31,45,0.3116825290810931,0.4622123812121286
gp_ratio_ucb,31,46,0.3116825290810931,0.4622123812121286
gp_ratio_ucb,31,47,0.3116825290810931,0.4622123812121286
gp_ratio_ucb,31,48,0.3116825290810931,0.4622123812121286
gp_ratio_ucb,31,49,0.3116825290810931,0.4644483780630243
gp_ratio_ucb,31,50,0.3116825290810931,0.46530326959861584
gp_ratio_ucb,31,51,0.3116825290810931,0.46685402813613325
gp_ratio_ucb,31,52,0.3530094910095711,0.4721979334455606
gp_ratio_ucb,31,53,0.3530094910095711,0.4721979334455606
gp_ratio_ucb,31,54,0.3530094910095711,0.4721979334455606
gp_ratio_ucb,31,55,0.3530094910095711,0.4721979334455606
gp_ratio_ucb,31,56,0.3530094910095711,0.4721979334455606
gp_ratio_ucb,31,57,0.3530094910095711,0.4779736098947664
gp_ratio_ucb,31,58,0.3530094910095711,0.4794206012938558
gp_ratio_ucb,31,59,0.3530094910095711,0.4794206012938558
gp_ratio_ucb,31,60,0.3591703782490195,0.4806111055635748
gp_ratio_ucb,31,61,0.3591703782490195,0.4816668954005319
gp_ratio_ucb,31,62,0.3591703782490195,0.49764904633370755
gp_ratio_ucb,31,63,0.3591703782490195,0.49764904633370755
gp_ratio_ucb,31,64,0.3591703782490195,0.49893514719055165
gp_ratio_ucb,31,65,0.3591703782490195,0.4999981077593569
gp_ratio_ucb,31,66,0.3591703782490195,0.5007000660103519
gp_ratio_ucb,31,67,0.3591703782490195,0.5202439295503849
gp_ratio_ucb,31,68,0.3591703782490195,0.5202439295503849
gp_ratio_ucb,31,69,0.3591703782490195,0.5202439295503849
gp_ratio_ucb,31,70,0.3591703782490195,0.5202439295503849
gp_ratio_ucb,32,45,0.3116825290810931,0.4622123812121286
gp_ratio_ucb,32,46,0.3116825290810931,0.4622123812121286
gp_ratio_ucb,32,47,0.3116825290810931,0.4622123812121286
gp_ratio_ucb,32,48,0.3116825290810931,0.4622123812121286
gp_ratio_ucb,32,49,0.3116825290810931,0.4644483780630243
gp_ratio_ucb,32,50,0.3116825290810931,0.46530326959861584
gp_ratio_ucb,32,51,0.3116825290810931,0.46685402813613325
gp_ratio_ucb,32,52,0.3530094910095711,0.4721979334455606
gp_ratio_ucb,32,53,0.3530094910095711,0.4721979334455606
gp_ratio_ucb,32,54,0.3530094910095711,0.4721979334455606
gp_ratio_ucb,32,55,0.3530094910095711,0.4779736098947664
gp_ratio_ucb,32,56,0.3530094910095711,0.4779736098947664
gp_ratio_ucb,32,57,0.3530094910095711,0.4794206012938558
gp_ratio_ucb,32,58,0.3530094910095711,0.4794206012938558
gp_ratio_ucb,32,59,0.3530094910095711,0.4954027522270314
gp_ratio_ucb,32,60,0.3591703782490195,0.4965932564967504
gp_ratio_ucb,32,61,0.3591703782490195,0.49764904633370755
gp_ratio_ucb,32,62,0.3591703782490195,0.49893514719055165
gp_ratio_ucb,32,63,0.3591703782490195,0.49893514719055165
gp_ratio_ucb,32,64,0.3591703782490195,0.4999981077593569
gp_ratio_ucb,32,65,0.3591703782490195,0.4999981077593569
gp_ratio_ucb,32,66,0.3591703782490195,0.5007000660103519
gp_ratio_ucb,32,67,0.3591703782490195,0.5202439295503849
gp_ratio_ucb,32,68,0.3591703782490195,0.5202439295503849
gp_ratio_ucb,32,69,0.3591703782490195,0.5202439295503849
gp_ratio_ucb,32,70,0.3591703782490195,0.5202439295503849
gp_ratio_ucb,33,45,0.3116825290810931,0.4622123812121286
gp_ratio_ucb,33,46,0.3116825290810931,0.4622123812121286
gp_ratio_ucb,33,47,0.3116825290810931,0.4622123812121286
gp_ratio_ucb,33,48,0.3116825290810931,0.4622123812121286
gp_ratio_ucb,33,49,0.3116825290810931,0.4644483780630243
gp_ratio_ucb,33,50,0.3116825290810931,0.46530326959861584
gp_ratio_ucb,33,51,0.3116825290810931,0.46685402813613325
gp_ratio_ucb,33,52,0.3530094910095711,0.4721979334455606
gp_ratio_ucb,33,53,0.3530094910095711,0.4721979334455606
gp_ratio_ucb,33,54,0.3530094910095711,0.4721979334455606
gp_ratio_ucb,33,55,0.3530094910095711,0.4721979334455606
gp_ratio_ucb,33,56,0.3530094910095711,0.4721979334455606
gp_ratio_ucb,33,57,0.3530094910095711,0.4779736098947664
gp_ratio_ucb,33,58,0.3530094910095711,0.4794206012938558
gp_ratio_ucb,33,59,0.3530094910095711,0.4794206012938558
gp_ratio_ucb,33,60,0.3591703782490195,0.4806111055635748
gp_ratio_ucb,33,61,0.3591703782490195,0.4816668954005319
gp_ratio_ucb,33,62,0.3591703782490195,0.49764904633370755
gp_ratio_ucb,33,63,0.3591703782490195,0.49764904633370755
gp_ratio_ucb,33,64,0.3591703782490195,0.49893514719055165
gp_ratio_ucb,33,65,0.3591703782490195,0.4999981077593569
gp_ratio_ucb,33,66,0.3591703782490195,0.5007000660103519
gp_ratio_ucb,33,67,0.3591703782490195,0.5202439295503849
gp_ratio_ucb,33,68,0.3591703782490195,0.5202439295503849
gp_ratio_ucb,33,69,0.3591703782490195,0.5202439295503849
gp_ratio_ucb,33,70,0.3591703782490195,0.5202439295503849
gp_ratio_ucb,34,45,0.3116825290810931,0.4622123812121286
gp_ratio_ucb,34,46,0.3116825290810931,0.4622123812121286
gp_ratio_ucb,34,47,0.3116825290810931,0.4622123812121286
gp_ratio_ucb,34,48,0.3116825290810931,0.4622123812121286
gp_ratio_ucb,34,49,0.3116825290810931,0.4644483780630243
gp_ratio_ucb,34,50,0.3116825290810931,0.46530326959861584
gp_ratio_ucb,34,51,0.3116825290810931,0.46685402813613325
gp_ratio_ucb,34,52,0.3530094910095711,0.4721979334455606
gp_ratio_ucb,34,53,0.3530094910095711,0.4721979334455606
gp_ratio_ucb,34,54,0.3530094910095711,0.4721979334455606
gp_ratio_ucb,34,55,0.3530094910095711,0.4779736098947664
gp_ratio_ucb,34,56,0.3530094910095711,0.4779736098947664
gp_ratio_ucb,34,57,0.3530094910095711,0.4794206012938558
gp_ratio_ucb,34,58,0.3530094910095711,0.4794206012938558
gp_ratio_ucb,34,59,0.3530094910095711,0.4954027522270314
gp_ratio_ucb,34,60,0.3591703782490195,0.4965932564967504
gp_ratio_ucb,34,61,0.3591703782490195,0.49764904633370755
gp_ratio_ucb,34,62,0.3591703782490195,0.49893514719055165
gp_ratio_ucb,34,63,0.3591703782490195,0.49893514719055165
gp_ratio_ucb,34,64,0.3591703782490195,0.4999981077593569
gp_ratio_ucb,34,65,0.3591703782490195,0.4999981077593569
gp_ratio_ucb,34,66,0.3591703782490195,0.5007000660103519
gp_ratio_ucb,34,67,0.3591703782490195,0.5202439295503849
gp_ratio_ucb,34,68,0.3591703782490195,0.5202439295503849
gp_ratio_ucb,34,69,0.3591703782490195,0.5202439295503849
gp_ratio_ucb,34,70,0.3591703782490195,0.5202439295503849
gp_ratio_ucb,35,45,0.3116825290810931,0.4622123812121286
gp_ratio_ucb,35,46,0.3116825290810931,0.4622123812121286
gp_ratio_ucb,35,47,0.3116825290810931,0.4622123812121286
gp_ratio_ucb,35,48,0.3116825290810931,0.4622123812121286
gp_ratio_ucb,35,49,0.3116825290810931,0.4644483780630243
gp_ratio_ucb,35,50,0.3116825290810931,0.46530326959861584
gp_ratio_ucb,35,51,0.3116825290810931,0.46685402813613325
gp_ratio_ucb,35,52,0.3530094910095711,0.4721979334455606
gp_ratio_ucb,35,53,0.3530094910095711,0.4721979334455606
gp_ratio_ucb,35,54,0.3530094910095711,0.4721979334455606
gp_ratio_ucb,35,55,0.3530094910095711,0.4779736098947664
gp_ratio_ucb,35,56,0.3530094910095711,0.4779736098947664
gp_ratio_ucb,35,57,0.3530094910095711,0.4794206012938558
gp_ratio_ucb,35,58,0.3530094910095711,0.4794206012938558
gp_ratio_ucb,35,59,0.3530094910095711,0.4954027522270314
gp_ratio_ucb,35,60,0.3591703782490195,0.4965932564967504
gp_ratio_ucb,35,61,0.3591703782490195,0.49764904633370755
gp_ratio_ucb,35,62,0.3591703782490195,0.49893514719055165
gp_ratio_ucb,35,63,0.3591703782490195,0.49893514719055165
gp_ratio_ucb,35,64,0.3591703782490195,0.4999981077593569
gp_ratio_ucb,35,65,0.3591703782490195,0.4999981077593569
gp_ratio_ucb,35,66,0.3591703782490195,0.5007000660103519
gp_ratio_ucb,35,67,0.3591703782490195,0.5202439295503849
gp_ratio_ucb,35,68,0.3591703782490195,0.5202439295503849
gp_ratio_ucb,35,69,0.3591703782490195,0.5202439295503849
gp_ratio_ucb,35,70,0.3591703782490195,0.5202439295503849
gp_ratio_ucb,36,45,0.3116825290810931,0.4622123812121286
gp_ratio_ucb,36,46,0.3116825290810931,0.4622123812121286
gp_ratio_ucb,36,47,0.3116825290810931,0.4622123812121286
gp_ratio_ucb,36,48,0.3116825290810931,0.4622123812121286
gp_ratio_ucb,36,49,0.3116825290810931,0.4644483780630243
gp_ratio_ucb,36,50,0.3116825290810931,0.46530326959861584
gp_ratio_ucb,36,51,0.3116825290810931,0.46685402813613325
gp_ratio_ucb,36,52,0.3530094910095711,0.4721979334455606
gp_ratio_ucb,36,53,0.3530094910095711,0.4721979334455606
gp_ratio_ucb,36,54,0.3530094910095711,0.4721979334455606
gp_ratio_ucb,36,55,0.3530094910095711,0.4779736098947664
gp_ratio_ucb,36,56,0.3530094910095711,0.4779736098947664
gp_ratio_ucb,36,57,0.3530094910095711,0.4794206012938558
gp_ratio_ucb,36,58,0.3530094910095711,0.4794206012938558
gp_ratio_ucb,36,59,0.3530094910095711,0.4954027522270314
gp_ratio_ucb,36,60,0.3591703782490195,0.4965932564967504
gp_ratio_ucb,36,61,0.3591703782490195,0.49764904633370755
gp_ratio_ucb,36,62,0.3591703782490195,0.49893514719055165
gp_ratio_ucb,36,63,0.3591703782490195,0.49893514719055165
gp_ratio_ucb,36,64,0.3591703782490195,0.4999981077593569
gp_ratio_ucb,36,65,0.3591703782490195,0.4999981077593569
gp_ratio_ucb,36,66,0.3591703782490195,0.5007000660103519
gp_ratio_ucb,36,67,0.3591703782490195,0.5202439295503849
gp_ratio_ucb,36,68,0.3591703782490195,0.5202439295503849
gp_ratio_ucb,36,69,0.3591703782490195,0.5202439295503849
gp_ratio_ucb,36,70,0.3591703782490195,0.5202439295503849
gp_ratio_ucb,37,45,0.3116825290810931,0.4622123812121286
gp_ratio_ucb,37,46,0.3116825290810931,0.4622123812121286
gp_ratio_ucb,37,47,0.3116825290810931,0.4622123812121286
gp_ratio_ucb,37,48,0.3116825290810931,0.4622123812121286
gp_ratio_ucb,37,49,0.3116825290810931,0.4644483780630243
gp_ratio_ucb,37,50,0.3116825290810931,0.46530326959861584
gp_ratio_ucb,37,51,0.3116825290810931,0.46685402813613325
gp_ratio_ucb,37,52,0.3530094910095711,0.4721979334455606
gp_ratio_ucb,37,53,0.3530094910095711,0.4721979334455606
gp_ratio_ucb,37,54,0.3530094910095711,0.4721979334455606
gp_ratio_ucb,37,55,0.3530094910095711,0.4779736098947664
gp_ratio_ucb,37,56,0.3530094910095711,0.4779736098947664
gp_ratio_ucb,37,57,0.3530094910095711,0.4794206012938558
gp_ratio_ucb,37,58,0.3530094910095711,0.4794206012938558
gp_ratio_ucb,37,59,0.3530094910095711,0.4954027522270314
gp_ratio_ucb,37,60,0.3591703782490195,0.4965932564967504
gp_ratio_ucb,37,61,0.3591703782490195,0.49764904633370755
gp_ratio_ucb,37,62,0.3591703782490195,0.49893514719055165
gp_ratio_ucb,37,63,0.3591703782490195,0.49893514719055165
gp_ratio_ucb,37,64,0.3591703782490195,0.4999981077593569
gp_ratio_ucb,37,65,0.3591703782490195,0.4999981077593569
gp_ratio_ucb,37,66,0.3591703782490195,0.5007000660103519
gp_ratio_ucb,37,67,0.3591703782490195,0.5202439295503849
gp_ratio_ucb,37,68,0.3591703782490195,0.5202439295503849
gp_ratio_ucb,37,69,0.3591703782490195,0.5202439295503849
gp_ratio_ucb,37,70,0.3591703782490195,0.5202439295503849
gp_ratio_ucb,38,45,0.3116825290810931,0.4622123812121286
gp_ratio_ucb,38,46,0.3116825290810931,0.4622123812121286
gp_ratio_ucb,38,47,0.3116825290810931,0.4622123812121286
gp_ratio_ucb,38,48,0.3116825290810931,0.4622123812121286
gp_ratio_ucb,38,49,0.3116825290810931,0.4644483780630243
gp_ratio_ucb,38,50,0.3116825290810931,0.46530326959861584
gp_ratio_ucb,38,51,0.3116825290810931,0.46685402813613325
gp_ratio_ucb,38,52,0.3530094910095711,0.4721979334455606
gp_ratio_ucb,38,53,0.3530094910095711,0.4721979334455606
gp_ratio_ucb,38,54,0.3530094910095711,0.4721979334455606
gp_ratio_ucb,38,55,0.3530094910095711,0.4779736098947664
gp_ratio_ucb,38,56,0.3530094910095711,0.4779736098947664
gp_ratio_ucb,38,57,0.3530094910095711,0.4794206012938558
gp_ratio_ucb,38,58,0.3530094910095711,0.4794206012938558
gp_ratio_ucb,38,59,0.3530094910095711,0.4954027522270314
gp_ratio_ucb,38,60,0.3591703782490195,0.4965932564967504
gp_ratio_ucb,38,61,0.3591703782490195,0.49764904633370755
gp_ratio_ucb,38,62,0.3591703782490195,0.49893514719055165
gp_ratio_ucb,38,63,0.3591703782490195,0.49893514719055165
gp_ratio_ucb,38,64,0.3591703782490195,0.4999981077593569
gp_ratio_ucb,38,65,0.3591703782490195,0.4999981077593569
gp_ratio_ucb,38,66,0.3591703782490195,0.5007000660103519
gp_ratio_ucb,38,67,0.3591703782490195,0.5202439295503849
gp_ratio_ucb,38,68,0.3591703782490195,0.5202439295503849
gp_ratio_ucb,38,69,0.3591703782490195,0.5202439295503849
gp_ratio_ucb,38,70,0.3591703782490195,0.5202439295503849
gp_ratio_ucb,39,45,0.3116825290810931,0.4622123812121286
gp_ratio_ucb,39,46,0.3116825290810931,0.4622123812121286
gp_ratio_ucb,39,47,0.3116825290810931,0.4622123812121286
gp_ratio_ucb,39,48,0.3116825290810931,0.4622123812121286
gp_ratio_ucb,39,49,0.3116825290810931,0.4644483780630243
gp_ratio_ucb,39,50,0.3116825290810931,0.46530326959861584
gp_ratio_ucb,39,51,0.3116825290810931,0.46685402813613325
gp_ratio_ucb,39,52,0.3530094910095711,0.4721979334455606
gp_ratio_ucb,39,53,0.3530094910095711,0.4721979334455606
gp_ratio_ucb,39,54,0.3530094910095711,0.4721979334455606
gp_ratio_ucb,39,55,0.3530094910095711,0.4779736098947664
gp_ratio_ucb,39,56,0.3530094910095711,0.4779736098947664
gp_ratio_ucb,39,57,0.3530094910095711,0.4794206012938558
gp_ratio_ucb,39,58,0.3530094910095711,0.4794206012938558
gp_ratio_ucb,39,59,0.3530094910095711,0.4954027522270314
gp_ratio_ucb,39,60,0.3591703782490195,0.4965932564967504
gp_ratio_ucb,39,61,0.3591703782490195,0.49764904633370755
gp_ratio_ucb,39,62,0.3591703782490195,0.49893514719055165
gp_ratio_ucb,39,63,0.3591703782490195,0.49893514719055165
gp_ratio_ucb,39,64,0.3591703782490195,0.4999981077593569
gp_ratio_ucb,39,65,0.3591703782490195,0.4999981077593569
gp_ratio_ucb,39,66,0.3591703782490195,0.5007000660103519
gp_ratio_ucb,39,67,0.3591703782490195,0.5202439295503849
gp_ratio_ucb,39,68,0.3591703782490195,0.5202439295503849
gp_ratio_ucb,39,69,0.3591703782490195,0.5202439295503849
gp_ratio_ucb,39,70,0.3591703782490195,0.5202439295503849
gp_ratio_ucb,40,45,0.3116825290810931,0.4622123812121286
gp_ratio_ucb,40,46,0.3116825290810931,0.4622123812121286
gp_ratio_ucb,40,47,0.3116825290810931,0.4622123812121286
gp_ratio_ucb,40,48,0.3116825290810931,0.4622123812121286
gp_ratio_ucb,40,49,0.3116825290810931,0.4644483780630243
gp_ratio_ucb,40,50,0.3116825290810931,0.46530326959861584
gp_ratio_ucb,40,51,0.3116825290810931,0.46685402813613325
gp_ratio_ucb,40,52,0.3530094910095711,0.4721979334455606
gp_ratio_ucb,40,53,0.3530094910095711,0.4721979334455606
gp_ratio_ucb,40,54,0.3530094910095711,0.4721979334455606
gp_ratio_ucb,40,55,0.3530094910095711,0.4779736098947664
gp_ratio_ucb,40,56,0.3530094910095711,0.4779736098947664
gp_ratio_ucb,40,57,0.3530094910095711,0.4794206012938558
gp_ratio_ucb,40,58,0.3530094910095711,0.4794206012938558
gp_ratio_ucb,40,59,0.3530094910095711,0.4954027522270314
gp_ratio_ucb,40,60,0.3591703782490195,0.4965932564967504
gp_ratio_ucb,40,61,0.3591703782490195,0.49764904633370755
gp_ratio_ucb,40,62,0.3591703782490195,0.49893514719055165
gp_ratio_ucb,40,63,0.3591703782490195,0.49893514719055165
gp_ratio_ucb,40,64,0.3591703782490195,0.4999981077593569
gp_ratio_ucb,40,65,0.3591703782490195,0.4999981077593569
gp_ratio_ucb,40,66,0.3591703782490195,0.5007000660103519
gp_ratio_ucb,40,67,0.3591703782490195,0.5202439295503849
gp_ratio_ucb,40,68,0.3591703782490195,0.5202439295503849
gp_ratio_ucb,40,69,0.3591703782490195,0.5202439295503849
gp_ratio_ucb,40,70,0.3591703782490195,0.5202439295503849
gp_ratio_ucb,41,45,0.3116825290810931,0.4622123812121286
gp_ratio_ucb,41,46,0.3116825290810931,0.4622123812121286
gp_ratio_ucb,41,47,0.3116825290810931,0.4622123812121286
gp_ratio_ucb,41,48,0.3116825290810931,0.4622123812121286
gp_ratio_ucb,41,49,0.3116825290810931,0.4644483780630243
gp_ratio_ucb,41,50,0.3116825290810931,0.46530326959861584
gp_ratio_ucb,41,51,0.3116825290810931,0.46685402813613325
gp_ratio_ucb,41,52,0.3530094910095711,0.4721979334455606
gp_ratio_ucb,41,53,0.3530094910095711,0.4721979334455606
gp_ratio_ucb,41,54,0.3530094910095711,0.4721979334455606
gp_ratio_ucb,41,55,0.3530094910095711,0.4779736098947664
gp_ratio_ucb,41,56,0.3530094910095711,0.4779736098947664
gp_ratio_ucb,41,57,0.3530094910095711,0.4794206012938558
gp_ratio_ucb,41,58,0.3530094910095711,0.4794206012938558
gp_ratio_ucb,41,59,0.3530094910095711,0.4954027522270314
gp_ratio_ucb,41,60,0.3591703782490195,0.4965932564967504
gp_ratio_ucb,41,61,0.3591703782490195,0.49764904633370755
gp_ratio_ucb,41,62,0.3591703782490195,0.49893514719055165
gp_ratio_ucb,41,63,0.3591703782490195,0.49893514719055165
gp_ratio_ucb,41,64,0.3591703782490195,0.4999981077593569
gp_ratio_ucb,41,65,0.3591703782490195,0.4999981077593569
gp_ratio_ucb,41,66,0.3591703782490195,0.5007000660103519
gp_ratio_ucb,41,67,0.3591703782490195,0.5202439295503849
gp_ratio_ucb,41,68,0.3591703782490195,0.5202439295503849
gp_ratio_ucb,41,69,0.3591703782490195,0.5202439295503849
gp_ratio_ucb,41,70,0.3591703782490195,0.5202439295503849
gp_ratio_ucb,42,45,0.3116825290810931,0.4622123812121286
gp_ratio_ucb,42,46,0.3116825290810931,0.4622123812121286
gp_ratio_ucb,42,47,0.3116825290810931,0.4622123812121286
gp_ratio_ucb,42,48,0.3116825290810931,0.4622123812121286
gp_ratio_ucb,42,49,0.3116825290810931,0.4644483780630243
gp_ratio_ucb,42,50,0.3116825290810931,0.46530326959861584
gp_ratio_ucb,42,51,0.3116825290810931,0.46685402813613325
gp_ratio_ucb,42,52,0.3530094910095711,0.4721979334455606
gp_ratio_ucb,42,53,0.3530094910095711,0.4721979334455606
gp_ratio_ucb,42,54,0.3530094910095711,0.4721979334455606
gp_ratio_ucb,42,55,0.3530094910095711,0.4779736098947664
gp_ratio_ucb,42,56,0.3530094910095711,0.4779736098947664
gp_ratio_ucb,42,57,0.3530094910095711,0.4794206012938558
gp_ratio_ucb,42,58,0.3530094910095711,0.4794206012938558
gp_ratio_ucb,42,59,0.3530094910095711,0.4954027522270314
gp_ratio_ucb,42,60,0.3591703782490195,0.4965932564967504
gp_ratio_ucb,42,61,0.3591703782490195,0.49764904633370755
gp_ratio_ucb,42,62,0.3591703782490195,0.49893514719055165
gp_ratio_ucb,42,63,0.3591703782490195,0.49893514719055165
gp_ratio_ucb,42,64,0.3591703782490195,0.4999981077593569
gp_ratio_ucb,42,65,0.3591703782490195,0.4999981077593569
gp_ratio_ucb,42,66,0.3591703782490195,0.5007000660103519
gp_ratio_ucb,42,67,0.3591703782490195,0.5202439295503849
gp_ratio_ucb,42,68,0.3591703782490195,0.5202439295503849
gp_ratio_ucb,42,69,0.3591703782490195,0.5202439295503849
gp_ratio_ucb,42,70,0.3591703782490195,0.5202439295503849
gp_ratio_ucb,43,45,0.3116825290810931,0.4622123812121286
gp_ratio_ucb,43,46,0.3116825290810931,0.4622123812121286
gp_ratio_ucb,43,47,0.3116825290810931,0.4622123812121286
gp_ratio_ucb,43,48,0.3116825290810931,0.4622123812121286
gp_ratio_ucb,43,49,0.3116825290810931,0.4644483780630243
gp_ratio_ucb,43,50,0.3116825290810931,0.46530326959861584
gp_ratio_ucb,43,51,0.3116825290810931,0.46685402813613325
gp_ratio_ucb,43,52,0.3530094910095711,0.4721979334455606
gp_ratio_ucb,43,53,0.3530094910095711,0.4721979334455606
gp_ratio_ucb,43,54,0.3530094910095711,0.4721979334455606
gp_ratio_ucb,43,55,0.3530094910095711,0.4779736098947664
gp_ratio_ucb,43,56,0.3530094910095711,0.4779736098947664
gp_ratio_ucb,43,57,0.3530094910095711,0.4794206012938558
gp_ratio_ucb,43,58,0.3530094910095711,0.4794206012938558
gp_ratio_ucb,43,59,0.3530094910095711,0.4954027522270314
gp_ratio_ucb,43,60,0.3591703782490195,0.4965932564967504
gp_ratio_ucb,43,61,0.3591703782490195,0.49764904633370755
gp_ratio_ucb,43,62,0.3591703782490195,0.49893514719055165
gp_ratio_ucb,43,63,0.3591703782490195,0.49893514719055165
gp_ratio_ucb,43,64,0.3591703782490195,0.4999981077593569
gp_ratio_ucb,43,65,0.3591703782490195,0.4999981077593569
gp_ratio_ucb,43,66,0.3591703782490195,0.5007000660103519
gp_ratio_ucb,43,67,0.3591703782490195,0.5202439295503849
gp_ratio_ucb,43,68,0.3591703782490195,0.5202439295503849
gp_ratio_ucb,43,69,0.3591703782490195,0.5202439295503849
gp_ratio_ucb,43,70,0.3591703782490195,0.5202439295503849
gp_ratio_ucb,44,45,0.3116825290810931,0.4622123812121286
gp_ratio_ucb,44,46,0.3116825290810931,0.4622123812121286
gp_ratio_ucb,44,47,0.3116825290810931,0.4622123812121286
gp_ratio_ucb,44,48,0.3116825290810931,0.4622123812121286
gp_ratio_ucb,44,49,0.3116825290810931,0.4644483780630243
gp_ratio_ucb,44,50,0.3116825290810931,0.46530326959861584
gp_ratio_ucb,44,51,0.3116825290810931,0.46685402813613325
gp_ratio_ucb,44,52,0.3530094910095711,0.4721979334455606
gp_ratio_ucb,44,53,0.3530094910095711,0.4721979334455606
gp_ratio_ucb,44,54,0.3530094910095711,0.4721979334455606
gp_ratio_ucb,44,55,0.3530094910095711,0.4779736098947664
gp_ratio_ucb,44,56,0.3530094910095711,0.4779736098947664
gp_ratio_ucb,44,57,0.3530094910095711,0.4794206012938558
gp_ratio_ucb,44,58,0.3530094910095711,0.4794206012938558
gp_ratio_ucb,44,59,0.3530094910095711,0.4954027522270314
gp_ratio_ucb,44,60,0.3591703782490195,0.4965932564967504
gp_ratio_ucb,44,61,0.3591703782490195,0.49764904633370755
gp_ratio_ucb,44,62,0.3591703782490195,0.49893514719055165
gp_ratio_ucb,44,63,0.3591703782490195,0.49893514719055165
gp_ratio_ucb,44,64,0.3591703782490195,0.4999981077593569
gp_ratio_ucb,44,65,0.3591703782490195,0.4999981077593569
gp_ratio_ucb,44,66,0.3591703782490195,0.5007000660103519
gp_ratio_ucb,44,67,0.3591703782490195,0.5202439295503849
gp_ratio_ucb,44,68,0.3591703782490195,0.5202439295503849
gp_ratio_ucb,44,69,0.3591703782490195,0.5202439295503849
gp_ratio_ucb,44,70,0.3591703782490195,0.5202439295503849
gp_ratio_ucb,45,45,0.3116825290810931,0.4622123812121286
gp_ratio_ucb,45,46,0.3116825290810931,0.4622123812121286
gp_ratio_ucb,45,47,0.3116825290810931,0.4622123812121286
gp_ratio_ucb,45,48,0.3116825290810931,0.4622123812121286
gp_ratio_ucb,45,49,0.3116825290810931,0.4644483780630243
gp_ratio_ucb,45,50,0.3116825290810931,0.46530326959861584
gp_ratio_ucb,45,51,0.3116825290810931,0.46685402813613325
gp_ratio_ucb,45,52,0.3530094910095711,0.4721979334455606
gp_ratio_ucb,45,53,0.3530094910095711,0.4721979334455606
gp_ratio_ucb,45,54,0.3530094910095711,0.4721979334455606
gp_ratio_ucb,45,55,0.3530094910095711,0.4779736098947664
gp_ratio_ucb,45,56,0.3530094910095711,0.4779736098947664
gp_ratio_ucb,45,57,0.3530094910095711,0.4794206012938558
gp_ratio_ucb,45,58,0.3530094910095711,0.4794206012938558
gp_ratio_ucb,45,59,0.3530094910095711,0.4954027522270314
gp_ratio_ucb,45,60,0.3591703782490195,0.4965932564967504
gp_ratio_ucb,45,61,0.3591703782490195,0.49764904633370755
gp_ratio_ucb,45,62,0.3591703782490195,0.49893514719055165
gp_ratio_ucb,45,63,0.3591703782490195,0.49893514719055165
gp_ratio_ucb,45,64,0.3591703782490195,0.4999981077593569
gp_ratio_ucb,45,65,0.3591703782490195,0.4999981077593569
gp_ratio_ucb,45,66,0.3591703782490195,0.5007000660103519
gp_ratio_ucb,45,67,0.3591703782490195,0.5202439295503849
gp_ratio_ucb,45,68,0.3591703782490195,0.5202439295503849
gp_ratio_ucb,45,69,0.3591703782490195,0.5202439295503849
gp_ratio_ucb,45,70,0.3591703782490195,0.5202439295503849
gp_ratio_ucb,46,45,0.3116825290810931,0.4622123812121286
gp_ratio_ucb,46,46,0.3116825290810931,0.4622123812121286
gp_ratio_ucb,46,47,0.3116825290810931,0.4622123812121286
gp_ratio_ucb,46,48,0.3116825290810931,0.4622123812121286
gp_ratio_ucb,46,49,0.3116825290810931,0.4644483780630243
gp_ratio_ucb,46,50,0.3116825290810931,0.46530326959861584
gp_ratio_ucb,46,51,0.3116825290810931,0.46685402813613325
gp_ratio_ucb,46,52,0.3530094910095711,0.4721979334455606
gp_ratio_ucb,46,53,0.3530094910095711,0.4721979334455606
gp_ratio_ucb,46,54,0.3530094910095711,0.4721979334455606
gp_ratio_ucb,46,55,0.3530094910095711,0.4779736098947664
gp_ratio_ucb,46,56,0.3530094910095711,0.4779736098947664
gp_ratio_ucb,46,57,0.3530094910095711,0.4794206012938558
gp_ratio_ucb,46,58,0.3530094910095711,0.4794206012938558
gp_ratio_ucb,46,59,0.3530094910095711,0.4954027522270314
gp_ratio_ucb,46,60,0.3591703782490195,0.4965932564967504
gp_ratio_ucb,46,61,0.3591703782490195,0.49764904633370755
gp_ratio_ucb,46,62,0.3591703782490195,0.49893514719055165
gp_ratio_ucb,46,63,0.3591703782490195,0.49893514719055165
gp_ratio_ucb,46,64,0.3591703782490195,0.4999981077593569
gp_ratio_ucb,46,65,0.3591703782490195,0.4999981077593569
gp_ratio_ucb,46,66,0.3591703782490195,0.5007000660103519
gp_ratio_ucb,46,67,0.3591703782490195,0.5202439295503849
gp_ratio_ucb,46,68,0.3591703782490195,0.5202439295503849
gp_ratio_ucb,46,69,0.3591703782490195,0.5202439295503849
gp_ratio_ucb,46,70,0.3591703782490195,0.5202439295503849
gp_ratio_ucb,47,45,0.3116825290810931,0.4622123812121286
gp_ratio_ucb,47,46,0.3116825290810931,0.4622123812121286
gp_ratio_ucb,47,47,0.3116825290810931,0.4622123812121286
gp_ratio_ucb,47,48,0.3116825290810931,0.4622123812121286
gp_ratio_ucb,47,49,0.3116825290810931,0.4644483780630243
gp_ratio_ucb,47,50,0.3116825290810931,0.46530326959861584
gp_ratio_ucb,47,51,0.3116825290810931,0.46685402813613325
gp_ratio_ucb,47,52,0.3530094910095711,0.4721979334455606
gp_ratio_ucb,47,53,0.3530094910095711,0.4721979334455606
gp_ratio_ucb,47,54,0.3530094910095711,0.4721979334455606
gp_ratio_ucb,47,55,0.3530094910095711,0.4779736098947664
gp_ratio_ucb,47,56,0.3530094910095711,0.4779736098947664
gp_ratio_ucb,47,57,0.3530094910095711,0.4794206012938558
gp_ratio_ucb,47,58,0.3530094910095711,0.4794206012938558
gp_ratio_ucb,47,59,0.3530094910095711,0.4954027522270314
gp_ratio_ucb,47,60,0.3591703782490195,0.4965932564967504
gp_ratio_ucb,47,61,0.3591703782490195,0.49764904633370755
gp_ratio_ucb,47,62,0.3591703782490195,0.49893514719055165
gp_ratio_ucb,47,63,0.3591703782490195,0.49893514719055165
gp_ratio_ucb,47,64,0.3591703782490195,0.4999981077593569
gp_ratio_ucb,47,65,0.3591703782490195,0.4999981077593569
gp_ratio_ucb,47,66,0.3591703782490195,0.5007000660103519
gp_ratio_ucb,47,67,0.3591703782490195,0.5202439295503849
gp_ratio_ucb,47,68,0.3591703782490195,0.5202439295503849
gp_ratio_ucb,47,69,0.3591703782490195,0.5202439295503849
gp_ratio_ucb,47,70,0.3591703782490195,0.5202439295503849
gp_ratio_ucb,48,45,0.3116825290810931,0.4622123812121286
gp_ratio_ucb,48,46,0.3116825290810931,0.4622123812121286
gp_ratio_ucb,48,47,0.3116825290810931,0.4622123812121286
gp_ratio_ucb,48,48,0.3116825290810931,0.4622123812121286
gp_ratio_ucb,48,49,0.3116825290810931,0.4644483780630243
gp_ratio_ucb,48,50,0.3116825290810931,0.46530326959861584
gp_ratio_ucb,48,51,0.3116825290810931,0.46685402813613325
gp_ratio_ucb,48,52,0.3530094910095711,0.4721979334455606
gp_ratio_ucb,48,53,0.3530094910095711,0.4721979334455606
gp_ratio_ucb,48,54,0.3530094910095711,0.4721979334455606
gp_ratio_ucb,48,55,0.3530094910095711,0.4779736098947664
gp_ratio_ucb,48,56,0.3530094910095711,0.4779736098947664
gp_ratio_ucb,48,57,0.3530094910095711,0.4794206012938558
gp_ratio_ucb,48,58,0.3530094910095711,0.4794206012938558
gp_ratio_ucb,48,59,0.3530094910095711,0.4954027522270314
gp_ratio_ucb,48,60,0.3591703782490195,0.4965932564967504
gp_ratio_ucb,48,61,0.3591703782490195,0.49764904633370755
gp_ratio_ucb,48,62,0.3591703782490195,0.49893514719055165
gp_ratio_ucb,48,63,0.3591703782490195,0.49893514719055165
gp_ratio_ucb,48,64,0.3591703782490195,0.4999981077593569
gp_ratio_ucb,48,65,0.3591703782490195,0.4999981077593569
gp_ratio_ucb,48,66,0.3591703782490195,0.5007000660103519
gp_ratio_ucb,48,67,0.3591703782490195,0.5202439295503849
gp_ratio_ucb,48,68,0.3591703782490195,0.5202439295503849
gp_ratio_ucb,48,69,0.3591703782490195,0.5202439295503849
gp_ratio_ucb,48,70,0.3591703782490195,0.5202439295503849
gp_ratio_ucb,49,45,0.3116825290810931,0.4622123812121286
gp_ratio_ucb,49,46,0.3116825290810931,0.4622123812121286
gp_ratio_ucb,49,47,0.3116825290810931,0.4622123812121286
gp_ratio_ucb,49,48,0.3116825290810931,0.4622123812121286
gp_ratio_ucb,49,49,0.3116825290810931,0.4644483780630243
gp_ratio_ucb,49,50,0.3116825290810931,0.46530326959861584
gp_ratio_ucb,49,51,0.3116825290810931,0.46685402813613325
gp_ratio_ucb,49,52,0.3530094910095711,0.4721979334455606
gp_ratio_ucb,49,53,0.3530094910095711,0.4721979334455606
gp_ratio_ucb,49,54,0.3530094910095711,0.4721979334455606
gp_ratio_ucb,49,55,0.3530094910095711,0.4779736098947664
gp_ratio_ucb,49,56,0.3530094910095711,0.4779736098947664
gp_ratio_ucb,49,57,0.3530094910095711,0.4794206012938558
gp_ratio_ucb,49,58,0.3530094910095711,0.4794206012938558
gp_ratio_ucb,49,59,0.3530094910095711,0.4954027522270314
gp_ratio_ucb,49,60,0.3591703782490195,0.4965932564967504
gp_ratio_ucb,49,61,0.3591703782490195,0.49764904633370755
gp_ratio_ucb,49,62,0.3591703782490195,0.49893514719055165
gp_ratio_ucb,49,63,0.3591703782490195,0.49893514719055165
gp_ratio_ucb,49,64,0.3591703782490195,0.4999981077593569
gp_ratio_ucb,49,65,0.3591703782490195,0.4999981077593569
gp_ratio_ucb,49,66,0.3591703782490195,0.5007000660103519
gp_ratio_ucb,49,67,0.3591703782490195,0.5202439295503849
gp_ratio_ucb,49,68,0.3591703782490195,0.5202439295503849
gp_ratio_ucb,49,69,0.3591703782490195,0.5202439295503849
gp_ratio_ucb,49,70,0.3591703782490195,0.5202439295503849
gp_pareto_unc,0,45,0.3116825290810931,0.4622123812121286
gp_pareto_unc,0,46,0.3116825290810931,0.4622123812121286
gp_pareto_unc,0,47,0.3591703782490195,0.468719343392353
gp_pareto_unc,0,48,0.3591703782490195,0.47040986361581094
gp_pareto_unc,0,49,0.3591703782490195,0.47040986361581094
gp_pareto_unc,0,50,0.3591703782490195,0.47091795139110704
gp_pareto_unc,0,51,0.3591703782490195,0.4711524408643839
gp_pareto_unc,0,52,0.3591703782490195,0.4711524408643839
gp_pareto_unc,0,53,0.3591703782490195,0.4733884377152796
gp_pareto_unc,0,54,0.3591703782490195,0.4791641141644854
gp_pareto_unc,0,55,0.3591703782490195,0.4791641141644854
gp_pareto_unc,0,56,0.3591703782490195,0.4791641141644854
gp_pareto_unc,0,57,0.3591703782490195,0.48022707473329057
gp_pareto_unc,0,58,0.3591703782490195,0.48022707473329057
gp_pareto_unc,0,59,0.3591703782490195,0.48167406613238
gp_pareto_unc,0,60,0.3591703782490195,0.4976562170655556
gp_pareto_unc,0,61,0.3591703782490195,0.4976562170655556
gp_pareto_unc,0,62,0.3591703782490195,0.4976562170655556
gp_pareto_unc,0,63,0.3591703782490195,0.4976562170655556
gp_pareto_unc,0,64,0.3591703782490195,0.5172000806055886
gp_pareto_unc,0,65,0.3591703782490195,0.5180515534299004
gp_pareto_unc,0,66,0.3591703782490195,0.5189781018560244
gp_pareto_unc,0,67,0.3591703782490195,0.5202439295503849
gp_pareto_unc,0,68,0.3591703782490195,0.5202439295503849
gp_pareto_unc,0,69,0.3591703782490195,0.5202439295503849
gp_pareto_unc,0,70,0.3591703782490195,0.5202439295503849
gp_pareto_unc,1,45,0.3116825290810931,0.4622123812121286
gp_pareto_unc,1,46,0.3116825290810931,0.4622123812121286
gp_pareto_unc,1,47,0.3591703782490195,0.468719343392353
gp_pareto_unc,1,48,0.3591703782490195,0.47040986361581094
gp_pareto_unc,1,49,0.3591703782490195,0.47040986361581094
gp_pareto_unc,1,50,0.3591703782490195,0.47091795139110704
gp_pareto_unc,1,51,0.3591703782490195,0.4711524408643839
gp_pareto_unc,1,52,0.3591703782490195,0.4711524408643839
gp_pareto_unc,1,53,0.3591703782490195,0.4733884377152796
gp_pareto_unc,1,54,0.3591703782490195,0.4791641141644854
gp_pareto_unc,1,55,0.3591703782490195,0.4791641141644854
gp_pareto_unc,1,56,0.3591703782490195,0.4791641141644854
gp_pareto_unc,1,57,0.3591703782490195,0.48022707473329057
gp_pareto_unc,1,58,0.3591703782490195,0.48022707473329057
gp_pareto_unc,1,59,0.3591703782490195,0.48167406613238
gp_pareto_unc,1,60,0.3591703782490195,0.4976562170655556
gp_pareto_unc,1,61,0.3591703782490195,0.4976562170655556
gp_pareto_unc,1,62,0.3591703782490195,0.4976562170655556
gp_pareto_unc,1,63,0.3591703782490195,0.4976562170655556
gp_pareto_unc,1,64,0.3591703782490195,0.5172000806055886
gp_pareto_unc,1,65,0.3591703782490195,0.5180515534299004
gp_pareto_unc,1,66,0.3591703782490195,0.5189781018560244
gp_pareto_unc,1,67,0.3591703782490195,0.5202439295503849
gp_pareto_unc,1,68,0.3591703782490195,0.5202439295503849
gp_pareto_unc,1,69,0.3591703782490195,0.5202439295503849
gp_pareto_unc,1,70,0.3591703782490195,0.5202439295503849
gp_pareto_unc,2,45,0.3116825290810931,0.4622123812121286
gp_pareto_unc,2,46,0.3116825290810931,0.4622123812121286
gp_pareto_unc,2,47,0.3591703782490195,0.468719343392353
gp_pareto_unc,2,48,0.3591703782490195,0.47040986361581094
gp_pareto_unc,2,49,0.3591703782490195,0.47040986361581094
gp_pareto_unc,2,50,0.3591703782490195,0.47091795139110704
gp_pareto_unc,2,51,0.3591703782490195,0.4711524408643839
gp_pareto_unc,2,52,0.3591703782490195,0.4711524408643839
gp_pareto_unc,2,53,0.3591703782490195,0.4733884377152796
gp_pareto_unc,2,54,0.3591703782490195,0.4791641141644854
gp_pareto_unc,2,55,0.3591703782490195,0.4791641141644854
gp_pareto_unc,2,56,0.3591703782490195,0.4791641141644854
gp_pareto_unc,2,57,0.3591703782490195,0.48022707473329057
gp_pareto_unc,2,58,0.3591703782490195,0.48022707473329057
gp_pareto_unc,2,59,0.3591703782490195,0.48167406613238
gp_pareto_unc,2,60,0.3591703782490195,0.4976562170655556
gp_pareto_unc,2,61,0.3591703782490195,0.4976562170655556
gp_pareto_unc,2,62,0.3591703782490195,0.4976562170655556
gp_pareto_unc,2,63,0.3591703782490195,0.4976562170655556
gp_pareto_unc,2,64,0.3591703782490195,0.5172000806055886
gp_pareto_unc,2,65,0.3591703782490195,0.5180515534299004
gp_pareto_unc,2,66,0.3591703782490195,0.5189781018560244
gp_pareto_unc,2,67,0.3591703782490195,0.5202439295503849
gp_pareto_unc,2,68,0.3591703782490195,0.5202439295503849
gp_pareto_unc,2,69,0.3591703782490195,0.5202439295503849
gp_pareto_unc,2,70,0.3591703782490195,0.5202439295503849
gp_pareto_unc,3,45,0.3116825290810931,0.4622123812121286
gp_pareto_unc,3,46,0.3116825290810931,0.4622123812121286
gp_pareto_unc,3,47,0.3591703782490195,0.468719343392353
gp_pareto_unc,3,48,0.3591703782490195,0.47040986361581094
gp_pareto_unc,3,49,0.3591703782490195,0.47040986361581094
gp_pareto_unc,3,50,0.3591703782490195,0.47091795139110704
gp_pareto_unc,3,51,0.3591703782490195,0.4711524408643839
gp_pareto_unc,3,52,0.3591703782490195,0.4711524408643839
gp_pareto_unc,3,53,0.3591703782490195,0.4733884377152796
gp_pareto_unc,3,54,0.3591703782490195,0.4791641141644854
gp_pareto_unc,3,55,0.3591703782490195,0.4791641141644854
gp_pareto_unc,3,56,0.3591703782490195,0.4791641141644854
gp_pareto_unc,3,57,0.3591703782490195,0.48022707473329057
gp_pareto_unc,3,58,0.3591703782490195,0.48022707473329057
gp_pareto_unc,3,59,0.3591703782490195,0.48167406613238
gp_pareto_unc,3,60,0.3591703782490195,0.4976562170655556
gp_pareto_unc,3,61,0.3591703782490195,0.4976562170655556
gp_pareto_unc,3,62,0.3591703782490195,0.4976562170655556
gp_pareto_unc,3,63,0.3591703782490195,0.4976562170655556
gp_pareto_unc,3,64,0.3591703782490195,0.5172000806055886
gp_pareto_unc,3,65,0.3591703782490195,0.5180515534299004
gp_pareto_unc,3,66,0.3591703782490195,0.5189781018560244
gp_pareto_unc,3,67,0.3591703782490195,0.5202439295503849
gp_pareto_unc,3,68,0.3591703782490195,0.5202439295503849
gp_pareto_unc,3,69,0.3591703782490195,0.5202439295503849
gp_pareto_unc,3,70,0.3591703782490195,0.5202439295503849
gp_pareto_unc,4,45,0.3116825290810931,0.4622123812121286
gp_pareto_unc,4,46,0.3116825290810931,0.4622123812121286
gp_pareto_unc,4,47,0.3591703782490195,0.468719343392353
gp_pareto_unc,4,48,0.3591703782490195,0.47040986361581094
gp_pareto_unc,4,49,0.3591703782490195,0.47040986361581094
gp_pareto_unc,4,50,0.3591703782490195,0.47091795139110704
gp_pareto_unc,4,51,0.3591703782490195,0.4711524408643839
gp_pareto_unc,4,52,0.3591703782490195,0.4711524408643839
gp_pareto_unc,4,53,0.3591703782490195,0.4733884377152796
gp_pareto_unc,4,54,0.3591703782490195,0.4791641141644854
gp_pareto_unc,4,55,0.3591703782490195,0.4791641141644854
gp_pareto_unc,4,56,0.3591703782490195,0.4791641141644854
gp_pareto_unc,4,57,0.3591703782490195,0.48022707473329057
gp_pareto_unc,4,58,0.3591703782490195,0.48022707473329057
gp_pareto_unc,4,59,0.3591703782490195,0.48167406613238
gp_pareto_unc,4,60,0.3591703782490195,0.4976562170655556
gp_pareto_unc,4,61,0.3591703782490195,0.4976562170655556
gp_pareto_unc,4,62,0.3591703782490195,0.4976562170655556
gp_pareto_unc,4,63,0.3591703782490195,0.4976562170655556
gp_pareto_unc,4,64,0.3591703782490195,0.5172000806055886
gp_pareto_unc,4,65,0.3591703782490195,0.5180515534299004
gp_pareto_unc,4,66,0.3591703782490195,0.5189781018560244
gp_pareto_unc,4,67,0.3591703782490195,0.5202439295503849
gp_pareto_unc,4,68,0.3591703782490195,0.5202439295503849
gp_pareto_unc,4,69,0.3591703782490195,0.5202439295503849
gp_pareto_unc,4,70,0.3591703782490195,0.5202439295503849
gp_pareto_unc,5,45,0.3116825290810931,0.4622123812121286
gp_pareto_unc,5,46,0.3116825290810931,0.4622123812121286
gp_pareto_unc,5,47,0.3591703782490195,0.468719343392353
gp_pareto_unc,5,48,0.3591703782490195,0.47040986361581094
gp_pareto_unc,5,49,0.3591703782490195,0.47040986361581094
gp_pareto_unc,5,50,0.3591703782490195,0.47091795139110704
gp_pareto_unc,5,51,0.3591703782490195,0.4711524408643839
gp_pareto_unc,5,52,0.3591703782490195,0.4711524408643839
gp_pareto_unc,5,53,0.3591703782490195,0.4733884377152796
gp_pareto_unc,5,54,0.3591703782490195,0.4791641141644854
gp_pareto_unc,5,55,0.3591703782490195,0.4791641141644854
gp_pareto_unc,5,56,0.3591703782490195,0.4791641141644854
gp_pareto_unc,5,57,0.3591703782490195,0.48022707473329057
gp_pareto_unc,5,58,0.3591703782490195,0.48022707473329057
gp_pareto_unc,5,59,0.3591703782490195,0.48167406613238
gp_pareto_unc,5,60,0.3591703782490195,0.4976562170655556
gp_pareto_unc,5,61,0.3591703782490195,0.4976562170655556
gp_pareto_unc,5,62,0.3591703782490195,0.4976562170655556
gp_pareto_unc,5,63,0.3591703782490195,0.4976562170655556
gp_pareto_unc,5,64,0.3591703782490195,0.5172000806055886
gp_pareto_unc,5,65,0.3591703782490195,0.5180515534299004
gp_pareto_unc,5,66,0.3591703782490195,0.5189781018560244
gp_pareto_unc,5,67,0.3591703782490195,0.5202439295503849
gp_pareto_unc,5,68,0.3591703782490195,0.5202439295503849
gp_pareto_unc,5,69,0.3591703782490195,0.5202439295503849
gp_pareto_unc,5,70,0.3591703782490195,0.5202439295503849
gp_pareto_unc,6,45,0.3116825290810931,0.4622123812121286
gp_pareto_unc,6,46,0.3116825290810931,0.4622123812121286
gp_pareto_unc,6,47,0.3591703782490195,0.468719343392353
gp_pareto_unc,6,48,0.3591703782490195,0.47040986361581094
gp_pareto_unc,6,49,0.3591703782490195,0.47040986361581094
gp_pareto_unc,6,50,0.3591703782490195,0.47091795139110704
gp_pareto_unc,6,51,0.3591703782490195,0.4711524408643839
gp_pareto_unc,6,52,0.3591703782490195,0.4711524408643839
gp_pareto_unc,6,53,0.3591703782490195,0.4733884377152796
gp_pareto_unc,6,54,0.3591703782490195,0.4791641141644854
gp_pareto_unc,6,55,0.3591703782490195,0.4791641141644854
gp_pareto_unc,6,56,0.3591703782490195,0.4791641141644854
gp_pareto_unc,6,57,0.3591703782490195,0.48022707473329057
gp_pareto_unc,6,58,0.3591703782490195,0.48022707473329057
gp_pareto_unc,6,59,0.3591703782490195,0.48167406613238
gp_pareto_unc,6,60,0.3591703782490195,0.4976562170655556
gp_pareto_unc,6,61,0.3591703782490195,0.4976562170655556
gp_pareto_unc,6,62,0.3591703782490195,0.4976562170655556
gp_pareto_unc,6,63,0.3591703782490195,0.4976562170655556
gp_pareto_unc,6,64,0.3591703782490195,0.5172000806055886
gp_pareto_unc,6,65,0.3591703782490195,0.5180515534299004
gp_pareto_unc,6,66,0.3591703782490195,0.5189781018560244
gp_pareto_unc,6,67,0.3591703782490195,0.5202439295503849
gp_pareto_unc,6,68,0.3591703782490195,0.5202439295503849
gp_pareto_unc,6,69,0.3591703782490195,0.5202439295503849
gp_pareto_unc,6,70,0.3591703782490195,0.5202439295503849
gp_pareto_unc,7,45,0.3116825290810931,0.4622123812121286
gp_pareto_unc,7,46,0.3116825290810931,0.4622123812121286
gp_pareto_unc,7,47,0.3591703782490195,0.468719343392353
gp_pareto_unc,7,48,0.3591703782490195,0.47040986361581094
gp_pareto_unc,7,49,0.3591703782490195,0.47040986361581094
gp_pareto_unc,7,50,0.3591703782490195,0.47091795139110704
gp_pareto_unc,7,51,0.3591703782490195,0.4711524408643839
gp_pareto_unc,7,52,0.3591703782490195,0.4711524408643839
gp_pareto_unc,7,53,0.3591703782490195,0.4733884377152796
gp_pareto_unc,7,54,0.3591703782490195,0.4791641141644854
gp_pareto_unc,7,55,0.3591703782490195,0.4791641141644854
gp_pareto_unc,7,56,0.3591703782490195,0.4791641141644854
gp_pareto_unc,7,57,0.3591703782490195,0.48022707473329057
gp_pareto_unc,7,58,0.3591703782490195,0.48022707473329057
gp_pareto_unc,7,59,0.3591703782490195,0.48167406613238
gp_pareto_unc,7,60,0.3591703782490195,0.4976562170655556
gp_pareto_unc,7,61,0.3591703782490195,0.4976562170655556
gp_pareto_unc,7,62,0.3591703782490195,0.4976562170655556
gp_pareto_unc,7,63,0.3591703782490195,0.4976562170655556
gp_pareto_unc,7,64,0.3591703782490195,0.5172000806055886
gp_pareto_unc,7,65,0.3591703782490195,0.5180515534299004
gp_pareto_unc,7,66,0.3591703782490195,0.5189781018560244
gp_pareto_unc,7,67,0.3591703782490195,0.5202439295503849
gp_pareto_unc,7,68,0.3591703782490195,0.5202439295503849
gp_pareto_unc,7,69,0.3591703782490195,0.5202439295503849
gp_pareto_unc,7,70,0.3591703782490195,0.5202439295503849
gp_pareto_unc,8,45,0.3116825290810931,0.4622123812121286
gp_pareto_unc,8,46,0.3116825290810931,0.4622123812121286
gp_pareto_unc,8,47,0.3591703782490195,0.468719343392353
gp_pareto_unc,8,48,0.3591703782490195,0.47040986361581094
gp_pareto_unc,8,49,0.3591703782490195,0.47040986361581094
gp_pareto_unc,8,50,0.3591703782490195,0.47091795139110704
gp_pareto_unc,8,51,0.3591703782490195,0.4711524408643839
gp_pareto_unc,8,52,0.3591703782490195,0.4711524408643839
gp_pareto_unc,8,53,0.3591703782490195,0.4733884377152796
gp_pareto_unc,8,54,0.3591703782490195,0.4791641141644854
gp_pareto_unc,8,55,0.3591703782490195,0.4791641141644854
gp_pareto_unc,8,56,0.3591703782490195,0.4791641141644854
gp_pareto_unc,8,57,0.3591703782490195,0.48022707473329057
gp_pareto_unc,8,58,0.3591703782490195,0.48022707473329057
gp_pareto_unc,8,59,0.3591703782490195,0.48167406613238
gp_pareto_unc,8,60,0.3591703782490195,0.4976562170655556
gp_pareto_unc,8,61,0.3591703782490195,0.4976562170655556
gp_pareto_unc,8,62,0.3591703782490195,0.4976562170655556
gp_pareto_unc,8,63,0.3591703782490195,0.4976562170655556
gp_pareto_unc,8,64,0.3591703782490195,0.5172000806055886
gp_pareto_unc,8,65,0.3591703782490195,0.5180515534299004
gp_pareto_unc,8,66,0.3591703782490195,0.5189781018560244
gp_pareto_unc,8,67,0.3591703782490195,0.5202439295503849
gp_pareto_unc,8,68,0.3591703782490195,0.5202439295503849
gp_pareto_unc,8,69,0.3591703782490195,0.5202439295503849
gp_pareto_unc,8,70,0.3591703782490195,0.5202439295503849
gp_pareto_unc,9,45,0.3116825290810931,0.4622123812121286
gp_pareto_unc,9,46,0.3116825290810931,0.4622123812121286
gp_pareto_unc,9,47,0.3591703782490195,0.468719343392353
gp_pareto_unc,9,48,0.3591703782490195,0.47040986361581094
gp_pareto_unc,9,49,0.3591703782490195,0.47040986361581094
gp_pareto_unc,9,50,0.3591703782490195,0.47091795139110704
gp_pareto_unc,9,51,0.3591703782490195,0.4711524408643839
gp_pareto_unc,9,52,0.3591703782490195,0.4711524408643839
gp_pareto_unc,9,53,0.3591703782490195,0.4733884377152796
gp_pareto_unc,9,54,0.3591703782490195,0.4791641141644854
gp_pareto_unc,9,55,0.3591703782490195,0.4791641141644854
gp_pareto_unc,9,56,0.3591703782490195,0.4791641141644854
gp_pareto_unc,9,57,0.3591703782490195,0.48022707473329057
gp_pareto_unc,9,58,0.3591703782490195,0.48022707473329057
gp_pareto_unc,9,59,0.3591703782490195,0.48167406613238
gp_pareto_unc,9,60,0.3591703782490195,0.4976562170655556
gp_pareto_unc,9,61,0.3591703782490195,0.4976562170655556
gp_pareto_unc,9,62,0.3591703782490195,0.4976562170655556
gp_pareto_unc,9,63,0.3591703782490195,0.4976562170655556
gp_pareto_unc,9,64,0.3591703782490195,0.5172000806055886
gp_pareto_unc,9,65,0.3591703782490195,0.5180515534299004
gp_pareto_unc,9,66,0.3591703782490195,0.5189781018560244
gp_pareto_unc,9,67,0.3591703782490195,0.5202439295503849
gp_pareto_unc,9,68,0.3591703782490195,0.5202439295503849
gp_pareto_unc,9,69,0.3591703782490195,0.5202439295503849
gp_pareto_unc,9,70,0.3591703782490195,0.5202439295503849
gp_pareto_unc,10,45,0.3116825290810931,0.4622123812121286
gp_pareto_unc,10,46,0.3116825290810931,0.4622123812121286
gp_pareto_unc,10,47,0.3591703782490195,0.468719343392353
gp_pareto_unc,10,48,0.3591703782490195,0.47040986361581094
gp_pareto_unc,10,49,0.3591703782490195,0.47040986361581094
gp_pareto_unc,10,50,0.3591703782490195,0.47091795139110704
gp_pareto_unc,10,51,0.3591703782490195,0.4711524408643839
gp_pareto_unc,10,52,0.3591703782490195,0.4711524408643839
gp_pareto_unc,10,53,0.3591703782490195,0.4733884377152796
gp_pareto_unc,10,54,0.3591703782490195,0.4791641141644854
gp_pareto_unc,10,55,0.3591703782490195,0.4791641141644854
gp_pareto_unc,10,56,0.3591703782490195,0.4791641141644854
gp_pareto_unc,10,57,0.3591703782490195,0.48022707473329057
gp_pareto_unc,10,58,0.3591703782490195,0.48022707473329057
gp_pareto_unc,10,59,0.3591703782490195,0.48167406613238
gp_pareto_unc,10,60,0.3591703782490195,0.4976562170655556
gp_pareto_unc,10,61,0.3591703782490195,0.4976562170655556
gp_pareto_unc,10,62,0.3591703782490195,0.4976562170655556
gp_pareto_unc,10,63,0.3591703782490195,0.4976562170655556
gp_pareto_unc,10,64,0.3591703782490195,0.5172000806055886
gp_pareto_unc,10,65,0.3591703782490195,0.5180515534299004
gp_pareto_unc,10,66,0.3591703782490195,0.5189781018560244
gp_pareto_unc,10,67,0.3591703782490195,0.5202439295503849
gp_pareto_unc,10,68,0.3591703782490195,0.5202439295503849
gp_pareto_unc,10,69,0.3591703782490195,0.5202439295503849
gp_pareto_unc,10,70,0.3591703782490195,0.5202439295503849
gp_pareto_unc,11,45,0.3116825290810931,0.4622123812121286
gp_pareto_unc,11,46,0.3116825290810931,0.4622123812121286
gp_pareto_unc,11,47,0.3591703782490195,0.468719343392353
gp_pareto_unc,11,48,0.3591703782490195,0.47040986361581094
gp_pareto_unc,11,49,0.3591703782490195,0.47040986361581094
gp_pareto_unc,11,50,0.3591703782490195,0.47091795139110704
gp_pareto_unc,11,51,0.3591703782490195,0.4711524408643839
gp_pareto_unc,11,52,0.3591703782490195,0.4711524408643839
gp_pareto_unc,11,53,0.3591703782490195,0.4733884377152796
gp_pareto_unc,11,54,0.3591703782490195,0.4791641141644854
gp_pareto_unc,11,55,0.3591703782490195,0.4791641141644854
gp_pareto_unc,11,56,0.3591703782490195,0.4791641141644854
gp_pareto_unc,11,57,0.3591703782490195,0.48022707473329057
gp_pareto_unc,11,58,0.3591703782490195,0.48022707473329057
gp_pareto_unc,11,59,0.3591703782490195,0.48167406613238
gp_pareto_unc,11,60,0.3591703782490195,0.4976562170655556
gp_pareto_unc,11,61,0.3591703782490195,0.4976562170655556
gp_pareto_unc,11,62,0.3591703782490195,0.4976562170655556
gp_pareto_unc,11,63,0.3591703782490195,0.4976562170655556
gp_pareto_unc,11,64,0.3591703782490195,0.5172000806055886
gp_pareto_unc,11,65,0.3591703782490195,0.5180515534299004
gp_pareto_unc,11,66,0.3591703782490195,0.5189781018560244
gp_pareto_unc,11,67,0.3591703782490195,0.5202439295503849
gp_pareto_unc,11,68,0.3591703782490195,0.5202439295503849
gp_pareto_unc,11,69,0.3591703782490195,0.5202439295503849
gp_pareto_unc,11,70,0.3591703782490195,0.5202439295503849
gp_pareto_unc,12,45,0.3116825290810931,0.4622123812121286
gp_pareto_unc,12,46,0.3116825290810931,0.4622123812121286
gp_pareto_unc,12,47,0.3591703782490195,0.468719343392353
gp_pareto_unc,12,48,0.3591703782490195,0.47040986361581094
gp_pareto_unc,12,49,0.3591703782490195,0.47040986361581094
gp_pareto_unc,12,50,0.3591703782490195,0.47091795139110704
gp_pareto_unc,12,51,0.3591703782490195,0.4711524408643839
gp_pareto_unc,12,52,0.3591703782490195,0.4711524408643839
gp_pareto_unc,12,53,0.3591703782490195,0.4733884377152796
gp_pareto_unc,12,54,0.3591703782490195,0.4791641141644854
gp_pareto_unc,12,55,0.3591703782490195,0.4791641141644854
gp_pareto_unc,12,56,0.3591703782490195,0.4791641141644854
gp_pareto_unc,12,57,0.3591703782490195,0.48022707473329057
gp_pareto_unc,12,58,0.3591703782490195,0.48022707473329057
gp_pareto_unc,12,59,0.3591703782490195,0.48167406613238
gp_pareto_unc,12,60,0.3591703782490195,0.4976562170655556
gp_pareto_unc,12,61,0.3591703782490195,0.4976562170655556
gp_pareto_unc,12,62,0.3591703782490195,0.4976562170655556
gp_pareto_unc,12,63,0.3591703782490195,0.4976562170655556
gp_pareto_unc,12,64,0.3591703782490195,0.5172000806055886
gp_pareto_unc,12,65,0.3591703782490195,0.5180515534299004
gp_pareto_unc,12,66,0.3591703782490195,0.5189781018560244
gp_pareto_unc,12,67,0.3591703782490195,0.5202439295503849
gp_pareto_unc,12,68,0.3591703782490195,0.5202439295503849
gp_pareto_unc,12,69,0.3591703782490195,0.5202439295503849
gp_pareto_unc,12,70,0.3591703782490195,0.5202439295503849
gp_pareto_unc,13,45,0.3116825290810931,0.4622123812121286
gp_pareto_unc,13,46,0.3116825290810931,0.4622123812121286
gp_pareto_unc,13,47,0.3591703782490195,0.468719343392353
gp_pareto_unc,13,48,0.3591703782490195,0.47040986361581094
gp_pareto_unc,13,49,0.3591703782490195,0.47040986361581094
gp_pareto_unc,13,50,0.3591703782490195,0.47091795139110704
gp_pareto_unc,13,51,0.3591703782490195,0.4711524408643839
gp_pareto_unc,13,52,0.3591703782490195,0.4711524408643839
gp_pareto_unc,13,53,0.3591703782490195,0.4733884377152796
gp_pareto_unc,13,54,0.3591703782490195,0.4791641141644854
gp_pareto_unc,13,55,0.3591703782490195,0.4791641141644854
gp_pareto_unc,13,56,0.3591703782490195,0.4791641141644854
gp_pareto_unc,13,57,0.3591703782490195,0.48022707473329057
gp_pareto_unc,13,58,0.3591703782490195,0.48022707473329057
gp_pareto_unc,13,59,0.3591703782490195,0.48167406613238
gp_pareto_unc,13,60,0.3591703782490195,0.4976562170655556
gp_pareto_unc,13,61,0.3591703782490195,0.4976562170655556
gp_pareto_unc,13,62,0.3591703782490195,0.4976562170655556
gp_pareto_unc,13,63,0.3591703782490195,0.4976562170655556
gp_pareto_unc,13,64,0.3591703782490195,0.5172000806055886
gp_pareto_unc,13,65,0.3591703782490195,0.5180515534299004
gp_pareto_unc,13,66,0.3591703782490195,0.5189781018560244
gp_pareto_unc,13,67,0.3591703782490195,0.5202439295503849
gp_pareto_unc,13,68,0.3591703782490195,0.5202439295503849
gp_pareto_unc,13,69,0.3591703782490195,0.5202439295503849
gp_pareto_unc,13,70,0.3591703782490195,0.5202439295503849
gp_pareto_unc,14,45,0.3116825290810931,0.4622123812121286
gp_pareto_unc,14,46,0.3116825290810931,0.4622123812121286
gp_pareto_unc,14,47,0.3591703782490195,0.468719343392353
gp_pareto_unc,14,48,0.3591703782490195,0.47040986361581094
gp_pareto_unc,14,49,0.3591703782490195,0.47040986361581094
gp_pareto_unc,14,50,0.3591703782490195,0.47091795139110704
gp_pareto_unc,14,51,0.3591703782490195,0.4711524408643839
gp_pareto_unc,14,52,0.3591703782490195,0.4711524408643839
gp_pareto_unc,14,53,0.3591703782490195,0.4733884377152796
gp_pareto_unc,14,54,0.3591703782490195,0.4791641141644854
gp_pareto_unc,14,55,0.3591703782490195,0.4791641141644854
gp_pareto_unc,14,56,0.3591703782490195,0.4791641141644854
gp_pareto_unc,14,57,0.3591703782490195,0.48022707473329057
gp_pareto_unc,14,58,0.3591703782490195,0.48022707473329057
gp_pareto_unc,14,59,0.3591703782490195,0.48167406613238
gp_pareto_unc,14,60,0.3591703782490195,0.4976562170655556
gp_pareto_unc,14,61,0.3591703782490195,0.4976562170655556
gp_pareto_unc,14,62,0.3591703782490195,0.4976562170655556
gp_pareto_unc,14,63,0.3591703782490195,0.4976562170655556
gp_pareto_unc,14,64,0.3591703782490195,0.5172000806055886
gp_pareto_unc,14,65,0.3591703782490195,0.5180515534299004
gp_pareto_unc,14,66,0.3591703782490195,0.5189781018560244
gp_pareto_unc,14,67,0.3591703782490195,0.5202439295503849
gp_pareto_unc,14,68,0.3591703782490195,0.5202439295503849
gp_pareto_unc,14,69,0.3591703782490195,0.5202439295503849
gp_pareto_unc,14,70,0.3591703782490195,0.5202439295503849
gp_pareto_unc,15,45,0.3116825290810931,0.4622123812121286
gp_pareto_unc,15,46,0.3116825290810931,0.4622123812121286
gp_pareto_unc,15,47,0.3591703782490195,0.468719343392353
gp_pareto_unc,15,48,0.3591703782490195,0.47040986361581094
gp_pareto_unc,15,49,0.3591703782490195,0.47040986361581094
gp_pareto_unc,15,50,0.3591703782490195,0.47091795139110704
gp_pareto_unc,15,51,0.3591703782490195,0.4711524408643839
gp_pareto_unc,15,52,0.3591703782490195,0.4711524408643839
gp_pareto_unc,15,53,0.3591703782490195,0.4733884377152796
gp_pareto_unc,15,54,0.3591703782490195,0.4791641141644854
gp_pareto_unc,15,55,0.3591703782490195,0.4791641141644854
gp_pareto_unc,15,56,0.3591703782490195,0.4791641141644854
gp_pareto_unc,15,57,0.3591703782490195,0.48022707473329057
gp_pareto_unc,15,58,0.3591703782490195,0.48022707473329057
gp_pareto_unc,15,59,0.3591703782490195,0.48167406613238
gp_pareto_unc,15,60,0.3591703782490195,0.4976562170655556
gp_pareto_unc,15,61,0.3591703782490195,0.4976562170655556
gp_pareto_unc,15,62,0.3591703782490195,0.4976562170655556
gp_pareto_unc,15,63,0.3591703782490195,0.4976562170655556
gp_pareto_unc,15,64,0.3591703782490195,0.5172000806055886
gp_pareto_unc,15,65,0.3591703782490195,0.5180515534299004
gp_pareto_unc,15,66,0.3591703782490195,0.5189781018560244
gp_pareto_unc,15,67,0.3591703782490195,0.5202439295503849
gp_pareto_unc,15,68,0.3591703782490195,0.5202439295503849
gp_pareto_unc,15,69,0.3591703782490195,0.5202439295503849
gp_pareto_unc,15,70,0.3591703782490195,0.5202439295503849
gp_pareto_unc,16,45,0.3116825290810931,0.4622123812121286
gp_pareto_unc,16,46,0.3116825290810931,0.4622123812121286
gp_pareto_unc,16,47,0.3591703782490195,0.468719343392353
gp_pareto_unc,16,48,0.3591703782490195,0.47040986361581094
gp_pareto_unc,16,49,0.3591703782490195,0.47040986361581094
gp_pareto_unc,16,50,0.3591703782490195,0.47091795139110704
gp_pareto_unc,16,51,0.3591703782490195,0.4711524408643839
gp_pareto_unc,16,52,0.3591703782490195,0.4711524408643839
gp_pareto_unc,16,53,0.3591703782490195,0.4733884377152796
gp_pareto_unc,16,54,0.3591703782490195,0.4791641141644854
gp_pareto_unc,16,55,0.3591703782490195,0.4791641141644854
gp_pareto_unc,16,56,0.3591703782490195,0.4791641141644854
gp_pareto_unc,16,57,0.3591703782490195,0.48022707473329057
gp_pareto_unc,16,58,0.3591703782490195,0.48022707473329057
gp_pareto_unc,16,59,0.3591703782490195,0.48167406613238
gp_pareto_unc,16,60,0.3591703782490195,0.4976562170655556
gp_pareto_unc,16,61,0.3591703782490195,0.4976562170655556
gp_pareto_unc,16,62,0.3591703782490195,0.4976562170655556
gp_pareto_unc,16,63,0.3591703782490195,0.4976562170655556
gp_pareto_unc,16,64,0.3591703782490195,0.5172000806055886
gp_pareto_unc,16,65,0.3591703782490195,0.5180515534299004
gp_pareto_unc,16,66,0.3591703782490195,0.5189781018560244
gp_pareto_unc,16,67,0.3591703782490195,0.5202439295503849
gp_pareto_unc,16,68,0.3591703782490195,0.5202439295503849
gp_pareto_unc,16,69,0.3591703782490195,0.5202439295503849
gp_pareto_unc,16,70,0.3591703782490195,0.5202439295503849
gp_pareto_unc,17,45,0.3116825290810931,0.4622123812121286
gp_pareto_unc,17,46,0.3116825290810931,0.4622123812121286
gp_pareto_unc,17,47,0.3591703782490195,0.468719343392353
gp_pareto_unc,17,48,0.3591703782490195,0.47040986361581094
gp_pareto_unc,17,49,0.3591703782490195,0.47040986361581094
gp_pareto_unc,17,50,0.3591703782490195,0.47091795139110704
gp_pareto_unc,17,51,0.3591703782490195,0.4711524408643839
gp_pareto_unc,17,52,0.3591703782490195,0.4711524408643839
gp_pareto_unc,17,53,0.3591703782490195,0.4733884377152796
gp_pareto_unc,17,54,0.3591703782490195,0.4791641141644854
gp_pareto_unc,17,55,0.3591703782490195,0.4791641141644854
gp_pareto_unc,17,56,0.3591703782490195,0.4791641141644854
gp_pareto_unc,17,57,0.3591703782490195,0.48022707473329057
gp_pareto_unc,17,58,0.3591703782490195,0.48022707473329057
gp_pareto_unc,17,59,0.3591703782490195,0.48167406613238
gp_pareto_unc,17,60,0.3591703782490195,0.4976562170655556
gp_pareto_unc,17,61,0.3591703782490195,0.4976562170655556
gp_pareto_unc,17,62,0.3591703782490195,0.4976562170655556
gp_pareto_unc,17,63,0.3591703782490195,0.4976562170655556
gp_pareto_unc,17,64,0.3591703782490195,0.5172000806055886
gp_pareto_unc,17,65,0.3591703782490195,0.5180515534299004
gp_pareto_unc,17,66,0.3591703782490195,0.5189781018560244
gp_pareto_unc,17,67,0.3591703782490195,0.5202439295503849
gp_pareto_unc,17,68,0.3591703782490195,0.5202439295503849
gp_pareto_unc,17,69,0.3591703782490195,0.5202439295503849
gp_pareto_unc,17,70,0.3591703782490195,0.5202439295503849
gp_pareto_unc,18,45,0.3116825290810931,0.4622123812121286
gp_pareto_unc,18,46,0.3116825290810931,0.4622123812121286
gp_pareto_unc,18,47,0.3591703782490195,0.468719343392353
gp_pareto_unc,18,48,0.3591703782490195,0.47040986361581094
gp_pareto_unc,18,49,0.3591703782490195,0.47040986361581094
gp_pareto_unc,18,50,0.3591703782490195,0.47091795139110704
gp_pareto_unc,18,51,0.3591703782490195,0.4711524408643839
gp_pareto_unc,18,52,0.3591703782490195,0.4711524408643839
gp_pareto_unc,18,53,0.3591703782490195,0.4733884377152796
gp_pareto_unc,18,54,0.3591703782490195,0.4791641141644854
gp_pareto_unc,18,55,0.3591703782490195,0.4791641141644854
gp_pareto_unc,18,56,0.3591703782490195,0.4791641141644854
gp_pareto_unc,18,57,0.3591703782490195,0.48022707473329057
gp_pareto_unc,18,58,0.3591703782490195,0.48022707473329057
gp_pareto_unc,18,59,0.3591703782490195,0.48167406613238
gp_pareto_unc,18,60,0.3591703782490195,0.4976562170655556
gp_pareto_unc,18,61,0.3591703782490195,0.4976562170655556
gp_pareto_unc,18,62,0.3591703782490195,0.4976562170655556
gp_pareto_unc,18,63,0.3591703782490195,0.4976562170655556
gp_pareto_unc,18,64,0.3591703782490195,0.5172000806055886
gp_pareto_unc,18,65,0.3591703782490195,0.5180515534299004
gp_pareto_unc,18,66,0.3591703782490195,0.5189781018560244
gp_pareto_unc,18,67,0.3591703782490195,0.5202439295503849
gp_pareto_unc,18,68,0.3591703782490195,0.5202439295503849
gp_pareto_unc,18,69,0.3591703782490195,0.5202439295503849
gp_pareto_unc,18,70,0.3591703782490195,0.5202439295503849
gp_pareto_unc,19,45,0.3116825290810931,0.4622123812121286
gp_pareto_unc,19,46,0.3116825290810931,0.4622123812121286
gp_pareto_unc,19,47,0.3591703782490195,0.468719343392353
gp_pareto_unc,19,48,0.3591703782490195,0.47040986361581094
gp_pareto_unc,19,49,0.3591703782490195,0.47040986361581094
gp_pareto_unc,19,50,0.3591703782490195,0.47091795139110704
gp_pareto_unc,19,51,0.3591703782490195,0.4711524408643839
gp_pareto_unc,19,52,0.3591703782490195,0.4711524408643839
gp_pareto_unc,19,53,0.3591703782490195,0.4733884377152796
gp_pareto_unc,19,54,0.3591703782490195,0.4791641141644854
gp_pareto_unc,19,55,0.3591703782490195,0.4791641141644854
gp_pareto_unc,19,56,0.3591703782490195,0.4791641141644854
gp_pareto_unc,19,57,0.3591703782490195,0.48022707473329057
gp_pareto_unc,19,58,0.3591703782490195,0.48022707473329057
gp_pareto_unc,19,59,0.3591703782490195,0.48167406613238
gp_pareto_unc,19,60,0.3591703782490195,0.4976562170655556
gp_pareto_unc,19,61,0.3591703782490195,0.4976562170655556
gp_pareto_unc,19,62,0.3591703782490195,0.4976562170655556
gp_pareto_unc,19,63,0.3591703782490195,0.4976562170655556
gp_pareto_unc,19,64,0.3591703782490195,0.5172000806055886
gp_pareto_unc,19,65,0.3591703782490195,0.5180515534299004
gp_pareto_unc,19,66,0.3591703782490195,0.5189781018560244
gp_pareto_unc,19,67,0.3591703782490195,0.5202439295503849
gp_pareto_unc,19,68,0.3591703782490195,0.5202439295503849
gp_pareto_unc,19,69,0.3591703782490195,0.5202439295503849
gp_pareto_unc,19,70,0.3591703782490195,0.5202439295503849
gp_pareto_unc,20,45,0.3116825290810931,0.4622123812121286
gp_pareto_unc,20,46,0.3116825290810931,0.4622123812121286
gp_pareto_unc,20,47,0.3591703782490195,0.468719343392353
gp_pareto_unc,20,48,0.3591703782490195,0.47040986361581094
gp_pareto_unc,20,49,0.3591703782490195,0.47040986361581094
gp_pareto_unc,20,50,0.3591703782490195,0.47091795139110704
gp_pareto_unc,20,51,0.3591703782490195,0.4711524408643839
gp_pareto_unc,20,52,0.3591703782490195,0.4711524408643839
gp_pareto_unc,20,53,0.3591703782490195,0.4733884377152796
gp_pareto_unc,20,54,0.3591703782490195,0.4791641141644854
gp_pareto_unc,20,55,0.3591703782490195,0.4791641141644854
gp_pareto_unc,20,56,0.3591703782490195,0.4791641141644854
gp_pareto_unc,20,57,0.3591703782490195,0.48022707473329057
gp_pareto_unc,20,58,0.3591703782490195,0.48022707473329057
gp_pareto_unc,20,59,0.3591703782490195,0.48167406613238
gp_pareto_unc,20,60,0.3591703782490195,0.4976562170655556
gp_pareto_unc,20,61,0.3591703782490195,0.4976562170655556
gp_pareto_unc,20,62,0.3591703782490195,0.4976562170655556
gp_pareto_unc,20,63,0.3591703782490195,0.4976562170655556
gp_pareto_unc,20,64,0.3591703782490195,0.5172000806055886
gp_pareto_unc,20,65,0.3591703782490195,0.5180515534299004
gp_pareto_unc,20,66,0.3591703782490195,0.5189781018560244
gp_pareto_unc,20,67,0.3591703782490195,0.5202439295503849
gp_pareto_unc,20,68,0.3591703782490195,0.5202439295503849
gp_pareto_unc,20,69,0.3591703782490195,0.5202439295503849
gp_pareto_unc,20,70,0.3591703782490195,0.5202439295503849
gp_pareto_unc,21,45,0.3116825290810931,0.4622123812121286
gp_pareto_unc,21,46,0.3116825290810931,0.4622123812121286
gp_pareto_unc,21,47,0.3591703782490195,0.468719343392353
gp_pareto_unc,21,48,0.3591703782490195,0.47040986361581094
gp_pareto_unc,21,49,0.3591703782490195,0.47040986361581094
gp_pareto_unc,21,50,0.3591703782490195,0.47091795139110704
gp_pareto_unc,21,51,0.3591703782490195,0.4711524408643839
gp_pareto_unc,21,52,0.3591703782490195,0.4711524408643839
gp_pareto_unc,21,53,0.3591703782490195,0.4733884377152796
gp_pareto_unc,21,54,0.3591703782490195,0.4791641141644854
gp_pareto_unc,21,55,0.3591703782490195,0.4791641141644854
gp_pareto_unc,21,56,0.3591703782490195,0.4791641141644854
gp_pareto_unc,21,57,0.3591703782490195,0.48022707473329057
gp_pareto_unc,21,58,0.3591703782490195,0.48022707473329057
gp_pareto_unc,21,59,0.3591703782490195,0.48167406613238
gp_pareto_unc,21,60,0.3591703782490195,0.4976562170655556
gp_pareto_unc,21,61,0.3591703782490195,0.4976562170655556
gp_pareto_unc,21,62,0.3591703782490195,0.4976562170655556
gp_pareto_unc,21,63,0.3591703782490195,0.4976562170655556
gp_pareto_unc,21,64,0.3591703782490195,0.5172000806055886
gp_pareto_unc,21,65,0.3591703782490195,0.5180515534299004
gp_pareto_unc,21,66,0.3591703782490195,0.5189781018560244
gp_pareto_unc,21,67,0.3591703782490195,0.5202439295503849
gp_pareto_unc,21,68,0.3591703782490195,0.5202439295503849
gp_pareto_unc,21,69,0.3591703782490195,0.5202439295503849
gp_pareto_unc,21,70,0.3591703782490195,0.5202439295503849
gp_pareto_unc,22,45,0.3116825290810931,0.4622123812121286
gp_pareto_unc,22,46,0.3116825290810931,0.4622123812121286
gp_pareto_unc,22,47,0.3591703782490195,0.468719343392353
gp_pareto_unc,22,48,0.3591703782490195,0.47040986361581094
gp_pareto_unc,22,49,0.3591703782490195,0.47040986361581094
gp_pareto_unc,22,50,0.3591703782490195,0.47091795139110704
gp_pareto_unc,22,51,0.3591703782490195,0.4711524408643839
gp_pareto_unc,22,52,0.3591703782490195,0.4711524408643839
gp_pareto_unc,22,53,0.3591703782490195,0.4733884377152796
gp_pareto_unc,22,54,0.3591703782490195,0.4791641141644854
gp_pareto_unc,22,55,0.3591703782490195,0.4791641141644854
gp_pareto_unc,22,56,0.3591703782490195,0.4791641141644854
gp_pareto_unc,22,57,0.3591703782490195,0.48022707473329057
gp_pareto_unc,22,58,0.3591703782490195,0.48022707473329057
gp_pareto_unc,22,59,0.3591703782490195,0.48167406613238
gp_pareto_unc,22,60,0.3591703782490195,0.4976562170655556
gp_pareto_unc,22,61,0.3591703782490195,0.4976562170655556
gp_pareto_unc,22,62,0.3591703782490195,0.4976562170655556
gp_pareto_unc,22,63,0.3591703782490195,0.4976562170655556
gp_pareto_unc,22,64,0.3591703782490195,0.5172000806055886
gp_pareto_unc,22,65,0.3591703782490195,0.5180515534299004
gp_pareto_unc,22,66,0.3591703782490195,0.5189781018560244
gp_pareto_unc,22,67,0.3591703782490195,0.5202439295503849
gp_pareto_unc,22,68,0.3591703782490195,0.5202439295503849
gp_pareto_unc,22,69,0.3591703782490195,0.5202439295503849
gp_pareto_unc,22,70,0.3591703782490195,0.5202439295503849
gp_pareto_unc,23,45,0.3116825290810931,0.4622123812121286
gp_pareto_unc,23,46,0.3116825290810931,0.4622123812121286
gp_pareto_unc,23,47,0.3591703782490195,0.468719343392353
gp_pareto_unc,23,48,0.3591703782490195,0.47040986361581094
gp_pareto_unc,23,49,0.3591703782490195,0.47040986361581094
gp_pareto_unc,23,50,0.3591703782490195,0.47091795139110704
gp_pareto_unc,23,51,0.3591703782490195,0.4711524408643839
gp_pareto_unc,23,52,0.3591703782490195,0.4711524408643839
gp_pareto_unc,23,53,0.3591703782490195,0.4733884377152796
gp_pareto_unc,23,54,0.3591703782490195,0.4791641141644854
gp_pareto_unc,23,55,0.3591703782490195,0.4791641141644854
gp_pareto_unc,23,56,0.3591703782490195,0.4791641141644854
gp_pareto_unc,23,57,0.3591703782490195,0.48022707473329057
gp_pareto_unc,23,58,0.3591703782490195,0.48022707473329057
gp_pareto_unc,23,59,0.3591703782490195,0.48167406613238
gp_pareto_unc,23,60,0.3591703782490195,0.4976562170655556
gp_pareto_unc,23,61,0.3591703782490195,0.4976562170655556
gp_pareto_unc,23,62,0.3591703782490195,0.4976562170655556
gp_pareto_unc,23,63,0.3591703782490195,0.4976562170655556
gp_pareto_unc,23,64,0.3591703782490195,0.5172000806055886
gp_pareto_unc,23,65,0.3591703782490195,0.5180515534299004
gp_pareto_unc,23,66,0.3591703782490195,0.5189781018560244
gp_pareto_unc,23,67,0.3591703782490195,0.5202439295503849
gp_pareto_unc,23,68,0.3591703782490195,0.5202439295503849
gp_pareto_unc,23,69,0.3591703782490195,0.5202439295503849
gp_pareto_unc,23,70,0.3591703782490195,0.5202439295503849
gp_pareto_unc,24,45,0.3116825290810931,0.4622123812121286
gp_pareto_unc,24,46,0.3116825290810931,0.4622123812121286
gp_pareto_unc,24,47,0.3591703782490195,0.468719343392353
gp_pareto_unc,24,48,0.3591703782490195,0.47040986361581094
gp_pareto_unc,24,49,0.3591703782490195,0.47040986361581094
gp_pareto_unc,24,50,0.3591703782490195,0.47091795139110704
gp_pareto_unc,24,51,0.3591703782490195,0.4711524408643839
gp_pareto_unc,24,52,0.3591703782490195,0.4711524408643839
gp_pareto_unc,24,53,0.3591703782490195,0.4733884377152796
gp_pareto_unc,24,54,0.3591703782490195,0.4791641141644854
gp_pareto_unc,24,55,0.3591703782490195,0.4791641141644854
gp_pareto_unc,24,56,0.3591703782490195,0.4791641141644854
gp_pareto_unc,24,57,0.3591703782490195,0.48022707473329057
gp_pareto_unc,24,58,0.3591703782490195,0.48022707473329057
gp_pareto_unc,24,59,0.3591703782490195,0.48167406613238
gp_pareto_unc,24,60,0.3591703782490195,0.4976562170655556
gp_pareto_unc,24,61,0.3591703782490195,0.4976562170655556
gp_pareto_unc,24,62,0.3591703782490195,0.4976562170655556
gp_pareto_unc,24,63,0.3591703782490195,0.4976562170655556
gp_pareto_unc,24,64,0.3591703782490195,0.5172000806055886
gp_pareto_unc,24,65,0.3591703782490195,0.5180515534299004
gp_pareto_unc,24,66,0.3591703782490195,0.5189781018560244
gp_pareto_unc,24,67,0.3591703782490195,0.5202439295503849
gp_pareto_unc,24,68,0.3591703782490195,0.5202439295503849
gp_pareto_unc,24,69,0.3591703782490195,0.5202439295503849
gp_pareto_unc,24,70,0.3591703782490195,0.5202439295503849
gp_pareto_unc,25,45,0.3116825290810931,0.4622123812121286
gp_pareto_unc,25,46,0.3116825290810931,0.4622123812121286
gp_pareto_unc,25,47,0.3591703782490195,0.468719343392353
gp_pareto_unc,25,48,0.3591703782490195,0.47040986361581094
gp_pareto_unc,25,49,0.3591703782490195,0.47040986361581094
gp_pareto_unc,25,50,0.3591703782490195,0.47091795139110704
gp_pareto_unc,25,51,0.3591703782490195,0.4711524408643839
gp_pareto_unc,25,52,0.3591703782490195,0.4711524408643839
gp_pareto_unc,25,53,0.3591703782490195,0.4733884377152796
gp_pareto_unc,25,54,0.3591703782490195,0.4791641141644854
gp_pareto_unc,25,55,0.3591703782490195,0.4791641141644854
gp_pareto_unc,25,56,0.3591703782490195,0.4791641141644854
gp_pareto_unc,25,57,0.3591703782490195,0.48022707473329057
gp_pareto_unc,25,58,0.3591703782490195,0.48022707473329057
gp_pareto_unc,25,59,0.3591703782490195,0.48167406613238
gp_pareto_unc,25,60,0.3591703782490195,0.4976562170655556
gp_pareto_unc,25,61,0.3591703782490195,0.4976562170655556
gp_pareto_unc,25,62,0.3591703782490195,0.4976562170655556
gp_pareto_unc,25,63,0.3591703782490195,0.4976562170655556
gp_pareto_unc,25,64,0.3591703782490195,0.5172000806055886
gp_pareto_unc,25,65,0.3591703782490195,0.5180515534299004
gp_pareto_unc,25,66,0.3591703782490195,0.5189781018560244
gp_pareto_unc,25,67,0.3591703782490195,0.5202439295503849
gp_pareto_unc,25,68,0.3591703782490195,0.5202439295503849
gp_pareto_unc,25,69,0.3591703782490195,0.5202439295503849
gp_pareto_unc,25,70,0.3591703782490195,0.5202439295503849
gp_pareto_unc,26,45,0.3116825290810931,0.4622123812121286
gp_pareto_unc,26,46,0.3116825290810931,0.4622123812121286
gp_pareto_unc,26,47,0.3591703782490195,0.468719343392353
gp_pareto_unc,26,48,0.3591703782490195,0.47040986361581094
gp_pareto_unc,26,49,0.3591703782490195,0.47040986361581094
gp_pareto_unc,26,50,0.3591703782490195,0.47091795139110704
gp_pareto_unc,26,51,0.3591703782490195,0.4711524408643839
gp_pareto_unc,26,52,0.3591703782490195,0.4711524408643839
gp_pareto_unc,26,53,0.3591703782490195,0.4733884377152796
gp_pareto_unc,26,54,0.3591703782490195,0.4791641141644854
gp_pareto_unc,26,55,0.3591703782490195,0.4791641141644854
gp_pareto_unc,26,56,0.3591703782490195,0.4791641141644854
gp_pareto_unc,26,57,0.3591703782490195,0.48022707473329057
gp_pareto_unc,26,58,0.3591703782490195,0.48022707473329057
gp_pareto_unc,26,59,0.3591703782490195,0.48167406613238
gp_pareto_unc,26,60,0.3591703782490195,0.4976562170655556
gp_pareto_unc,26,61,0.3591703782490195,0.4976562170655556
gp_pareto_unc,26,62,0.3591703782490195,0.4976562170655556
gp_pareto_unc,26,63,0.3591703782490195,0.4976562170655556
gp_pareto_unc,26,64,0.3591703782490195,0.5172000806055886
gp_pareto_unc,26,65,0.3591703782490195,0.5180515534299004
gp_pareto_unc,26,66,0.3591703782490195,0.5189781018560244
gp_pareto_unc,26,67,0.3591703782490195,0.5202439295503849
gp_pareto_unc,26,68,0.3591703782490195,0.5202439295503849
gp_pareto_unc,26,69,0.3591703782490195,0.5202439295503849
gp_pareto_unc,26,70,0.3591703782490195,0.5202439295503849
gp_pareto_unc,27,45,0.3116825290810931,0.4622123812121286
gp_pareto_unc,27,46,0.3116825290810931,0.4622123812121286
gp_pareto_unc,27,47,0.3591703782490195,0.468719343392353
gp_pareto_unc,27,48,0.3591703782490195,0.47040986361581094
gp_pareto_unc,27,49,0.3591703782490195,0.47040986361581094
gp_pareto_unc,27,50,0.3591703782490195,0.47091795139110704
gp_pareto_unc,27,51,0.3591703782490195,0.4711524408643839
gp_pareto_unc,27,52,0.3591703782490195,0.4711524408643839
gp_pareto_unc,27,53,0.3591703782490195,0.4733884377152796
gp_pareto_unc,27,54,0.3591703782490195,0.4791641141644854
gp_pareto_unc,27,55,0.3591703782490195,0.4791641141644854
gp_pareto_unc,27,56,0.3591703782490195,0.4791641141644854
gp_pareto_unc,27,57,0.3591703782490195,0.48022707473329057
gp_pareto_unc,27,58,0.3591703782490195,0.48022707473329057
gp_pareto_unc,27,59,0.3591703782490195,0.48167406613238
gp_pareto_unc,27,60,0.3591703782490195,0.4976562170655556
gp_pareto_unc,27,61,0.3591703782490195,0.4976562170655556
gp_pareto_unc,27,62,0.3591703782490195,0.4976562170655556
gp_pareto_unc,27,63,0.3591703782490195,0.4976562170655556
gp_pareto_unc,27,64,0.3591703782490195,0.5172000806055886
gp_pareto_unc,27,65,0.3591703782490195,0.5180515534299004
gp_pareto_unc,27,66,0.3591703782490195,0.5189781018560244
gp_pareto_unc,27,67,0.3591703782490195,0.5202439295503849
gp_pareto_unc,27,68,0.3591703782490195,0.5202439295503849
gp_pareto_unc,27,69,0.3591703782490195,0.5202439295503849
gp_pareto_unc,27,70,0.3591703782490195,0.5202439295503849
gp_pareto_unc,28,45,0.3116825290810931,0.4622123812121286
gp_pareto_unc,28,46,0.3116825290810931,0.4622123812121286
gp_pareto_unc,28,47,0.3591703782490195,0.468719343392353
gp_pareto_unc,28,48,0.3591703782490195,0.47040986361581094
gp_pareto_unc,28,49,0.3591703782490195,0.47040986361581094
gp_pareto_unc,28,50,0.3591703782490195,0.47091795139110704
gp_pareto_unc,28,51,0.3591703782490195,0.4711524408643839
gp_pareto_unc,28,52,0.3591703782490195,0.4711524408643839
gp_pareto_unc,28,53,0.3591703782490195,0.4733884377152796
gp_pareto_unc,28,54,0.3591703782490195,0.4791641141644854
gp_pareto_unc,28,55,0.3591703782490195,0.4791641141644854
gp_pareto_unc,28,56,0.3591703782490195,0.4791641141644854
gp_pareto_unc,28,57,0.3591703782490195,0.48022707473329057
gp_pareto_unc,28,58,0.3591703782490195,0.48022707473329057
gp_pareto_unc,28,59,0.3591703782490195,0.48167406613238
gp_pareto_unc,28,60,0.3591703782490195,0.4976562170655556
gp_pareto_unc,28,61,0.3591703782490195,0.4976562170655556
gp_pareto_unc,28,62,0.3591703782490195,0.4976562170655556
gp_pareto_unc,28,63,0.3591703782490195,0.4976562170655556
gp_pareto_unc,28,64,0.3591703782490195,0.5172000806055886
gp_pareto_unc,28,65,0.3591703782490195,0.5180515534299004
gp_pareto_unc,28,66,0.3591703782490195,0.5189781018560244
gp_pareto_unc,28,67,0.3591703782490195,0.5202439295503849
gp_pareto_unc,28,68,0.3591703782490195,0.5202439295503849
gp_pareto_unc,28,69,0.3591703782490195,0.5202439295503849
gp_pareto_unc,28,70,0.3591703782490195,0.5202439295503849
gp_pareto_unc,29,45,0.3116825290810931,0.4622123812121286
gp_pareto_unc,29,46,0.3116825290810931,0.4622123812121286
gp_pareto_unc,29,47,0.3591703782490195,0.468719343392353
gp_pareto_unc,29,48,0.3591703782490195,0.47040986361581094
gp_pareto_unc,29,49,0.3591703782490195,0.47040986361581094
gp_pareto_unc,29,50,0.3591703782490195,0.47091795139110704
gp_pareto_unc,29,51,0.3591703782490195,0.4711524408643839
gp_pareto_unc,29,52,0.3591703782490195,0.4711524408643839
gp_pareto_unc,29,53,0.3591703782490195,0.4733884377152796
gp_pareto_unc,29,54,0.3591703782490195,0.4791641141644854
gp_pareto_unc,29,55,0.3591703782490195,0.4791641141644854
gp_pareto_unc,29,56,0.3591703782490195,0.4791641141644854
gp_pareto_unc,29,57,0.3591703782490195,0.48022707473329057
gp_pareto_unc,29,58,0.3591703782490195,0.48022707473329057
gp_pareto_unc,29,59,0.3591703782490195,0.48167406613238
gp_pareto_unc,29,60,0.3591703782490195,0.4976562170655556
gp_pareto_unc,29,61,0.3591703782490195,0.4976562170655556
gp_pareto_unc,29,62,0.3591703782490195,0.4976562170655556
gp_pareto_unc,29,63,0.3591703782490195,0.4976562170655556
gp_pareto_unc,29,64,0.3591703782490195,0.5172000806055886
gp_pareto_unc,29,65,0.3591703782490195,0.5180515534299004
gp_pareto_unc,29,66,0.3591703782490195,0.5189781018560244
gp_pareto_unc,29,67,0.3591703782490195,0.5202439295503849
gp_pareto_unc,29,68,0.3591703782490195,0.5202439295503849
gp_pareto_unc,29,69,0.3591703782490195,0.5202439295503849
gp_pareto_unc,29,70,0.3591703782490195,0.5202439295503849
gp_pareto_unc,30,45,0.3116825290810931,0.4622123812121286
gp_pareto_unc,30,46,0.3116825290810931,0.4622123812121286
gp_pareto_unc,30,47,0.3591703782490195,0.468719343392353
gp_pareto_unc,30,48,0.3591703782490195,0.47040986361581094
gp_pareto_unc,30,49,0.3591703782490195,0.47040986361581094
gp_pareto_unc,30,50,0.3591703782490195,0.47091795139110704
gp_pareto_unc,30,51,0.3591703782490195,0.4711524408643839
gp_pareto_unc,30,52,0.3591703782490195,0.4711524408643839
gp_pareto_unc,30,53,0.3591703782490195,0.4733884377152796
gp_pareto_unc,30,54,0.3591703782490195,0.4791641141644854
gp_pareto_unc,30,55,0.3591703782490195,0.4791641141644854
gp_pareto_unc,30,56,0.3591703782490195,0.4791641141644854
gp_pareto_unc,30,57,0.3591703782490195,0.48022707473329057
gp_pareto_unc,30,58,0.3591703782490195,0.48022707473329057
gp_pareto_unc,30,59,0.3591703782490195,0.48167406613238
gp_pareto_unc,30,60,0.3591703782490195,0.4976562170655556
gp_pareto_unc,30,61,0.3591703782490195,0.4976562170655556
gp_pareto_unc,30,62,0.3591703782490195,0.4976562170655556
gp_pareto_unc,30,63,0.3591703782490195,0.4976562170655556
gp_pareto_unc,30,64,0.3591703782490195,0.5172000806055886
gp_pareto_unc,30,65,0.3591703782490195,0.5180515534299004
gp_pareto_unc,30,66,0.3591703782490195,0.5189781018560244
gp_pareto_unc,30,67,0.3591703782490195,0.5202439295503849
gp_pareto_unc,30,68,0.3591703782490195,0.5202439295503849
gp_pareto_unc,30,69,0.3591703782490195,0.5202439295503849
gp_pareto_unc,30,70,0.3591703782490195,0.5202439295503849
gp_pareto_unc,31,45,0.3116825290810931,0.4622123812121286
gp_pareto_unc,31,46,0.3116825290810931,0.4622123812121286
gp_pareto_unc,31,47,0.3591703782490195,0.468719343392353
gp_pareto_unc,31,48,0.3591703782490195,0.47040986361581094
gp_pareto_unc,31,49,0.3591703782490195,0.47040986361581094
gp_pareto_unc,31,50,0.3591703782490195,0.47091795139110704
gp_pareto_unc,31,51,0.3591703782490195,0.4711524408643839
gp_pareto_unc,31,52,0.3591703782490195,0.4711524408643839
gp_pareto_unc,31,53,0.3591703782490195,0.4733884377152796
gp_pareto_unc,31,54,0.3591703782490195,0.4791641141644854
gp_pareto_unc,31,55,0.3591703782490195,0.4791641141644854
gp_pareto_unc,31,56,0.3591703782490195,0.4791641141644854
gp_pareto_unc,31,57,0.3591703782490195,0.48022707473329057
gp_pareto_unc,31,58,0.3591703782490195,0.48022707473329057
gp_pareto_unc,31,59,0.3591703782490195,0.48167406613238
gp_pareto_unc,31,60,0.3591703782490195,0.4976562170655556
gp_pareto_unc,31,61,0.3591703782490195,0.4976562170655556
gp_pareto_unc,31,62,0.3591703782490195,0.4976562170655556
gp_pareto_unc,31,63,0.3591703782490195,0.4976562170655556
gp_pareto_unc,31,64,0.3591703782490195,0.5172000806055886
gp_pareto_unc,31,65,0.3591703782490195,0.5180515534299004
gp_pareto_unc,31,66,0.3591703782490195,0.5189781018560244
gp_pareto_unc,31,67,0.3591703782490195,0.5202439295503849
gp_pareto_unc,31,68,0.3591703782490195,0.5202439295503849
gp_pareto_unc,31,69,0.3591703782490195,0.5202439295503849
gp_pareto_unc,31,70,0.3591703782490195,0.5202439295503849
gp_pareto_unc,32,45,0.3116825290810931,0.4622123812121286
gp_pareto_unc,32,46,0.3116825290810931,0.4622123812121286
gp_pareto_unc,32,47,0.3591703782490195,0.468719343392353
gp_pareto_unc,32,48,0.3591703782490195,0.47040986361581094
gp_pareto_unc,32,49,0.3591703782490195,0.47040986361581094
gp_pareto_unc,32,50,0.3591703782490195,0.47091795139110704
gp_pareto_unc,32,51,0.3591703782490195,0.4711524408643839
gp_pareto_unc,32,52,0.3591703782490195,0.4711524408643839
gp_pareto_unc,32,53,0.3591703782490195,0.4733884377152796
gp_pareto_unc,32,54,0.3591703782490195,0.4791641141644854
gp_pareto_unc,32,55,0.3591703782490195,0.4791641141644854
gp_pareto_unc,32,56,0.3591703782490195,0.4791641141644854
gp_pareto_unc,32,57,0.3591703782490195,0.48022707473329057
gp_pareto_unc,32,58,0.3591703782490195,0.48022707473329057
gp_pareto_unc,32,59,0.3591703782490195,0.48167406613238
gp_pareto_unc,32,60,0.3591703782490195,0.4976562170655556
gp_pareto_unc,32,61,0.3591703782490195,0.4976562170655556
gp_pareto_unc,32,62,0.3591703782490195,0.4976562170655556
gp_pareto_unc,32,63,0.3591703782490195,0.4976562170655556
gp_pareto_unc,32,64,0.3591703782490195,0.5172000806055886
gp_pareto_unc,32,65,0.3591703782490195,0.5180515534299004
gp_pareto_unc,32,66,0.3591703782490195,0.5189781018560244
gp_pareto_unc,32,67,0.3591703782490195,0.5202439295503849
gp_pareto_unc,32,68,0.3591703782490195,0.5202439295503849
gp_pareto_unc,32,69,0.3591703782490195,0.5202439295503849
gp_pareto_unc,32,70,0.3591703782490195,0.5202439295503849
gp_pareto_unc,33,45,0.3116825290810931,0.4622123812121286
gp_pareto_unc,33,46,0.3116825290810931,0.4622123812121286
gp_pareto_unc,33,47,0.3591703782490195,0.468719343392353
gp_pareto_unc,33,48,0.3591703782490195,0.47040986361581094
gp_pareto_unc,33,49,0.3591703782490195,0.47040986361581094
gp_pareto_unc,33,50,0.3591703782490195,0.47091795139110704
gp_pareto_unc,33,51,0.3591703782490195,0.4711524408643839
gp_pareto_unc,33,52,0.3591703782490195,0.4711524408643839
gp_pareto_unc,33,53,0.3591703782490195,0.4733884377152796
gp_pareto_unc,33,54,0.3591703782490195,0.4791641141644854
gp_pareto_unc,33,55,0.3591703782490195,0.4791641141644854
gp_pareto_unc,33,56,0.3591703782490195,0.4791641141644854
gp_pareto_unc,33,57,0.3591703782490195,0.48022707473329057
gp_pareto_unc,33,58,0.3591703782490195,0.48022707473329057
gp_pareto_unc,33,59,0.3591703782490195,0.48167406613238
gp_pareto_unc,33,60,0.3591703782490195,0.4976562170655556
gp_pareto_unc,33,61,0.3591703782490195,0.4976562170655556
gp_pareto_unc,33,62,0.3591703782490195,0.4976562170655556
gp_pareto_unc,33,63,0.3591703782490195,0.4976562170655556
gp_pareto_unc,33,64,0.3591703782490195,0.5172000806055886
gp_pareto_unc,33,65,0.3591703782490195,0.5180515534299004
gp_pareto_unc,33,66,0.3591703782490195,0.5189781018560244
gp_pareto_unc,33,67,0.3591703782490195,0.5202439295503849
gp_pareto_unc,33,68,0.3591703782490195,0.5202439295503849
gp_pareto_unc,33,69,0.3591703782490195,0.5202439295503849
gp_pareto_unc,33,70,0.3591703782490195,0.5202439295503849
gp_pareto_unc,34,45,0.3116825290810931,0.4622123812121286
gp_pareto_unc,34,46,0.3116825290810931,0.4622123812121286
gp_pareto_unc,34,47,0.3591703782490195,0.468719343392353
gp_pareto_unc,34,48,0.3591703782490195,0.47040986361581094
gp_pareto_unc,34,49,0.3591703782490195,0.47040986361581094
gp_pareto_unc,34,50,0.3591703782490195,0.47091795139110704
gp_pareto_unc,34,51,0.3591703782490195,0.4711524408643839
gp_pareto_unc,34,52,0.3591703782490195,0.4711524408643839
gp_pareto_unc,34,53,0.3591703782490195,0.4733884377152796
gp_pareto_unc,34,54,0.3591703782490195,0.4791641141644854
gp_pareto_unc,34,55,0.3591703782490195,0.4791641141644854
gp_pareto_unc,34,56,0.3591703782490195,0.4791641141644854
gp_pareto_unc,34,57,0.3591703782490195,0.48022707473329057
gp_pareto_unc,34,58,0.3591703782490195,0.48022707473329057
gp_pareto_unc,34,59,0.3591703782490195,0.48167406613238
gp_pareto_unc,34,60,0.3591703782490195,0.4976562170655556
gp_pareto_unc,34,61,0.3591703782490195,0.4976562170655556
gp_pareto_unc,34,62,0.3591703782490195,0.4976562170655556
gp_pareto_unc,34,63,0.3591703782490195,0.4976562170655556
gp_pareto_unc,34,64,0.3591703782490195,0.5172000806055886
gp_pareto_unc,34,65,0.3591703782490195,0.5180515534299004
gp_pareto_unc,34,66,0.3591703782490195,0.5189781018560244
gp_pareto_unc,34,67,0.3591703782490195,0.5202439295503849
gp_pareto_unc,34,68,0.3591703782490195,0.5202439295503849
gp_pareto_unc,34,69,0.3591703782490195,0.5202439295503849
gp_pareto_unc,34,70,0.3591703782490195,0.5202439295503849
gp_pareto_unc,35,45,0.3116825290810931,0.4622123812121286
gp_pareto_unc,35,46,0.3116825290810931,0.4622123812121286
gp_pareto_unc,35,47,0.3591703782490195,0.468719343392353
gp_pareto_unc,35,48,0.3591703782490195,0.47040986361581094
gp_pareto_unc,35,49,0.3591703782490195,0.47040986361581094
gp_pareto_unc,35,50,0.3591703782490195,0.47091795139110704
gp_pareto_unc,35,51,0.3591703782490195,0.4711524408643839
gp_pareto_unc,35,52,0.3591703782490195,0.4711524408643839
gp_pareto_unc,35,53,0.3591703782490195,0.4733884377152796
gp_pareto_unc,35,54,0.3591703782490195,0.4791641141644854
gp_pareto_unc,35,55,0.3591703782490195,0.4791641141644854
gp_pareto_unc,35,56,0.3591703782490195,0.4791641141644854
gp_pareto_unc,35,57,0.3591703782490195,0.48022707473329057
gp_pareto_unc,35,58,0.3591703782490195,0.48022707473329057
gp_pareto_unc,35,59,0.3591703782490195,0.48167406613238
gp_pareto_unc,35,60,0.3591703782490195,0.4976562170655556
gp_pareto_unc,35,61,0.3591703782490195,0.4976562170655556
gp_pareto_unc,35,62,0.3591703782490195,0.4976562170655556
gp_pareto_unc,35,63,0.3591703782490195,0.4976562170655556
gp_pareto_unc,35,64,0.3591703782490195,0.5172000806055886
gp_pareto_unc,35,65,0.3591703782490195,0.5180515534299004
gp_pareto_unc,35,66,0.3591703782490195,0.5189781018560244
gp_pareto_unc,35,67,0.3591703782490195,0.5202439295503849
gp_pareto_unc,35,68,0.3591703782490195,0.5202439295503849
gp_pareto_unc,35,69,0.3591703782490195,0.5202439295503849
gp_pareto_unc,35,70,0.3591703782490195,0.5202439295503849
gp_pareto_unc,36,45,0.3116825290810931,0.4622123812121286
gp_pareto_unc,36,46,0.3116825290810931,0.4622123812121286
gp_pareto_unc,36,47,0.3591703782490195,0.468719343392353
gp_pareto_unc,36,48,0.3591703782490195,0.47040986361581094
gp_pareto_unc,36,49,0.3591703782490195,0.47040986361581094
gp_pareto_unc,36,50,0.3591703782490195,0.47091795139110704
gp_pareto_unc,36,51,0.3591703782490195,0.4711524408643839
gp_pareto_unc,36,52,0.3591703782490195,0.4711524408643839
gp_pareto_unc,36,53,0.3591703782490195,0.4733884377152796
gp_pareto_unc,36,54,0.3591703782490195,0.4791641141644854
gp_pareto_unc,36,55,0.3591703782490195,0.4791641141644854
gp_pareto_unc,36,56,0.3591703782490195,0.4791641141644854
gp_pareto_unc,36,57,0.3591703782490195,0.48022707473329057
gp_pareto_unc,36,58,0.3591703782490195,0.48022707473329057
gp_pareto_unc,36,59,0.3591703782490195,0.48167406613238
gp_pareto_unc,36,60,0.3591703782490195,0.4976562170655556
gp_pareto_unc,36,61,0.3591703782490195,0.4976562170655556
gp_pareto_unc,36,62,0.3591703782490195,0.4976562170655556
gp_pareto_unc,36,63,0.3591703782490195,0.4976562170655556
gp_pareto_unc,36,64,0.3591703782490195,0.5172000806055886
gp_pareto_unc,36,65,0.3591703782490195,0.5180515534299004
gp_pareto_unc,36,66,0.3591703782490195,0.5189781018560244
gp_pareto_unc,36,67,0.3591703782490195,0.5202439295503849
gp_pareto_unc,36,68,0.3591703782490195,0.5202439295503849
gp_pareto_unc,36,69,0.3591703782490195,0.5202439295503849
gp_pareto_unc,36,70,0.3591703782490195,0.5202439295503849
gp_pareto_unc,37,45,0.3116825290810931,0.4622123812121286
gp_pareto_unc,37,46,0.3116825290810931,0.4622123812121286
gp_pareto_unc,37,47,0.3591703782490195,0.468719343392353
gp_pareto_unc,37,48,0.3591703782490195,0.47040986361581094
gp_pareto_unc,37,49,0.3591703782490195,0.47040986361581094
gp_pareto_unc,37,50,0.3591703782490195,0.47091795139110704
gp_pareto_unc,37,51,0.3591703782490195,0.4711524408643839
gp_pareto_unc,37,52,0.3591703782490195,0.4711524408643839
gp_pareto_unc,37,53,0.3591703782490195,0.4733884377152796
gp_pareto_unc,37,54,0.3591703782490195,0.4791641141644854
gp_pareto_unc,37,55,0.3591703782490195,0.4791641141644854
gp_pareto_unc,37,56,0.3591703782490195,0.4791641141644854
gp_pareto_unc,37,57,0.3591703782490195,0.48022707473329057
gp_pareto_unc,37,58,0.3591703782490195,0.48022707473329057
gp_pareto_unc,37,59,0.3591703782490195,0.48167406613238
gp_pareto_unc,37,60,0.3591703782490195,0.4976562170655556
gp_pareto_unc,37,61,0.3591703782490195,0.4976562170655556
gp_pareto_unc,37,62,0.3591703782490195,0.4976562170655556
gp_pareto_unc,37,63,0.3591703782490195,0.4976562170655556
gp_pareto_unc,37,64,0.3591703782490195,0.5172000806055886
gp_pareto_unc,37,65,0.3591703782490195,0.5180515534299004
gp_pareto_unc,37,66,0.3591703782490195,0.5189781018560244
gp_pareto_unc,37,67,0.3591703782490195,0.5202439295503849
gp_pareto_unc,37,68,0.3591703782490195,0.5202439295503849
gp_pareto_unc,37,69,0.3591703782490195,0.5202439295503849
gp_pareto_unc,37,70,0.3591703782490195,0.5202439295503849
gp_pareto_unc,38,45,0.3116825290810931,0.4622123812121286
gp_pareto_unc,38,46,0.3116825290810931,0.4622123812121286
gp_pareto_unc,38,47,0.3591703782490195,0.468719343392353
gp_pareto_unc,38,48,0.3591703782490195,0.47040986361581094
gp_pareto_unc,38,49,0.3591703782490195,0.47040986361581094
gp_pareto_unc,38,50,0.3591703782490195,0.47091795139110704
gp_pareto_unc,38,51,0.3591703782490195,0.4711524408643839
gp_pareto_unc,38,52,0.3591703782490195,0.4711524408643839
gp_pareto_unc,38,53,0.3591703782490195,0.4733884377152796
gp_pareto_unc,38,54,0.3591703782490195,0.4791641141644854
gp_pareto_unc,38,55,0.3591703782490195,0.4791641141644854
gp_pareto_unc,38,56,0.3591703782490195,0.4791641141644854
gp_pareto_unc,38,57,0.3591703782490195,0.48022707473329057
gp_pareto_unc,38,58,0.3591703782490195,0.48022707473329057
gp_pareto_unc,38,59,0.3591703782490195,0.48167406613238
gp_pareto_unc,38,60,0.3591703782490195,0.4976562170655556
gp_pareto_unc,38,61,0.3591703782490195,0.4976562170655556
gp_pareto_unc,38,62,0.3591703782490195,0.4976562170655556
gp_pareto_unc,38,63,0.3591703782490195,0.4976562170655556
gp_pareto_unc,38,64,0.3591703782490195,0.5172000806055886
gp_pareto_unc,38,65,0.3591703782490195,0.5180515534299004
gp_pareto_unc,38,66,0.3591703782490195,0.5189781018560244
gp_pareto_unc,38,67,0.3591703782490195,0.5202439295503849
gp_pareto_unc,38,68,0.3591703782490195,0.5202439295503849
gp_pareto_unc,38,69,0.3591703782490195,0.5202439295503849
gp_pareto_unc,38,70,0.3591703782490195,0.5202439295503849
gp_pareto_unc,39,45,0.3116825290810931,0.4622123812121286
gp_pareto_unc,39,46,0.3116825290810931,0.4622123812121286
gp_pareto_unc,39,47,0.3591703782490195,0.468719343392353
gp_pareto_unc,39,48,0.3591703782490195,0.47040986361581094
gp_pareto_unc,39,49,0.3591703782490195,0.47040986361581094
gp_pareto_unc,39,50,0.3591703782490195,0.47091795139110704
gp_pareto_unc,39,51,0.3591703782490195,0.4711524408643839
gp_pareto_unc,39,52,0.3591703782490195,0.4711524408643839
gp_pareto_unc,39,53,0.3591703782490195,0.4733884377152796
gp_pareto_unc,39,54,0.3591703782490195,0.4791641141644854
gp_pareto_unc,39,55,0.3591703782490195,0.4791641141644854
gp_pareto_unc,39,56,0.3591703782490195,0.4791641141644854
gp_pareto_unc,39,57,0.3591703782490195,0.48022707473329057
gp_pareto_unc,39,58,0.3591703782490195,0.48022707473329057
gp_pareto_unc,39,59,0.3591703782490195,0.48167406613238
gp_pareto_unc,39,60,0.3591703782490195,0.4976562170655556
gp_pareto_unc,39,61,0.3591703782490195,0.4976562170655556
gp_pareto_unc,39,62,0.3591703782490195,0.4976562170655556
gp_pareto_unc,39,63,0.3591703782490195,0.4976562170655556
gp_pareto_unc,39,64,0.3591703782490195,0.5172000806055886
gp_pareto_unc,39,65,0.3591703782490195,0.5180515534299004
gp_pareto_unc,39,66,0.3591703782490195,0.5189781018560244
gp_pareto_unc,39,67,0.3591703782490195,0.5202439295503849
gp_pareto_unc,39,68,0.3591703782490195,0.5202439295503849
gp_pareto_unc,39,69,0.3591703782490195,0.5202439295503849
gp_pareto_unc,39,70,0.3591703782490195,0.5202439295503849
gp_pareto_unc,40,45,0.3116825290810931,0.4622123812121286
gp_pareto_unc,40,46,0.3116825290810931,0.4622123812121286
gp_pareto_unc,40,47,0.3591703782490195,0.468719343392353
gp_pareto_unc,40,48,0.3591703782490195,0.47040986361581094
gp_pareto_unc,40,49,0.3591703782490195,0.47040986361581094
gp_pareto_unc,40,50,0.3591703782490195,0.47091795139110704
gp_pareto_unc,40,51,0.3591703782490195,0.4711524408643839
gp_pareto_unc,40,52,0.3591703782490195,0.4711524408643839
gp_pareto_unc,40,53,0.3591703782490195,0.4733884377152796
gp_pareto_unc,40,54,0.3591703782490195,0.4791641141644854
gp_pareto_unc,40,55,0.3591703782490195,0.4791641141644854
gp_pareto_unc,40,56,0.3591703782490195,0.4791641141644854
gp_pareto_unc,40,57,0.3591703782490195,0.48022707473329057
gp_pareto_unc,40,58,0.3591703782490195,0.48022707473329057
gp_pareto_unc,40,59,0.3591703782490195,0.48167406613238
gp_pareto_unc,40,60,0.3591703782490195,0.4976562170655556
gp_pareto_unc,40,61,0.3591703782490195,0.4976562170655556
gp_pareto_unc,40,62,0.3591703782490195,0.4976562170655556
gp_pareto_unc,40,63,0.3591703782490195,0.4976562170655556
gp_pareto_unc,40,64,0.3591703782490195,0.5172000806055886
gp_pareto_unc,40,65,0.3591703782490195,0.5180515534299004
gp_pareto_unc,40,66,0.3591703782490195,0.5189781018560244
gp_pareto_unc,40,67,0.3591703782490195,0.5202439295503849
gp_pareto_unc,40,68,0.3591703782490195,0.5202439295503849
gp_pareto_unc,40,69,0.3591703782490195,0.5202439295503849
gp_pareto_unc,40,70,0.3591703782490195,0.5202439295503849
gp_pareto_unc,41,45,0.3116825290810931,0.4622123812121286
gp_pareto_unc,41,46,0.3116825290810931,0.4622123812121286
gp_pareto_unc,41,47,0.3591703782490195,0.468719343392353
gp_pareto_unc,41,48,0.3591703782490195,0.47040986361581094
gp_pareto_unc,41,49,0.3591703782490195,0.47040986361581094
gp_pareto_unc,41,50,0.3591703782490195,0.47091795139110704
gp_pareto_unc,41,51,0.3591703782490195,0.4711524408643839
gp_pareto_unc,41,52,0.3591703782490195,0.4711524408643839
gp_pareto_unc,41,53,0.3591703782490195,0.4733884377152796
gp_pareto_unc,41,54,0.3591703782490195,0.4791641141644854
gp_pareto_unc,41,55,0.3591703782490195,0.4791641141644854
gp_pareto_unc,41,56,0.3591703782490195,0.4791641141644854
gp_pareto_unc,41,57,0.3591703782490195,0.48022707473329057
gp_pareto_unc,41,58,0.3591703782490195,0.48022707473329057
gp_pareto_unc,41,59,0.3591703782490195,0.48167406613238
gp_pareto_unc,41,60,0.3591703782490195,0.4976562170655556
gp_pareto_unc,41,61,0.3591703782490195,0.4976562170655556
gp_pareto_unc,41,62,0.3591703782490195,0.4976562170655556
gp_pareto_unc,41,63,0.3591703782490195,0.4976562170655556
gp_pareto_unc,41,64,0.3591703782490195,0.5172000806055886
gp_pareto_unc,41,65,0.3591703782490195,0.5180515534299004
gp_pareto_unc,41,66,0.3591703782490195,0.5189781018560244
gp_pareto_unc,41,67,0.3591703782490195,0.5202439295503849
gp_pareto_unc,41,68,0.3591703782490195,0.5202439295503849
gp_pareto_unc,41,69,0.3591703782490195,0.5202439295503849
gp_pareto_unc,41,70,0.3591703782490195,0.5202439295503849
gp_pareto_unc,42,45,0.3116825290810931,0.4622123812121286
gp_pareto_unc,42,46,0.3116825290810931,0.4622123812121286
gp_pareto_unc,42,47,0.3591703782490195,0.468719343392353
gp_pareto_unc,42,48,0.3591703782490195,0.47040986361581094
gp_pareto_unc,42,49,0.3591703782490195,0.47040986361581094
gp_pareto_unc,42,50,0.3591703782490195,0.47091795139110704
gp_pareto_unc,42,51,0.3591703782490195,0.4711524408643839
gp_pareto_unc,42,52,0.3591703782490195,0.4711524408643839
gp_pareto_unc,42,53,0.3591703782490195,0.4733884377152796
gp_pareto_unc,42,54,0.3591703782490195,0.4791641141644854
gp_pareto_unc,42,55,0.3591703782490195,0.4791641141644854
gp_pareto_unc,42,56,0.3591703782490195,0.4791641141644854
gp_pareto_unc,42,57,0.3591703782490195,0.48022707473329057
gp_pareto_unc,42,58,0.3591703782490195,0.48022707473329057
gp_pareto_unc,42,59,0.3591703782490195,0.48167406613238
gp_pareto_unc,42,60,0.3591703782490195,0.4976562170655556
gp_pareto_unc,42,61,0.3591703782490195,0.4976562170655556
gp_pareto_unc,42,62,0.3591703782490195,0.4976562170655556
gp_pareto_unc,42,63,0.3591703782490195,0.4976562170655556
gp_pareto_unc,42,64,0.3591703782490195,0.5172000806055886
gp_pareto_unc,42,65,0.3591703782490195,0.5180515534299004
gp_pareto_unc,42,66,0.3591703782490195,0.5189781018560244
gp_pareto_unc,42,67,0.3591703782490195,0.5202439295503849
gp_pareto_unc,42,68,0.3591703782490195,0.5202439295503849
gp_pareto_unc,42,69,0.3591703782490195,0.5202439295503849
gp_pareto_unc,42,70,0.3591703782490195,0.5202439295503849
gp_pareto_unc,43,45,0.3116825290810931,0.4622123812121286
gp_pareto_unc,43,46,0.3116825290810931,0.4622123812121286
gp_pareto_unc,43,47,0.3591703782490195,0.468719343392353
gp_pareto_unc,43,48,0.3591703782490195,0.47040986361581094
gp_pareto_unc,43,49,0.3591703782490195,0.47040986361581094
gp_pareto_unc,43,50,0.3591703782490195,0.47091795139110704
gp_pareto_unc,43,51,0.3591703782490195,0.4711524408643839
gp_pareto_unc,43,52,0.3591703782490195,0.4711524408643839
gp_pareto_unc,43,53,0.3591703782490195,0.4733884377152796
gp_pareto_unc,43,54,0.3591703782490195,0.4791641141644854
gp_pareto_unc,43,55,0.3591703782490195,0.4791641141644854
gp_pareto_unc,43,56,0.3591703782490195,0.4791641141644854
gp_pareto_unc,43,57,0.3591703782490195,0.48022707473329057
gp_pareto_unc,43,58,0.3591703782490195,0.48022707473329057
gp_pareto_unc,43,59,0.3591703782490195,0.48167406613238
gp_pareto_unc,43,60,0.3591703782490195,0.4976562170655556
gp_pareto_unc,43,61,0.3591703782490195,0.4976562170655556
gp_pareto_unc,43,62,0.3591703782490195,0.4976562170655556
gp_pareto_unc,43,63,0.3591703782490195,0.4976562170655556
gp_pareto_unc,43,64,0.3591703782490195,0.5172000806055886
gp_pareto_unc,43,65,0.3591703782490195,0.5180515534299004
gp_pareto_unc,43,66,0.3591703782490195,0.5189781018560244
gp_pareto_unc,43,67,0.3591703782490195,0.5202439295503849
gp_pareto_unc,43,68,0.3591703782490195,0.5202439295503849
gp_pareto_unc,43,69,0.3591703782490195,0.5202439295503849
gp_pareto_unc,43,70,0.3591703782490195,0.5202439295503849
gp_pareto_unc,44,45,0.3116825290810931,0.4622123812121286
gp_pareto_unc,44,46,0.3116825290810931,0.4622123812121286
gp_pareto_unc,44,47,0.3591703782490195,0.468719343392353
gp_pareto_unc,44,48,0.3591703782490195,0.47040986361581094
gp_pareto_unc,44,49,0.3591703782490195,0.47040986361581094
gp_pareto_unc,44,50,0.3591703782490195,0.47091795139110704
gp_pareto_unc,44,51,0.3591703782490195,0.4711524408643839
gp_pareto_unc,44,52,0.3591703782490195,0.4711524408643839
gp_pareto_unc,44,53,0.3591703782490195,0.4733884377152796
gp_pareto_unc,44,54,0.3591703782490195,0.4791641141644854
gp_pareto_unc,44,55,0.3591703782490195,0.4791641141644854
gp_pareto_unc,44,56,0.3591703782490195,0.4791641141644854
gp_pareto_unc,44,57,0.3591703782490195,0.48022707473329057
gp_pareto_unc,44,58,0.3591703782490195,0.48022707473329057
gp_pareto_unc,44,59,0.3591703782490195,0.48167406613238
gp_pareto_unc,44,60,0.3591703782490195,0.4976562170655556
gp_pareto_unc,44,61,0.3591703782490195,0.4976562170655556
gp_pareto_unc,44,62,0.3591703782490195,0.4976562170655556
gp_pareto_unc,44,63,0.3591703782490195,0.4976562170655556
gp_pareto_unc,44,64,0.3591703782490195,0.5172000806055886
gp_pareto_unc,44,65,0.3591703782490195,0.5180515534299004
gp_pareto_unc,44,66,0.3591703782490195,0.5189781018560244
gp_pareto_unc,44,67,0.3591703782490195,0.5202439295503849
gp_pareto_unc,44,68,0.3591703782490195,0.5202439295503849
gp_pareto_unc,44,69,0.3591703782490195,0.5202439295503849
gp_pareto_unc,44,70,0.3591703782490195,0.5202439295503849
gp_pareto_unc,45,45,0.3116825290810931,0.4622123812121286
gp_pareto_unc,45,46,0.3116825290810931,0.4622123812121286
gp_pareto_unc,45,47,0.3591703782490195,0.468719343392353
gp_pareto_unc,45,48,0.3591703782490195,0.47040986361581094
gp_pareto_unc,45,49,0.3591703782490195,0.47040986361581094
gp_pareto_unc,45,50,0.3591703782490195,0.47091795139110704
gp_pareto_unc,45,51,0.3591703782490195,0.4711524408643839
gp_pareto_unc,45,52,0.3591703782490195,0.4711524408643839
gp_pareto_unc,45,53,0.3591703782490195,0.4733884377152796
gp_pareto_unc,45,54,0.3591703782490195,0.4791641141644854
gp_pareto_unc,45,55,0.3591703782490195,0.4791641141644854
gp_pareto_unc,45,56,0.3591703782490195,0.4791641141644854
gp_pareto_unc,45,57,0.3591703782490195,0.48022707473329057
gp_pareto_unc,45,58,0.3591703782490195,0.48022707473329057
gp_pareto_unc,45,59,0.3591703782490195,0.48167406613238
gp_pareto_unc,45,60,0.3591703782490195,0.4976562170655556
gp_pareto_unc,45,61,0.3591703782490195,0.4976562170655556
gp_pareto_unc,45,62,0.3591703782490195,0.4976562170655556
gp_pareto_unc,45,63,0.3591703782490195,0.4976562170655556
gp_pareto_unc,45,64,0.3591703782490195,0.5172000806055886
gp_pareto_unc,45,65,0.3591703782490195,0.5180515534299004
gp_pareto_unc,45,66,0.3591703782490195,0.5189781018560244
gp_pareto_unc,45,67,0.3591703782490195,0.5202439295503849
gp_pareto_unc,45,68,0.3591703782490195,0.5202439295503849
gp_pareto_unc,45,69,0.3591703782490195,0.5202439295503849
gp_pareto_unc,45,70,0.3591703782490195,0.5202439295503849
gp_pareto_unc,46,45,0.3116825290810931,0.4622123812121286
gp_pareto_unc,46,46,0.3116825290810931,0.4622123812121286
gp_pareto_unc,46,47,0.3591703782490195,0.468719343392353
gp_pareto_unc,46,48,0.3591703782490195,0.47040986361581094
gp_pareto_unc,46,49,0.3591703782490195,0.47040986361581094
gp_pareto_unc,46,50,0.3591703782490195,0.47091795139110704
gp_pareto_unc,46,51,0.3591703782490195,0.4711524408643839
gp_pareto_unc,46,52,0.3591703782490195,0.4711524408643839
gp_pareto_unc,46,53,0.3591703782490195,0.4733884377152796
gp_pareto_unc,46,54,0.3591703782490195,0.4791641141644854
gp_pareto_unc,46,55,0.3591703782490195,0.4791641141644854
gp_pareto_unc,46,56,0.3591703782490195,0.4791641141644854
gp_pareto_unc,46,57,0.3591703782490195,0.48022707473329057
gp_pareto_unc,46,58,0.3591703782490195,0.48022707473329057
gp_pareto_unc,46,59,0.3591703782490195,0.48167406613238
gp_pareto_unc,46,60,0.3591703782490195,0.4976562170655556
gp_pareto_unc,46,61,0.3591703782490195,0.4976562170655556
gp_pareto_unc,46,62,0.3591703782490195,0.4976562170655556
gp_pareto_unc,46,63,0.3591703782490195,0.4976562170655556
gp_pareto_unc,46,64,0.3591703782490195,0.5172000806055886
gp_pareto_unc,46,65,0.3591703782490195,0.5180515534299004
gp_pareto_unc,46,66,0.3591703782490195,0.5189781018560244
gp_pareto_unc,46,67,0.3591703782490195,0.5202439295503849
gp_pareto_unc,46,68,0.3591703782490195,0.5202439295503849
gp_pareto_unc,46,69,0.3591703782490195,0.5202439295503849
gp_pareto_unc,46,70,0.3591703782490195,0.5202439295503849
gp_pareto_unc,47,45,0.3116825290810931,0.4622123812121286
gp_pareto_unc,47,46,0.3116825290810931,0.4622123812121286
gp_pareto_unc,47,47,0.3591703782490195,0.468719343392353
gp_pareto_unc,47,48,0.3591703782490195,0.47040986361581094
gp_pareto_unc,47,49,0.3591703782490195,0.47040986361581094
gp_pareto_unc,47,50,0.3591703782490195,0.47091795139110704
gp_pareto_unc,47,51,0.3591703782490195,0.4711524408643839
gp_pareto_unc,47,52,0.3591703782490195,0.4711524408643839
gp_pareto_unc,47,53,0.3591703782490195,0.4733884377152796
gp_pareto_unc,47,54,0.3591703782490195,0.4791641141644854
gp_pareto_unc,47,55,0.3591703782490195,0.4791641141644854
gp_pareto_unc,47,56,0.3591703782490195,0.4791641141644854
gp_pareto_unc,47,57,0.3591703782490195,0.48022707473329057
gp_pareto_unc,47,58,0.3591703782490195,0.48022707473329057
gp_pareto_unc,47,59,0.3591703782490195,0.48167406613238
gp_pareto_unc,47,60,0.3591703782490195,0.4976562170655556
gp_pareto_unc,47,61,0.3591703782490195,0.4976562170655556
gp_pareto_unc,47,62,0.3591703782490195,0.4976562170655556
gp_pareto_unc,47,63,0.3591703782490195,0.4976562170655556
gp_pareto_unc,47,64,0.3591703782490195,0.5172000806055886
gp_pareto_unc,47,65,0.3591703782490195,0.5180515534299004
gp_pareto_unc,47,66,0.3591703782490195,0.5189781018560244
gp_pareto_unc,47,67,0.3591703782490195,0.5202439295503849
gp_pareto_unc,47,68,0.3591703782490195,0.5202439295503849
gp_pareto_unc,47,69,0.3591703782490195,0.5202439295503849
gp_pareto_unc,47,70,0.3591703782490195,0.5202439295503849
gp_pareto_unc,48,45,0.3116825290810931,0.4622123812121286
gp_pareto_unc,48,46,0.3116825290810931,0.4622123812121286
gp_pareto_unc,48,47,0.3591703782490195,0.468719343392353
gp_pareto_unc,48,48,0.3591703782490195,0.47040986361581094
gp_pareto_unc,48,49,0.3591703782490195,0.47040986361581094
gp_pareto_unc,48,50,0.3591703782490195,0.47091795139110704
gp_pareto_unc,48,51,0.3591703782490195,0.4711524408643839
gp_pareto_unc,48,52,0.3591703782490195,0.4711524408643839
gp_pareto_unc,48,53,0.3591703782490195,0.4733884377152796
gp_pareto_unc,48,54,0.3591703782490195,0.4791641141644854
gp_pareto_unc,48,55,0.3591703782490195,0.4791641141644854
gp_pareto_unc,48,56,0.3591703782490195,0.4791641141644854
gp_pareto_unc,48,57,0.3591703782490195,0.48022707473329057
gp_pareto_unc,48,58,0.3591703782490195,0.48022707473329057
gp_pareto_unc,48,59,0.3591703782490195,0.48167406613238
gp_pareto_unc,48,60,0.3591703782490195,0.4976562170655556
gp_pareto_unc,48,61,0.3591703782490195,0.4976562170655556
gp_pareto_unc,48,62,0.3591703782490195,0.4976562170655556
gp_pareto_unc,48,63,0.3591703782490195,0.4976562170655556
gp_pareto_unc,48,64,0.3591703782490195,0.5172000806055886
gp_pareto_unc,48,65,0.3591703782490195,0.5180515534299004
gp_pareto_unc,48,66,0.3591703782490195,0.5189781018560244
gp_pareto_unc,48,67,0.3591703782490195,0.5202439295503849
gp_pareto_unc,48,68,0.3591703782490195,0.5202439295503849
gp_pareto_unc,48,69,0.3591703782490195,0.5202439295503849
gp_pareto_unc,48,70,0.3591703782490195,0.5202439295503849
gp_pareto_unc,49,45,0.3116825290810931,0.4622123812121286
gp_pareto_unc,49,46,0.3116825290810931,0.4622123812121286
gp_pareto_unc,49,47,0.3591703782490195,0.468719343392353
gp_pareto_unc,49,48,0.3591703782490195,0.47040986361581094
gp_pareto_unc,49,49,0.3591703782490195,0.47040986361581094
gp_pareto_unc,49,50,0.3591703782490195,0.47091795139110704
gp_pareto_unc,49,51,0.3591703782490195,0.4711524408643839
gp_pareto_unc,49,52,0.3591703782490195,0.4711524408643839
gp_pareto_unc,49,53,0.3591703782490195,0.4733884377152796
gp_pareto_unc,49,54,0.3591703782490195,0.4791641141644854
gp_pareto_unc,49,55,0.3591703782490195,0.4791641141644854
gp_pareto_unc,49,56,0.3591703782490195,0.4791641141644854
gp_pareto_unc,49,57,0.3591703782490195,0.48022707473329057
gp_pareto_unc,49,58,0.3591703782490195,0.48022707473329057
gp_pareto_unc,49,59,0.3591703782490195,0.48167406613238
gp_pareto_unc,49,60,0.3591703782490195,0.4976562170655556
gp_pareto_unc,49,61,0.3591703782490195,0.4976562170655556
gp_pareto_unc,49,62,0.3591703782490195,0.4976562170655556
gp_pareto_unc,49,63,0.3591703782490195,0.4976562170655556
gp_pareto_unc,49,64,0.3591703782490195,0.5172000806055886
gp_pareto_unc,49,65,0.3591703782490195,0.5180515534299004
gp_pareto_unc,49,66,0.3591703782490195,0.5189781018560244
gp_pareto_unc,49,67,0.3591703782490195,0.5202439295503849
gp_pareto_unc,49,68,0.3591703782490195,0.5202439295503849
gp_pareto_unc,49,69,0.3591703782490195,0.5202439295503849
gp_pareto_unc,49,70,0.3591703782490195,0.5202439295503849
