strategy,seed,n_exp,best_ratio,hv
random,0,32,0.3116825290810931,0.4618851158947737
random,0,33,0.3116825290810931,0.4618851158947737
random,0,34,0.3116825290810931,0.46766079234397945
random,0,35,0.3116825290810931,0.4690806014141292
random,0,36,0.3116825290810931,0.5057739640048056
random,0,37,0.3116825290810931,0.5081158546986068
random,0,38,0.3116825290810931,0.5081158546986068
random,0,39,0.3116825290810931,0.5081158546986068
random,0,40,0.3530094910095711,0.513779530520967
random,0,41,0.3530094910095711,0.513779530520967
random,0,42,0.3530094910095711,0.513779530520967
random,0,43,0.3530094910095711,0.5156586788705182
random,0,44,0.3530094910095711,0.5163606371215133
random,0,45,0.3530094910095711,0.5163606371215133
random,0,46,0.3530094910095711,0.5180238225720863
random,0,47,0.3530094910095711,0.5180238225720863
random,0,48,0.3530094910095711,0.5180238225720863
random,0,49,0.3591703782490195,0.5192143268418054
random,0,50,0.3591703782490195,0.5192143268418054
random,0,51,0.3591703782490195,0.5192143268418054
random,0,52,0.3591703782490195,0.5192143268418054
random,0,53,0.3591703782490195,0.5197224146171014
random,0,54,0.3591703782490195,0.5197224146171014
random,0,55,0.3591703782490195,0.5197224146171014
random,0,56,0.3591703782490195,0.5200020578987232
random,0,57,0.3591703782490195,0.5200020578987232
random,1,32,0.3116825290810931,0.4618851158947737
random,1,33,0.3116825290810931,0.4618851158947737
random,1,34,0.3116825290810931,0.46274000743036525
random,1,35,0.3116825290810931,0.46274000743036525
random,1,36,0.3116825290810931,0.46274000743036525
random,1,37,0.3116825290810931,0.46274000743036525
random,1,38,0.3116825290810931,0.46274000743036525
random,1,39,0.3116825290810931,0.4627407229597699
random,1,40,0.3116825290810931,0.46698414717507697
random,1,41,0.3116825290810931,0.4680392214826295
random,1,42,0.3116825290810931,0.4680392214826295
random,1,43,0.3116825290810931,0.46945903055277927
random,1,44,0.3116825290810931,0.46945903055277927
random,1,45,0.3116825290810931,0.507964288658976
random,1,46,0.3116825290810931,0.507964288658976
random,1,47,0.3116825290810931,0.50925038951582
random,1,48,0.3116825290810931,0.5099523477668152
random,1,49,0.3116825290810931,0.5099523477668152
random,1,50,0.3116825290810931,0.5099523477668152
random,1,51,0.3116825290810931,0.5099523477668152
random,1,52,0.3530094910095711,0.5156160235891755
random,1,53,0.3591703782490195,0.5168065278588945
random,1,54,0.3591703782490195,0.5181229095491721
random,1,55,0.3591703782490195,0.5181229095491721
random,1,56,0.3591703782490195,0.5181229095491721
random,1,57,0.3591703782490195,0.5200020578987232
random,2,32,0.3116825290810931,0.4618851158947737
random,2,33,0.3116825290810931,0.4637826781925865
random,2,34,0.3116825290810931,0.4637826781925865
random,2,35,0.3116825290810931,0.46955835464179224
random,2,36,0.3116825290810931,0.46955835464179224
random,2,37,0.3116825290810931,0.46955835464179224
random,2,38,0.3116825290810931,0.46955835464179224
random,2,39,0.3116825290810931,0.4719002453355935
random,2,40,0.3116825290810931,0.4719002453355935
random,2,41,0.3116825290810931,0.4719002453355935
random,2,42,0.3116825290810931,0.4878823962687691
random,2,43,0.3530094910095711,0.4933116952438897
random,2,44,0.3530094910095711,0.4933116952438897
random,2,45,0.3530094910095711,0.49475868664297906
random,2,46,0.3591703782490195,0.49594919091269807
random,2,47,0.3591703782490195,0.49594919091269807
random,2,48,0.3591703782490195,0.49594919091269807
random,2,49,0.3591703782490195,0.49594919091269807
random,2,50,0.3591703782490195,0.49818518776359383
random,2,51,0.3591703782490195,0.49924814833239906
random,2,52,0.3591703782490195,0.49924814833239906
random,2,53,0.3591703782490195,0.49924814833239906
random,2,54,0.3591703782490195,0.4997562361076952
random,2,55,0.3591703782490195,0.5004581943586903
random,2,56,0.3591703782490195,0.5004581943586903
random,2,57,0.3591703782490195,0.5200020578987232
random,3,32,0.3116825290810931,0.4618851158947737
random,3,33,0.3116825290810931,0.4618851158947737
random,3,34,0.3116825290810931,0.4618851158947737
random,3,35,0.3116825290810931,0.46612854011008076
random,3,36,0.3116825290810931,0.46802610240789355
random,3,37,0.3116825290810931,0.46802610240789355
random,3,38,0.3116825290810931,0.46802610240789355
random,3,39,0.3591703782490195,0.47441141617945626
random,3,40,0.3591703782490195,0.4766474130303521
random,3,41,0.3591703782490195,0.4768819025036289
random,3,42,0.3591703782490195,0.4779376923405861
random,3,43,0.3591703782490195,0.4786599237540648
random,3,44,0.3591703782490195,0.49655433339120486
random,3,45,0.3591703782490195,0.49655433339120486
random,3,46,0.3591703782490195,0.4978201610855653
random,3,47,0.3591703782490195,0.49888714601458894
random,3,48,0.3591703782490195,0.49888714601458894
random,3,49,0.3591703782490195,0.4999501065833941
random,3,50,0.3591703782490195,0.4999501065833941
random,3,51,0.3591703782490195,0.4999501065833941
random,3,52,0.3591703782490195,0.4999501065833941
random,3,53,0.3591703782490195,0.4999501065833941
random,3,54,0.3591703782490195,0.5004581943586903
random,3,55,0.3591703782490195,0.5004581943586903
random,3,56,0.3591703782490195,0.5004581943586903
random,3,57,0.3591703782490195,0.5200020578987232
random,4,32,0.3116825290810931,0.4618851158947737
random,4,33,0.3116825290810931,0.46273658871908546
random,4,34,0.3116825290810931,0.4636631371452096
random,4,35,0.3591703782490195,0.47025549299112723
random,4,36,0.3591703782490195,0.47249148984202305
random,4,37,0.3591703782490195,0.47673491405733004
random,4,38,0.3591703782490195,0.5152401721635268
random,4,39,0.3591703782490195,0.5152401721635268
random,4,40,0.3591703782490195,0.5152401721635268
random,4,41,0.3591703782490195,0.5160950636991183
random,4,42,0.3591703782490195,0.5160950636991183
random,4,43,0.3591703782490195,0.5173608913934787
random,4,44,0.3591703782490195,0.5173608913934787
random,4,45,0.3591703782490195,0.5173608913934787
random,4,46,0.3591703782490195,0.5173608913934787
random,4,47,0.3591703782490195,0.5173608913934787
random,4,48,0.3591703782490195,0.5173608913934787
random,4,49,0.3591703782490195,0.5173608913934787
random,4,50,0.3591703782490195,0.5173608913934787
random,4,51,0.3591703782490195,0.5173608913934787
random,4,52,0.3591703782490195,0.5184238519622839
random,4,53,0.3591703782490195,0.5184238519622839
random,4,54,0.3591703782490195,0.5184238519622839
random,4,55,0.3591703782490195,0.5184238519622839
random,4,56,0.3591703782490195,0.5186856762084456
random,4,57,0.3591703782490195,0.5200020578987232
random,5,32,0.3116825290810931,0.4618851158947737
random,5,33,0.3116825290810931,0.4618851158947737
random,5,34,0.3116825290810931,0.48157444519999765
random,5,35,0.3116825290810931,0.48157444519999765
random,5,36,0.3116825290810931,0.48157444519999765
random,5,37,0.3116825290810931,0.4839163358937989
random,5,38,0.3116825290810931,0.4839163358937989
random,5,39,0.3116825290810931,0.5066960456284569
random,5,40,0.3116825290810931,0.5066960456284569
random,5,41,0.3116825290810931,0.5089320424793528
random,5,42,0.3116825290810931,0.5089320424793528
random,5,43,0.3116825290810931,0.5089320424793528
random,5,44,0.3116825290810931,0.5108296047771655
random,5,45,0.3116825290810931,0.5115315630281606
random,5,46,0.3116825290810931,0.5115315630281606
random,5,47,0.3116825290810931,0.5120396508034568
random,5,48,0.3116825290810931,0.5120396508034568
random,5,49,0.3116825290810931,0.5120396508034568
random,5,50,0.3116825290810931,0.5120396508034568
random,5,51,0.3116825290810931,0.5120396508034568
random,5,52,0.3116825290810931,0.513102611372262
random,5,53,0.3116825290810931,0.513102611372262
random,5,54,0.3116825290810931,0.5133822546538838
random,5,55,0.3591703782490195,0.5197675684254465
random,5,56,0.3591703782490195,0.5200020578987232
random,5,57,0.3591703782490195,0.5200020578987232
random,6,32,0.3116825290810931,0.4618851158947737
random,6,33,0.3116825290810931,0.4642270065885749
random,6,34,0.3116825290810931,0.5066960456284569
random,6,35,0.3530094910095711,0.5123597214508173
random,6,36,0.3530094910095711,0.514595718301713
random,6,37,0.3530094910095711,0.514595718301713
random,6,38,0.3591703782490195,0.515786222571432
random,6,39,0.3591703782490195,0.515786222571432
random,6,40,0.3591703782490195,0.517449408022005
random,6,41,0.3591703782490195,0.517449408022005
random,6,42,0.3591703782490195,0.5185123685908103
random,6,43,0.3591703782490195,0.5185123685908103
random,6,44,0.3591703782490195,0.5185123685908103
random,6,45,0.3591703782490195,0.5185123685908103
random,6,46,0.3591703782490195,0.5185123685908103
random,6,47,0.3591703782490195,0.5190204563661064
random,6,48,0.3591703782490195,0.5190204563661064
random,6,49,0.3591703782490195,0.5190204563661064
random,6,50,0.3591703782490195,0.5190204563661064
random,6,51,0.3591703782490195,0.5190204563661064
random,6,52,0.3591703782490195,0.5197224146171014
random,6,53,0.3591703782490195,0.5200020578987232
random,6,54,0.3591703782490195,0.5200020578987232
random,6,55,0.3591703782490195,0.5200020578987232
random,6,56,0.3591703782490195,0.5200020578987232
random,6,57,0.3591703782490195,0.5200020578987232
random,7,32,0.3116825290810931,0.4618851158947737
random,7,33,0.3116825290810931,0.4618851158947737
random,7,34,0.3116825290810931,0.46766079234397945
random,7,35,0.3116825290810931,0.46766079234397945
random,7,36,0.3116825290810931,0.46766079234397945
random,7,37,0.3116825290810931,0.46766079234397945
random,7,38,0.3116825290810931,0.46910778374306883
random,7,39,0.3591703782490195,0.4757001395889865
random,7,40,0.3591703782490195,0.4780420302827877
random,7,41,0.3591703782490195,0.49402418121596336
random,7,42,0.3591703782490195,0.49402418121596336
random,7,43,0.3591703782490195,0.49428600546212503
random,7,44,0.3591703782490195,0.49428600546212503
random,7,45,0.3591703782490195,0.49428600546212503
random,7,46,0.3591703782490195,0.49428600546212503
random,7,47,0.3591703782490195,0.49498796371312015
random,7,48,0.3591703782490195,0.49498796371312015
random,7,49,0.3591703782490195,0.49498796371312015
random,7,50,0.3591703782490195,0.4972239605640159
random,7,51,0.3591703782490195,0.4982869211328211
random,7,52,0.3591703782490195,0.4982869211328211
random,7,53,0.3591703782490195,0.4982869211328211
random,7,54,0.3591703782490195,0.4999501065833941
random,7,55,0.3591703782490195,0.5194939701234271
random,7,56,0.3591703782490195,0.5194939701234271
random,7,57,0.3591703782490195,0.5200020578987232
random,8,32,0.3116825290810931,0.4618851158947737
random,8,33,0.3116825290810931,0.4618851158947737
random,8,34,0.3116825290810931,0.4618851158947737
random,8,35,0.3116825290810931,0.4637826781925865
random,8,36,0.3116825290810931,0.4661245688863877
random,8,37,0.3116825290810931,0.4661245688863877
random,8,38,0.3116825290810931,0.5085936079262697
random,8,39,0.3116825290810931,0.5100134169964196
random,8,40,0.3116825290810931,0.5100134169964196
random,8,41,0.3116825290810931,0.5100134169964196
random,8,42,0.3116825290810931,0.5105215047717157
random,8,43,0.3591703782490195,0.5169068185432784
random,8,44,0.3591703782490195,0.5169068185432784
random,8,45,0.3591703782490195,0.5171864618249001
random,8,46,0.3591703782490195,0.5171864618249001
random,8,47,0.3591703782490195,0.5171864618249001
random,8,48,0.3591703782490195,0.5171864618249001
random,8,49,0.3591703782490195,0.5171864618249001
random,8,50,0.3591703782490195,0.517420951298177
random,8,51,0.3591703782490195,0.517420951298177
random,8,52,0.3591703782490195,0.517420951298177
random,8,53,0.3591703782490195,0.5193000996477282
random,8,54,0.3591703782490195,0.5193000996477282
random,8,55,0.3591703782490195,0.5193000996477282
random,8,56,0.3591703782490195,0.5193000996477282
random,8,57,0.3591703782490195,0.5200020578987232
random,9,32,0.3116825290810931,0.4618851158947737
random,9,33,0.3116825290810931,0.4641211127456694
random,9,34,0.3116825290810931,0.4641211127456694
random,9,35,0.3116825290810931,0.4641211127456694
random,9,36,0.3116825290810931,0.4641211127456694
random,9,37,0.3116825290810931,0.4649725855699812
random,9,38,0.3116825290810931,0.46716496169046584
random,9,39,0.3116825290810931,0.46716496169046584
random,9,40,0.3116825290810931,0.46716496169046584
random,9,41,0.3116825290810931,0.4714083859057729
random,9,42,0.3116825290810931,0.4714083859057729
random,9,43,0.3116825290810931,0.4724713464745781
random,9,44,0.3116825290810931,0.4724713464745781
random,9,45,0.3116825290810931,0.4724713464745781
random,9,46,0.3530094910095711,0.47813502229693844
random,9,47,0.3591703782490195,0.47932552656665744
random,9,48,0.3591703782490195,0.4823047701996455
random,9,49,0.3591703782490195,0.4823047701996455
random,9,50,0.3591703782490195,0.48315966173523706
random,9,51,0.3591703782490195,0.48315966173523706
random,9,52,0.3591703782490195,0.4844760434255147
random,9,53,0.3591703782490195,0.4844760434255147
random,9,54,0.3591703782490195,0.4844760434255147
random,9,55,0.3591703782490195,0.4844760434255147
random,9,56,0.3591703782490195,0.5004581943586903
random,9,57,0.3591703782490195,0.5200020578987232
random,10,32,0.3116825290810931,0.4618851158947737
random,10,33,0.3591703782490195,0.4684774717406913
random,10,34,0.3591703782490195,0.47016799196414927
random,10,35,0.3591703782490195,0.4898573212693732
random,10,36,0.3591703782490195,0.49192581934653057
random,10,37,0.3591703782490195,0.4919265348759353
random,10,38,0.3591703782490195,0.4919265348759353
random,10,39,0.3591703782490195,0.4942677100403319
random,10,40,0.3591703782490195,0.4942677100403319
random,10,41,0.3591703782490195,0.4942677100403319
random,10,42,0.3591703782490195,0.49496966829132694
random,10,43,0.3591703782490195,0.49496966829132694
random,10,44,0.3591703782490195,0.49496966829132694
random,10,45,0.3591703782490195,0.49496966829132694
random,10,46,0.3591703782490195,0.49638947736147676
random,10,47,0.3591703782490195,0.49638947736147676
random,10,48,0.3591703782490195,0.49638947736147676
random,10,49,0.3591703782490195,0.5171006890189773
random,10,50,0.3591703782490195,0.5171006890189773
random,10,51,0.3591703782490195,0.5173351784922542
random,10,52,0.3591703782490195,0.5173351784922542
random,10,53,0.3591703782490195,0.5173351784922542
random,10,54,0.3591703782490195,0.5192143268418054
random,10,55,0.3591703782490195,0.5197224146171014
random,10,56,0.3591703782490195,0.5197224146171014
random,10,57,0.3591703782490195,0.5200020578987232
random,11,32,0.3116825290810931,0.4618851158947737
random,11,33,0.3116825290810931,0.4618851158947737
random,11,34,0.3116825290810931,0.4618851158947737
random,11,35,0.3116825290810931,0.4618851158947737
random,11,36,0.3116825290810931,0.46274000743036525
random,11,37,0.3116825290810931,0.464159816500515
random,11,38,0.3116825290810931,0.464159816500515
random,11,39,0.3116825290810931,0.464159816500515
random,11,40,0.3116825290810931,0.464159816500515
random,11,41,0.3116825290810931,0.46993549294972076
random,11,42,0.3116825290810931,0.4859176438828964
random,11,43,0.3116825290810931,0.506628855540397
random,11,44,0.3116825290810931,0.5089707462341982
random,11,45,0.3116825290810931,0.5089707462341982
random,11,46,0.3116825290810931,0.5089707462341982
random,11,47,0.3116825290810931,0.5108498945837495
random,11,48,0.3116825290810931,0.5108498945837495
random,11,49,0.3530094910095711,0.5165135704061098
random,11,50,0.3530094910095711,0.5167932136877316
random,11,51,0.3530094910095711,0.5167932136877316
random,11,52,0.3530094910095711,0.5167932136877316
random,11,53,0.3591703782490195,0.5179837179574506
random,11,54,0.3591703782490195,0.5179837179574506
random,11,55,0.3591703782490195,0.5186856762084456
random,11,56,0.3591703782490195,0.5186856762084456
random,11,57,0.3591703782490195,0.5200020578987232
random,12,32,0.3116825290810931,0.4618851158947737
random,12,33,0.3116825290810931,0.4618851158947737
random,12,34,0.3116825290810931,0.4641211127456694
random,12,35,0.3116825290810931,0.4641211127456694
random,12,36,0.3591703782490195,0.470713468591587
random,12,37,0.3591703782490195,0.47097529283774875
random,12,38,0.3591703782490195,0.47097529283774875
random,12,39,0.3591703782490195,0.47097529283774875
random,12,40,0.3591703782490195,0.47097529283774875
random,12,41,0.3591703782490195,0.47097529283774875
random,12,42,0.3591703782490195,0.4709760083671534
random,12,43,0.3591703782490195,0.47331718353155
random,12,44,0.3591703782490195,0.515786222571432
random,12,45,0.3591703782490195,0.5160658658530538
random,12,46,0.3591703782490195,0.5167678241040489
random,12,47,0.3591703782490195,0.5167678241040489
random,12,48,0.3591703782490195,0.5167678241040489
random,12,49,0.3591703782490195,0.5167678241040489
random,12,50,0.3591703782490195,0.517830784672854
random,12,51,0.3591703782490195,0.5186856762084456
random,12,52,0.3591703782490195,0.5186856762084456
random,12,53,0.3591703782490195,0.5200020578987232
random,12,54,0.3591703782490195,0.5200020578987232
random,12,55,0.3591703782490195,0.5200020578987232
random,12,56,0.3591703782490195,0.5200020578987232
random,12,57,0.3591703782490195,0.5200020578987232
random,13,32,0.3116825290810931,0.4618851158947737
random,13,33,0.3116825290810931,0.4633049249649235
random,13,34,0.3116825290810931,0.4633056404943281
random,13,35,0.3530094910095711,0.4689693163166884
random,13,36,0.3530094910095711,0.5114383553565706
random,13,37,0.3530094910095711,0.5117179986381923
random,13,38,0.3530094910095711,0.5117179986381923
random,13,39,0.3530094910095711,0.5127730729457448
random,13,40,0.3530094910095711,0.5127730729457448
random,13,41,0.3530094910095711,0.5146522212952959
random,13,42,0.3530094910095711,0.5146522212952959
random,13,43,0.3530094910095711,0.5146522212952959
random,13,44,0.3530094910095711,0.5155071128308875
random,13,45,0.3530094910095711,0.5155071128308875
random,13,46,0.3530094910095711,0.5155071128308875
random,13,47,0.3530094910095711,0.5155071128308875
random,13,48,0.3530094910095711,0.5155071128308875
random,13,49,0.3530094910095711,0.5167932136877316
random,13,50,0.3530094910095711,0.5167932136877316
random,13,51,0.3530094910095711,0.5167932136877316
random,13,52,0.3530094910095711,0.5181095953780092
random,13,53,0.3530094910095711,0.5188115536290042
random,13,54,0.3591703782490195,0.5200020578987232
random,13,55,0.3591703782490195,0.5200020578987232
random,13,56,0.3591703782490195,0.5200020578987232
random,13,57,0.3591703782490195,0.5200020578987232
random,14,32,0.3116825290810931,0.4618851158947737
random,14,33,0.3116825290810931,0.4618851158947737
random,14,34,0.3116825290810931,0.4618851158947737
random,14,35,0.3530094910095711,0.46754879171713404
random,14,36,0.3530094910095711,0.4733244681663398
random,14,37,0.3591703782490195,0.4745149724360588
random,14,38,0.3591703782490195,0.47685686312986003
random,14,39,0.3591703782490195,0.47852004858043307
random,14,40,0.3591703782490195,0.47852004858043307
random,14,41,0.3591703782490195,0.47852004858043307
random,14,42,0.3591703782490195,0.47852004858043307
random,14,43,0.3591703782490195,0.47852004858043307
random,14,44,0.3591703782490195,0.4807560454313288
random,14,45,0.3591703782490195,0.4807560454313288
random,14,46,0.3591703782490195,0.4807560454313288
random,14,47,0.3591703782490195,0.4807560454313288
random,14,48,0.3591703782490195,0.4807560454313288
random,14,49,0.3591703782490195,0.517449408022005
random,14,50,0.3591703782490195,0.517449408022005
random,14,51,0.3591703782490195,0.517449408022005
random,14,52,0.3591703782490195,0.5177290513036268
random,14,53,0.3591703782490195,0.5187920118724321
random,14,54,0.3591703782490195,0.5187920118724321
random,14,55,0.3591703782490195,0.5187920118724321
random,14,56,0.3591703782490195,0.5194939701234271
random,14,57,0.3591703782490195,0.5200020578987232
random,15,32,0.3116825290810931,0.4618851158947737
random,15,33,0.3116825290810931,0.4618851158947737
random,15,34,0.3591703782490195,0.4684774717406913
random,15,35,0.3591703782490195,0.4684774717406913
random,15,36,0.3591703782490195,0.4684774717406913
random,15,37,0.3591703782490195,0.4684774717406913
random,15,38,0.3591703782490195,0.46873929598685304
random,15,39,0.3591703782490195,0.47097529283774875
random,15,40,0.3591703782490195,0.47097529283774875
random,15,41,0.3591703782490195,0.49066462214297274
random,15,42,0.3591703782490195,0.493006512836774
random,15,43,0.3591703782490195,0.493006512836774
random,15,44,0.3591703782490195,0.493006512836774
random,15,45,0.3591703782490195,0.49386140437236553
random,15,46,0.3591703782490195,0.49386140437236553
random,15,47,0.3591703782490195,0.49386140437236553
random,15,48,0.3591703782490195,0.4951777860626432
random,15,49,0.3591703782490195,0.4951777860626432
random,15,50,0.3591703782490195,0.4972462841398006
random,15,51,0.3591703782490195,0.5179574957973012
random,15,52,0.3591703782490195,0.518237139078923
random,15,53,0.3591703782490195,0.518939097329918
random,15,54,0.3591703782490195,0.518939097329918
random,15,55,0.3591703782490195,0.518939097329918
random,15,56,0.3591703782490195,0.5200020578987232
random,15,57,0.3591703782490195,0.5200020578987232
random,16,32,0.3116825290810931,0.4618851158947737
random,16,33,0.3116825290810931,0.4618851158947737
random,16,34,0.3116825290810931,0.4618851158947737
random,16,35,0.3116825290810931,0.46294090573173086
random,16,36,0.3116825290810931,0.46294090573173086
random,16,37,0.3591703782490195,0.4695332615776485
random,16,38,0.3591703782490195,0.4695332615776485
random,16,39,0.3591703782490195,0.5120023006175305
random,16,40,0.3591703782490195,0.5120023006175305
random,16,41,0.3591703782490195,0.5120023006175305
random,16,42,0.3591703782490195,0.5120023006175305
random,16,43,0.3591703782490195,0.5120023006175305
random,16,44,0.3591703782490195,0.5120023006175305
random,16,45,0.3591703782490195,0.5134221096876803
random,16,46,0.3591703782490195,0.5151126299111382
random,16,47,0.3591703782490195,0.5158348613246169
random,16,48,0.3591703782490195,0.5158348613246169
random,16,49,0.3591703782490195,0.517714009674168
random,16,50,0.3591703782490195,0.517714009674168
random,16,51,0.3591703782490195,0.5189798373685285
random,16,52,0.3591703782490195,0.5192143268418054
random,16,53,0.3591703782490195,0.5192143268418054
random,16,54,0.3591703782490195,0.5197224146171014
random,16,55,0.3591703782490195,0.5200020578987232
random,16,56,0.3591703782490195,0.5200020578987232
random,16,57,0.3591703782490195,0.5200020578987232
random,17,32,0.3116825290810931,0.4618851158947737
random,17,33,0.3116825290810931,0.48157444519999765
random,17,34,0.3116825290810931,0.48157444519999765
random,17,35,0.3116825290810931,0.4839163358937989
random,17,36,0.3116825290810931,0.4839163358937989
random,17,37,0.3530094910095711,0.4895800117161592
random,17,38,0.3530094910095711,0.49124319716673226
random,17,39,0.3530094910095711,0.49124319716673226
random,17,40,0.3530094910095711,0.4919451554177274
random,17,41,0.3530094910095711,0.49418115226862314
random,17,42,0.3530094910095711,0.49418115226862314
random,17,43,0.3530094910095711,0.4952441128374283
random,17,44,0.3530094910095711,0.4952441128374283
random,17,45,0.3530094910095711,0.49575220061272446
random,17,46,0.3591703782490195,0.49694270488244346
random,17,47,0.3591703782490195,0.4993912094296667
random,17,48,0.3591703782490195,0.5004581943586903
random,17,49,0.3591703782490195,0.5004581943586903
random,17,50,0.3591703782490195,0.5004581943586903
random,17,51,0.3591703782490195,0.5004581943586903
random,17,52,0.3591703782490195,0.5004581943586903
random,17,53,0.3591703782490195,0.5004581943586903
random,17,54,0.3591703782490195,0.5200020578987232
random,17,55,0.3591703782490195,0.5200020578987232
random,17,56,0.3591703782490195,0.5200020578987232
random,17,57,0.3591703782490195,0.5200020578987232
random,18,32,0.3116825290810931,0.4618851158947737
random,18,33,0.3116825290810931,0.4618851158947737
random,18,34,0.3116825290810931,0.46294090573173086
random,18,35,0.3116825290810931,0.46718432994703796
random,18,36,0.3116825290810931,0.48507873958417796
random,18,37,0.3116825290810931,0.5056895880532347
random,18,38,0.3116825290810931,0.5069756889100787
random,18,39,0.3116825290810931,0.5076776471610739
random,18,40,0.3116825290810931,0.5076776471610739
random,18,41,0.3116825290810931,0.5076776471610739
random,18,42,0.3116825290810931,0.5085325386966654
random,18,43,0.3116825290810931,0.5107685355475612
random,18,44,0.3116825290810931,0.5107685355475612
random,18,45,0.3116825290810931,0.5118314961163664
random,18,46,0.3591703782490195,0.5184238519622839
random,18,47,0.3591703782490195,0.5184238519622839
random,18,48,0.3591703782490195,0.5184238519622839
random,18,49,0.3591703782490195,0.5184238519622839
random,18,50,0.3591703782490195,0.5184238519622839
random,18,51,0.3591703782490195,0.5197675684254465
random,18,52,0.3591703782490195,0.5197675684254465
random,18,53,0.3591703782490195,0.5197675684254465
random,18,54,0.3591703782490195,0.5197675684254465
random,18,55,0.3591703782490195,0.5197675684254465
random,18,56,0.3591703782490195,0.5200020578987232
random,18,57,0.3591703782490195,0.5200020578987232
random,19,32,0.3116825290810931,0.4618851158947737
random,19,33,0.3116825290810931,0.4637826781925865
random,19,34,0.3116825290810931,0.4637826781925865
random,19,35,0.3116825290810931,0.46429076596788266
random,19,36,0.3530094910095711,0.4697200649430032
random,19,37,0.3530094910095711,0.4697207804724079
random,19,38,0.3530094910095711,0.4720619556368044
random,19,39,0.3591703782490195,0.4732524599065234
random,19,40,0.3591703782490195,0.4732524599065234
random,19,41,0.3591703782490195,0.4732524599065234
random,19,42,0.3591703782490195,0.4774958841218305
random,19,43,0.3591703782490195,0.4797318809727263
random,19,44,0.3591703782490195,0.4797318809727263
random,19,45,0.3591703782490195,0.4797318809727263
random,19,46,0.3591703782490195,0.4797318809727263
random,19,47,0.3591703782490195,0.4797318809727263
random,19,48,0.3591703782490195,0.4797318809727263
random,19,49,0.3591703782490195,0.4797318809727263
random,19,50,0.3591703782490195,0.518237139078923
random,19,51,0.3591703782490195,0.518237139078923
random,19,52,0.3591703782490195,0.518939097329918
random,19,53,0.3591703782490195,0.5200020578987232
random,19,54,0.3591703782490195,0.5200020578987232
random,19,55,0.3591703782490195,0.5200020578987232
random,19,56,0.3591703782490195,0.5200020578987232
random,19,57,0.3591703782490195,0.5200020578987232
random,20,32,0.3116825290810931,0.4618851158947737
random,20,33,0.3116825290810931,0.46274000743036525
random,20,34,0.3116825290810931,0.464159816500515
random,20,35,0.3116825290810931,0.506628855540397
random,20,36,0.3591703782490195,0.5132212113863147
random,20,37,0.3591703782490195,0.5151003597358659
random,20,38,0.3591703782490195,0.5151003597358659
random,20,39,0.3591703782490195,0.5151003597358659
random,20,40,0.3591703782490195,0.5174422504296671
random,20,41,0.3591703782490195,0.5174422504296671
random,20,42,0.3591703782490195,0.5174422504296671
random,20,43,0.3591703782490195,0.5174422504296671
random,20,44,0.3591703782490195,0.5174422504296671
random,20,45,0.3591703782490195,0.5174422504296671
random,20,46,0.3591703782490195,0.5174422504296671
random,20,47,0.3591703782490195,0.5174422504296671
random,20,48,0.3591703782490195,0.5174422504296671
random,20,49,0.3591703782490195,0.5177040746758288
random,20,50,0.3591703782490195,0.5177040746758288
random,20,51,0.3591703782490195,0.5177040746758288
random,20,52,0.3591703782490195,0.5179837179574506
random,20,53,0.3591703782490195,0.5193000996477282
random,20,54,0.3591703782490195,0.5193000996477282
random,20,55,0.3591703782490195,0.5193000996477282
random,20,56,0.3591703782490195,0.5200020578987232
random,20,57,0.3591703782490195,0.5200020578987232
random,21,32,0.3116825290810931,0.4618851158947737
random,21,33,0.3116825290810931,0.4618851158947737
random,21,34,0.3116825290810931,0.46612854011008076
random,21,35,0.3116825290810931,0.46802610240789355
random,21,36,0.3116825290810931,0.46802610240789355
random,21,37,0.3116825290810931,0.46802610240789355
random,21,38,0.3116825290810931,0.46802610240789355
random,21,39,0.3591703782490195,0.47441141617945626
random,21,40,0.3591703782490195,0.4758312252496061
random,21,41,0.3591703782490195,0.4781731159434073
random,21,42,0.3591703782490195,0.4781731159434073
random,21,43,0.3591703782490195,0.4781731159434073
random,21,44,0.3591703782490195,0.4781731159434073
random,21,45,0.3591703782490195,0.4781731159434073
random,21,46,0.3591703782490195,0.4781731159434073
random,21,47,0.3591703782490195,0.4786812037187035
random,21,48,0.3591703782490195,0.47938316196969855
random,21,49,0.3591703782490195,0.5178884200758953
random,21,50,0.3591703782490195,0.5197675684254465
random,21,51,0.3591703782490195,0.5197675684254465
random,21,52,0.3591703782490195,0.5200020578987232
random,21,53,0.3591703782490195,0.5200020578987232
random,21,54,0.3591703782490195,0.5200020578987232
random,21,55,0.3591703782490195,0.5200020578987232
random,21,56,0.3591703782490195,0.5200020578987232
random,21,57,0.3591703782490195,0.5200020578987232
random,22,32,0.3116825290810931,0.4618851158947737
random,22,33,0.3530094910095711,0.46754879171713404
random,22,34,0.3530094910095711,0.46754879171713404
random,22,35,0.3591703782490195,0.46873929598685304
random,22,36,0.3591703782490195,0.46873929598685304
random,22,37,0.3591703782490195,0.46873929598685304
random,22,38,0.3591703782490195,0.4695907688111648
random,22,39,0.3591703782490195,0.5120598078510469
random,22,40,0.3591703782490195,0.5120598078510469
random,22,41,0.3591703782490195,0.5129863562771709
random,22,42,0.3591703782490195,0.5129863562771709
random,22,43,0.3591703782490195,0.5129863562771709
random,22,44,0.3591703782490195,0.5129863562771709
random,22,45,0.3591703782490195,0.5129863562771709
random,22,46,0.3591703782490195,0.5132659995587927
random,22,47,0.3591703782490195,0.5132659995587927
random,22,48,0.3591703782490195,0.5146858086289424
random,22,49,0.3591703782490195,0.5146858086289424
random,22,50,0.3591703782490195,0.5146858086289424
random,22,51,0.3591703782490195,0.5159516363233029
random,22,52,0.3591703782490195,0.5159516363233029
random,22,53,0.3591703782490195,0.5168065278588945
random,22,54,0.3591703782490195,0.5168065278588945
random,22,55,0.3591703782490195,0.5186856762084456
random,22,56,0.3591703782490195,0.5186856762084456
random,22,57,0.3591703782490195,0.5200020578987232
random,23,32,0.3116825290810931,0.4618851158947737
random,23,33,0.3591703782490195,0.4684774717406913
random,23,34,0.3591703782490195,0.4684774717406913
random,23,35,0.3591703782490195,0.48816680104591526
random,23,36,0.3591703782490195,0.4906153055931385
random,23,37,0.3591703782490195,0.4906153055931385
random,23,38,0.3591703782490195,0.4906153055931385
random,23,39,0.3591703782490195,0.4906153055931385
random,23,40,0.3591703782490195,0.4923058258165963
random,23,41,0.3591703782490195,0.4928139135918925
random,23,42,0.3591703782490195,0.5134247620609492
random,23,43,0.3591703782490195,0.514276234885261
random,23,44,0.3591703782490195,0.514276234885261
random,23,45,0.3591703782490195,0.5165122317361567
random,23,46,0.3591703782490195,0.5165122317361567
random,23,47,0.3591703782490195,0.517575192304962
random,23,48,0.3591703782490195,0.517575192304962
random,23,49,0.3591703782490195,0.517575192304962
random,23,50,0.3591703782490195,0.5197675684254465
random,23,51,0.3591703782490195,0.5197675684254465
random,23,52,0.3591703782490195,0.5197675684254465
random,23,53,0.3591703782490195,0.5197675684254465
random,23,54,0.3591703782490195,0.5197675684254465
random,23,55,0.3591703782490195,0.5197675684254465
random,23,56,0.3591703782490195,0.5200020578987232
random,23,57,0.3591703782490195,0.5200020578987232
random,24,32,0.3116825290810931,0.4618851158947737
random,24,33,0.3116825290810931,0.46273658871908546
random,24,34,0.3116825290810931,0.463591480254677
random,24,35,0.3116825290810931,0.4651422387921944
random,24,36,0.3116825290810931,0.4693856630075015
random,24,37,0.3116825290810931,0.4693856630075015
random,24,38,0.3116825290810931,0.4703122114336256
random,24,39,0.3116825290810931,0.4703122114336256
random,24,40,0.3116825290810931,0.4725482082845214
random,24,41,0.3116825290810931,0.4725482082845214
random,24,42,0.3116825290810931,0.4725482082845214
random,24,43,0.3530094910095711,0.47797750725964194
random,24,44,0.3530094910095711,0.495871916896782
random,24,45,0.3530094910095711,0.49693890182580563
random,24,46,0.3530094910095711,0.49693890182580563
random,24,47,0.3530094910095711,0.49693890182580563
random,24,48,0.3530094910095711,0.4982047295201661
random,24,49,0.3530094910095711,0.49926769008897126
random,24,50,0.3530094910095711,0.49926769008897126
random,24,51,0.3530094910095711,0.49926769008897126
random,24,52,0.3530094910095711,0.49926769008897126
random,24,53,0.3530094910095711,0.49926769008897126
random,24,54,0.3530094910095711,0.49926769008897126
random,24,55,0.3530094910095711,0.49926769008897126
random,24,56,0.3530094910095711,0.5188115536290042
random,24,57,0.3591703782490195,0.5200020578987232
random,25,32,0.3116825290810931,0.4618851158947737
random,25,33,0.3530094910095711,0.46754879171713404
random,25,34,0.3591703782490195,0.46873929598685304
random,25,35,0.3591703782490195,0.47097529283774875
random,25,36,0.3591703782490195,0.47097529283774875
random,25,37,0.3591703782490195,0.4709760083671534
random,25,38,0.3591703782490195,0.4709760083671534
random,25,39,0.3591703782490195,0.47331718353155
random,25,40,0.3591703782490195,0.47331718353155
random,25,41,0.3591703782490195,0.47498036898212304
random,25,42,0.3591703782490195,0.47498036898212304
random,25,43,0.3591703782490195,0.4754884567574192
random,25,44,0.3591703782490195,0.5179574957973012
random,25,45,0.3591703782490195,0.518237139078923
random,25,46,0.3591703782490195,0.518237139078923
random,25,47,0.3591703782490195,0.518237139078923
random,25,48,0.3591703782490195,0.518237139078923
random,25,49,0.3591703782490195,0.518237139078923
random,25,50,0.3591703782490195,0.518237139078923
random,25,51,0.3591703782490195,0.518237139078923
random,25,52,0.3591703782490195,0.5193000996477282
random,25,53,0.3591703782490195,0.5193000996477282
random,25,54,0.3591703782490195,0.5193000996477282
random,25,55,0.3591703782490195,0.5193000996477282
random,25,56,0.3591703782490195,0.5193000996477282
random,25,57,0.3591703782490195,0.5200020578987232
random,26,32,0.3116825290810931,0.4618851158947737
random,26,33,0.3116825290810931,0.4618851158947737
random,26,34,0.3116825290810931,0.4618851158947737
random,26,35,0.3116825290810931,0.46273658871908546
random,26,36,0.3116825290810931,0.4649725855699812
random,26,37,0.3116825290810931,0.5074416246098633
random,26,38,0.3116825290810931,0.5074416246098633
random,26,39,0.3116825290810931,0.5082965161454548
random,26,40,0.3591703782490195,0.5148888719913725
random,26,41,0.3591703782490195,0.5148888719913725
random,26,42,0.3591703782490195,0.5148888719913725
random,26,43,0.3591703782490195,0.5148888719913725
random,26,44,0.3591703782490195,0.5158154204174965
random,26,45,0.3591703782490195,0.5158154204174965
random,26,46,0.3591703782490195,0.5168783809863017
random,26,47,0.3591703782490195,0.5168783809863017
random,26,48,0.3591703782490195,0.5171580242679235
random,26,49,0.3591703782490195,0.5171580242679235
random,26,50,0.3591703782490195,0.518501740731086
random,26,51,0.3591703782490195,0.518501740731086
random,26,52,0.3591703782490195,0.518501740731086
random,26,53,0.3591703782490195,0.518501740731086
random,26,54,0.3591703782490195,0.5197675684254465
random,26,55,0.3591703782490195,0.5200020578987232
random,26,56,0.3591703782490195,0.5200020578987232
random,26,57,0.3591703782490195,0.5200020578987232
random,27,32,0.3116825290810931,0.4618851158947737
random,27,33,0.3116825290810931,0.4618851158947737
random,27,34,0.3116825290810931,0.46612854011008076
random,27,35,0.3116825290810931,0.46612854011008076
random,27,36,0.3116825290810931,0.46612854011008076
random,27,37,0.3530094910095711,0.4717922159324411
random,27,38,0.3530094910095711,0.48968662556958115
random,27,39,0.3530094910095711,0.48968662556958115
random,27,40,0.3591703782490195,0.49087712983930015
random,27,41,0.3591703782490195,0.4922969389094499
random,27,42,0.3591703782490195,0.4922969389094499
random,27,43,0.3591703782490195,0.4922969389094499
random,27,44,0.3591703782490195,0.4922969389094499
random,27,45,0.3591703782490195,0.49417608725900114
random,27,46,0.3591703782490195,0.4950275600833129
random,27,47,0.3591703782490195,0.4950275600833129
random,27,48,0.3591703782490195,0.49609454501233646
random,27,49,0.3591703782490195,0.49609454501233646
random,27,50,0.3591703782490195,0.49609454501233646
random,27,51,0.3591703782490195,0.4970210934384606
random,27,52,0.3591703782490195,0.4970210934384606
random,27,53,0.3591703782490195,0.49868427888903366
random,27,54,0.3591703782490195,0.4999501065833941
random,27,55,0.3591703782490195,0.5004581943586903
random,27,56,0.3591703782490195,0.5200020578987232
random,27,57,0.3591703782490195,0.5200020578987232
random,28,32,0.3116825290810931,0.4618851158947737
random,28,33,0.3116825290810931,0.4637826781925865
random,28,34,0.3116825290810931,0.4637826781925865
random,28,35,0.3116825290810931,0.4661245688863877
random,28,36,0.3116825290810931,0.4661245688863877
random,28,37,0.3116825290810931,0.4703679931016948
random,28,38,0.3116825290810931,0.4703679931016948
random,28,39,0.3116825290810931,0.4703679931016948
random,28,40,0.3530094910095711,0.47579729207681537
random,28,41,0.3530094910095711,0.47579729207681537
random,28,42,0.3530094910095711,0.47579729207681537
random,28,43,0.3530094910095711,0.47579729207681537
random,28,44,0.3530094910095711,0.47579729207681537
random,28,45,0.3530094910095711,0.47579729207681537
random,28,46,0.3530094910095711,0.47877653570980344
random,28,47,0.3530094910095711,0.47877653570980344
random,28,48,0.3530094910095711,0.47877653570980344
random,28,49,0.3530094910095711,0.4801963447799532
random,28,50,0.3530094910095711,0.4820754931295044
random,28,51,0.3530094910095711,0.4825835809048005
random,28,52,0.3530094910095711,0.4825835809048005
random,28,53,0.3530094910095711,0.5181095953780092
random,28,54,0.3591703782490195,0.5193000996477282
random,28,55,0.3591703782490195,0.5193000996477282
random,28,56,0.3591703782490195,0.5200020578987232
random,28,57,0.3591703782490195,0.5200020578987232
random,29,32,0.3116825290810931,0.4618851158947737
random,29,33,0.3116825290810931,0.4618851158947737
random,29,34,0.3116825290810931,0.4618851158947737
random,29,35,0.3116825290810931,0.4618851158947737
random,29,36,0.3116825290810931,0.4618851158947737
random,29,37,0.3591703782490195,0.4684774717406913
random,29,38,0.3591703782490195,0.4684774717406913
random,29,39,0.3591703782490195,0.4684774717406913
random,29,40,0.3591703782490195,0.5109465107805734
random,29,41,0.3591703782490195,0.5109465107805734
random,29,42,0.3591703782490195,0.5109465107805734
random,29,43,0.3591703782490195,0.510947226309978
random,29,44,0.3591703782490195,0.510947226309978
random,29,45,0.3591703782490195,0.5117979836048852
random,29,46,0.3591703782490195,0.5140339804557809
random,29,47,0.3591703782490195,0.5140339804557809
random,29,48,0.3591703782490195,0.5140339804557809
random,29,49,0.3591703782490195,0.5142958047019426
random,29,50,0.3591703782490195,0.5164881808224271
random,29,51,0.3591703782490195,0.5181513662730002
random,29,52,0.3591703782490195,0.518431009554622
random,29,53,0.3591703782490195,0.518431009554622
random,29,54,0.3591703782490195,0.518431009554622
random,29,55,0.3591703782490195,0.5194939701234271
random,29,56,0.3591703782490195,0.5200020578987232
random,29,57,0.3591703782490195,0.5200020578987232
random,30,32,0.3116825290810931,0.4618851158947737
random,30,33,0.3116825290810931,0.4618851158947737
random,30,34,0.3116825290810931,0.4641211127456694
random,30,35,0.3116825290810931,0.4649725855699812
random,30,36,0.3116825290810931,0.4649725855699812
random,30,37,0.3116825290810931,0.4649725855699812
random,30,38,0.3116825290810931,0.4649725855699812
random,30,39,0.3116825290810931,0.46716496169046584
random,30,40,0.3116825290810931,0.46716496169046584
random,30,41,0.3116825290810931,0.46716496169046584
random,30,42,0.3116825290810931,0.46716496169046584
random,30,43,0.3116825290810931,0.4680198532260574
random,30,44,0.3116825290810931,0.4680198532260574
random,30,45,0.3116825290810931,0.5104888922659394
random,30,46,0.3116825290810931,0.5104888922659394
random,30,47,0.3116825290810931,0.5104888922659394
random,30,48,0.3530094910095711,0.5161525680882997
random,30,49,0.3530094910095711,0.5161525680882997
random,30,50,0.3530094910095711,0.5161525680882997
random,30,51,0.3530094910095711,0.5172155286571049
random,30,52,0.3530094910095711,0.5172155286571049
random,30,53,0.3530094910095711,0.5185319103473824
random,30,54,0.3530094910095711,0.5185319103473824
random,30,55,0.3530094910095711,0.5185319103473824
random,30,56,0.3530094910095711,0.5188115536290042
random,30,57,0.3591703782490195,0.5200020578987232
random,31,32,0.3116825290810931,0.4618851158947737
random,31,33,0.3116825290810931,0.46273658871908546
random,31,34,0.3116825290810931,0.463591480254677
random,31,35,0.3116825290810931,0.463591480254677
random,31,36,0.3116825290810931,0.463591480254677
random,31,37,0.3116825290810931,0.46451802868080116
random,31,38,0.3116825290810931,0.46451802868080116
random,31,39,0.3116825290810931,0.4657838563751616
random,31,40,0.3116825290810931,0.4657838563751616
random,31,41,0.3116825290810931,0.47002728059046867
random,31,42,0.3116825290810931,0.47002728059046867
random,31,43,0.3116825290810931,0.47002728059046867
random,31,44,0.3116825290810931,0.47300652422345674
random,31,45,0.3116825290810931,0.47300652422345674
random,31,46,0.3116825290810931,0.47300652422345674
random,31,47,0.3116825290810931,0.47300652422345674
random,31,48,0.3116825290810931,0.47300652422345674
random,31,49,0.3116825290810931,0.47300652422345674
random,31,50,0.3591703782490195,0.47959888006937434
random,31,51,0.3591703782490195,0.49558103100255
random,31,52,0.3591703782490195,0.4958428552487117
random,31,53,0.3591703782490195,0.49726266431886146
random,31,54,0.3591703782490195,0.4985790460091391
random,31,55,0.3591703782490195,0.4985790460091391
random,31,56,0.3591703782490195,0.5181229095491721
random,31,57,0.3591703782490195,0.5200020578987232
random,32,32,0.3116825290810931,0.4618851158947737
random,32,33,0.3116825290810931,0.46274000743036525
random,32,34,0.3591703782490195,0.4693323632762829
random,32,35,0.3591703782490195,0.47075217234643263
random,32,36,0.3591703782490195,0.4726313206959838
random,32,37,0.3591703782490195,0.4726313206959838
random,32,38,0.3591703782490195,0.474973211389785
random,32,39,0.3591703782490195,0.474973211389785
random,32,40,0.3591703782490195,0.4792166356050921
random,32,41,0.3591703782490195,0.5177218937112888
random,32,42,0.3591703782490195,0.5177218937112888
random,32,43,0.3591703782490195,0.5177218937112888
random,32,44,0.3591703782490195,0.5177218937112888
random,32,45,0.3591703782490195,0.5177218937112888
random,32,46,0.3591703782490195,0.5177218937112888
random,32,47,0.3591703782490195,0.5184238519622839
random,32,48,0.3591703782490195,0.5197675684254465
random,32,49,0.3591703782490195,0.5197675684254465
random,32,50,0.3591703782490195,0.5197675684254465
random,32,51,0.3591703782490195,0.5197675684254465
random,32,52,0.3591703782490195,0.5197675684254465
random,32,53,0.3591703782490195,0.5197675684254465
random,32,54,0.3591703782490195,0.5200020578987232
random,32,55,0.3591703782490195,0.5200020578987232
random,32,56,0.3591703782490195,0.5200020578987232
random,32,57,0.3591703782490195,0.5200020578987232
random,33,32,0.3116825290810931,0.4618851158947737
random,33,33,0.3116825290810931,0.46612854011008076
random,33,34,0.3116825290810931,0.4675483491802305
random,33,35,0.3116825290810931,0.4705275928132186
random,33,36,0.3116825290810931,0.4705275928132186
random,33,37,0.3116825290810931,0.4705275928132186
random,33,38,0.3530094910095711,0.4761912686355789
random,33,39,0.3530094910095711,0.4761912686355789
random,33,40,0.3530094910095711,0.4761912686355789
random,33,41,0.3530094910095711,0.49217341956875454
random,33,42,0.3530094910095711,0.4945153102625558
random,33,43,0.3530094910095711,0.4945153102625558
random,33,44,0.3530094910095711,0.4945153102625558
random,33,45,0.3530094910095711,0.4945153102625558
random,33,46,0.3530094910095711,0.4945153102625558
random,33,47,0.3530094910095711,0.49617849571312883
random,33,48,0.3530094910095711,0.496686583488425
random,33,49,0.3530094910095711,0.496686583488425
random,33,50,0.3530094910095711,0.496686583488425
random,33,51,0.3530094910095711,0.496686583488425
random,33,52,0.3530094910095711,0.4973885417394201
random,33,53,0.3530094910095711,0.49926769008897126
random,33,54,0.3530094910095711,0.5188115536290042
random,33,55,0.3591703782490195,0.5200020578987232
random,33,56,0.3591703782490195,0.5200020578987232
random,33,57,0.3591703782490195,0.5200020578987232
random,34,32,0.3116825290810931,0.4618851158947737
random,34,33,0.3116825290810931,0.4633049249649235
random,34,34,0.3116825290810931,0.5057739640048056
random,34,35,0.3116825290810931,0.5057739640048056
random,34,36,0.3116825290810931,0.5068297538417627
random,34,37,0.3116825290810931,0.5068297538417627
random,34,38,0.3116825290810931,0.5068297538417627
random,34,39,0.3116825290810931,0.5068297538417627
random,34,40,0.3116825290810931,0.5068297538417627
random,34,41,0.3116825290810931,0.5071093971233844
random,34,42,0.3591703782490195,0.5137017529693021
random,34,43,0.3591703782490195,0.5137017529693021
random,34,44,0.3591703782490195,0.5137017529693021
random,34,45,0.3591703782490195,0.5149878538261461
random,34,46,0.3591703782490195,0.5149878538261461
random,34,47,0.3591703782490195,0.5149878538261461
random,34,48,0.3591703782490195,0.5149878538261461
random,34,49,0.3591703782490195,0.5149878538261461
random,34,50,0.3591703782490195,0.5156898120771413
random,34,51,0.3591703782490195,0.5156898120771413
random,34,52,0.3591703782490195,0.5159516363233029
random,34,53,0.3591703782490195,0.5159516363233029
random,34,54,0.3591703782490195,0.517830784672854
random,34,55,0.3591703782490195,0.517830784672854
random,34,56,0.3591703782490195,0.5194939701234271
random,34,57,0.3591703782490195,0.5200020578987232
random,35,32,0.3116825290810931,0.4618851158947737
random,35,33,0.3116825290810931,0.4642270065885749
random,35,34,0.3116825290810931,0.4642270065885749
random,35,35,0.3591703782490195,0.4708193624344925
random,35,36,0.3591703782490195,0.4715213206854877
random,35,37,0.3591703782490195,0.4715213206854877
random,35,38,0.3591703782490195,0.4715213206854877
random,35,39,0.3591703782490195,0.4737573175363835
random,35,40,0.3591703782490195,0.4737573175363835
random,35,41,0.3591703782490195,0.5162263565762655
random,35,42,0.3591703782490195,0.5162263565762655
random,35,43,0.3591703782490195,0.5162263565762655
random,35,44,0.3591703782490195,0.5162263565762655
random,35,45,0.3591703782490195,0.5162263565762655
random,35,46,0.3591703782490195,0.5162263565762655
random,35,47,0.3591703782490195,0.5162263565762655
random,35,48,0.3591703782490195,0.5172893171450706
random,35,49,0.3591703782490195,0.5172893171450706
random,35,50,0.3591703782490195,0.5175689604266924
random,35,51,0.3591703782490195,0.517830784672854
random,35,52,0.3591703782490195,0.5186856762084456
random,35,53,0.3591703782490195,0.5186856762084456
random,35,54,0.3591703782490195,0.5186856762084456
random,35,55,0.3591703782490195,0.5186856762084456
random,35,56,0.3591703782490195,0.5186856762084456
random,35,57,0.3591703782490195,0.5200020578987232
random,36,32,0.3116825290810931,0.4618851158947737
random,36,33,0.3116825290810931,0.4618851158947737
random,36,34,0.3116825290810931,0.46273658871908546
random,36,35,0.3116825290810931,0.46273658871908546
random,36,36,0.3116825290810931,0.46273658871908546
random,36,37,0.3116825290810931,0.46273658871908546
random,36,38,0.3116825290810931,0.48242591802430945
random,36,39,0.3116825290810931,0.48242591802430945
random,36,40,0.3116825290810931,0.484618294144794
random,36,41,0.3591703782490195,0.4912106499907116
random,36,42,0.3591703782490195,0.4912106499907116
random,36,43,0.3591703782490195,0.4920655415263032
random,36,44,0.3591703782490195,0.5148452512609613
random,36,45,0.3591703782490195,0.5148452512609613
random,36,46,0.3591703782490195,0.5151070755071229
random,36,47,0.3591703782490195,0.5153867187887446
random,36,48,0.3591703782490195,0.5176227156396405
random,36,49,0.3591703782490195,0.5176227156396405
random,36,50,0.3591703782490195,0.5186856762084456
random,36,51,0.3591703782490195,0.5186856762084456
random,36,52,0.3591703782490195,0.5186856762084456
random,36,53,0.3591703782490195,0.5186856762084456
random,36,54,0.3591703782490195,0.5200020578987232
random,36,55,0.3591703782490195,0.5200020578987232
random,36,56,0.3591703782490195,0.5200020578987232
random,36,57,0.3591703782490195,0.5200020578987232
random,37,32,0.3116825290810931,0.4618851158947737
random,37,33,0.3116825290810931,0.4618851158947737
random,37,34,0.3530094910095711,0.46754879171713404
random,37,35,0.3530094910095711,0.5100178307570161
random,37,36,0.3530094910095711,0.5102974740386379
random,37,37,0.3591703782490195,0.5114879783083569
random,37,38,0.3591703782490195,0.5114879783083569
random,37,39,0.3591703782490195,0.5114879783083569
random,37,40,0.3591703782490195,0.512543768145314
random,37,41,0.3591703782490195,0.512543768145314
random,37,42,0.3591703782490195,0.512543768145314
random,37,43,0.3591703782490195,0.512543768145314
random,37,44,0.3591703782490195,0.512543768145314
random,37,45,0.3591703782490195,0.512543768145314
random,37,46,0.3591703782490195,0.5132659995587927
random,37,47,0.3591703782490195,0.5155019964096884
random,37,48,0.3591703782490195,0.5155019964096884
random,37,49,0.3591703782490195,0.5155019964096884
random,37,50,0.3591703782490195,0.5171651818602615
random,37,51,0.3591703782490195,0.5171651818602615
random,37,52,0.3591703782490195,0.5176732696355576
random,37,53,0.3591703782490195,0.5176732696355576
random,37,54,0.3591703782490195,0.518939097329918
random,37,55,0.3591703782490195,0.518939097329918
random,37,56,0.3591703782490195,0.518939097329918
random,37,57,0.3591703782490195,0.5200020578987232
random,38,32,0.3116825290810931,0.4618851158947737
random,38,33,0.3116825290810931,0.4618851158947737
random,38,34,0.3116825290810931,0.4618851158947737
random,38,35,0.3530094910095711,0.46754879171713404
random,38,36,0.3530094910095711,0.46754879171713404
random,38,37,0.3530094910095711,0.487238121022358
random,38,38,0.3530094910095711,0.48947411787325373
random,38,39,0.3591703782490195,0.49066462214297274
random,38,40,0.3591703782490195,0.49066462214297274
random,38,41,0.3591703782490195,0.49066462214297274
random,38,42,0.3591703782490195,0.5134443318776308
random,38,43,0.3591703782490195,0.5134443318776308
random,38,44,0.3591703782490195,0.5151075173282038
random,38,45,0.3591703782490195,0.5159589901525156
random,38,46,0.3591703782490195,0.5164670779278118
random,38,47,0.3591703782490195,0.5173936263539358
random,38,48,0.3591703782490195,0.5176732696355576
random,38,49,0.3591703782490195,0.5176732696355576
random,38,50,0.3591703782490195,0.5176732696355576
random,38,51,0.3591703782490195,0.5176732696355576
random,38,52,0.3591703782490195,0.518939097329918
random,38,53,0.3591703782490195,0.518939097329918
random,38,54,0.3591703782490195,0.518939097329918
random,38,55,0.3591703782490195,0.5200020578987232
random,38,56,0.3591703782490195,0.5200020578987232
random,38,57,0.3591703782490195,0.5200020578987232
random,39,32,0.3116825290810931,0.4618851158947737
random,39,33,0.3116825290810931,0.5043541549346557
random,39,34,0.3116825290810931,0.5043541549346557
random,39,35,0.3116825290810931,0.5057739640048056
random,39,36,0.3116825290810931,0.5076715263026184
random,39,37,0.3116825290810931,0.5076715263026184
random,39,38,0.3530094910095711,0.5131008252777389
random,39,39,0.3530094910095711,0.5131008252777389
random,39,40,0.3530094910095711,0.5131008252777389
random,39,41,0.3530094910095711,0.5139522981020507
random,39,42,0.3591703782490195,0.5151428023717696
random,39,43,0.3591703782490195,0.5154224456533913
random,39,44,0.3591703782490195,0.5159305334286876
random,39,45,0.3591703782490195,0.5181229095491721
random,39,46,0.3591703782490195,0.5181229095491721
random,39,47,0.3591703782490195,0.5181229095491721
random,39,48,0.3591703782490195,0.5181229095491721
random,39,49,0.3591703782490195,0.5181229095491721
random,39,50,0.3591703782490195,0.5181229095491721
random,39,51,0.3591703782490195,0.5200020578987232
random,39,52,0.3591703782490195,0.5200020578987232
random,39,53,0.3591703782490195,0.5200020578987232
random,39,54,0.3591703782490195,0.5200020578987232
random,39,55,0.3591703782490195,0.5200020578987232
random,39,56,0.3591703782490195,0.5200020578987232
random,39,57,0.3591703782490195,0.5200020578987232
random,40,32,0.3116825290810931,0.4618851158947737
random,40,33,0.3116825290810931,0.4618851158947737
random,40,34,0.3116825290810931,0.4618851158947737
random,40,35,0.3116825290810931,0.48157444519999765
random,40,36,0.3116825290810931,0.48347200749781044
random,40,37,0.3116825290810931,0.4848918165679602
random,40,38,0.3116825290810931,0.48696031464511763
random,40,39,0.3116825290810931,0.48883946299466885
random,40,40,0.3116825290810931,0.48883946299466885
random,40,41,0.3116825290810931,0.4896909358189806
random,40,42,0.3116825290810931,0.4918833119394652
random,40,43,0.3116825290810931,0.4918833119394652
random,40,44,0.3116825290810931,0.49239139971476137
random,40,45,0.3116825290810931,0.49239139971476137
random,40,46,0.3116825290810931,0.4938383911138507
random,40,47,0.3116825290810931,0.4938383911138507
random,40,48,0.3116825290810931,0.4938383911138507
random,40,49,0.3116825290810931,0.4938383911138507
random,40,50,0.3530094910095711,0.49926769008897126
random,40,51,0.3530094910095711,0.49926769008897126
random,40,52,0.3530094910095711,0.49926769008897126
random,40,53,0.3530094910095711,0.49926769008897126
random,40,54,0.3530094910095711,0.5188115536290042
random,40,55,0.3530094910095711,0.5188115536290042
random,40,56,0.3530094910095711,0.5188115536290042
random,40,57,0.3591703782490195,0.5200020578987232
random,41,32,0.3116825290810931,0.4618851158947737
random,41,33,0.3116825290810931,0.4637826781925865
random,41,34,0.3116825290810931,0.4637826781925865
random,41,35,0.3116825290810931,0.4637826781925865
random,41,36,0.3116825290810931,0.48347200749781044
random,41,37,0.3116825290810931,0.48347200749781044
random,41,38,0.3530094910095711,0.488901306472931
random,41,39,0.3530094910095711,0.4903211155430808
random,41,40,0.3530094910095711,0.49220026389263194
random,41,41,0.3530094910095711,0.49220026389263194
random,41,42,0.3530094910095711,0.49220026389263194
random,41,43,0.3591703782490195,0.49339076816235095
random,41,44,0.3591703782490195,0.4958392727095742
random,41,45,0.3591703782490195,0.49818116340337537
random,41,46,0.3591703782490195,0.49818116340337537
random,41,47,0.3591703782490195,0.49888312165437054
random,41,48,0.3591703782490195,0.49888312165437054
random,41,49,0.3591703782490195,0.49888312165437054
random,41,50,0.3591703782490195,0.4993912094296667
random,41,51,0.3591703782490195,0.4993912094296667
random,41,52,0.3591703782490195,0.4993912094296667
random,41,53,0.3591703782490195,0.4993912094296667
random,41,54,0.3591703782490195,0.4993912094296667
random,41,55,0.3591703782490195,0.4993912094296667
random,41,56,0.3591703782490195,0.5200020578987232
random,41,57,0.3591703782490195,0.5200020578987232
random,42,32,0.3116825290810931,0.4618851158947737
random,42,33,0.3116825290810931,0.4618851158947737
random,42,34,0.3116825290810931,0.4618851158947737
random,42,35,0.3116825290810931,0.46766079234397945
random,42,36,0.3116825290810931,0.46766079234397945
random,42,37,0.3116825290810931,0.46766079234397945
random,42,38,0.3116825290810931,0.46910778374306883
random,42,39,0.3116825290810931,0.4699592565673806
random,42,40,0.3116825290810931,0.4699592565673806
random,42,41,0.3116825290810931,0.4718568188651934
random,42,42,0.3116825290810931,0.487838969798369
random,42,43,0.3116825290810931,0.49007496664926475
random,42,44,0.3116825290810931,0.49007496664926475
random,42,45,0.3591703782490195,0.49646028042082746
random,42,46,0.3591703782490195,0.49752324098963263
random,42,47,0.3591703782490195,0.49752324098963263
random,42,48,0.3591703782490195,0.49752324098963263
random,42,49,0.3591703782490195,0.4984497894157568
random,42,50,0.3591703782490195,0.498957877191053
random,42,51,0.3591703782490195,0.498957877191053
random,42,52,0.3591703782490195,0.498957877191053
random,42,53,0.3591703782490195,0.518501740731086
random,42,54,0.3591703782490195,0.518501740731086
random,42,55,0.3591703782490195,0.5197675684254465
random,42,56,0.3591703782490195,0.5200020578987232
random,42,57,0.3591703782490195,0.5200020578987232
random,43,32,0.3116825290810931,0.4618851158947737
random,43,33,0.3116825290810931,0.4618851158947737
random,43,34,0.3116825290810931,0.4618851158947737
random,43,35,0.3116825290810931,0.4618851158947737
random,43,36,0.3116825290810931,0.4618851158947737
random,43,37,0.3116825290810931,0.4618851158947737
random,43,38,0.3116825290810931,0.4618851158947737
random,43,39,0.3116825290810931,0.4633049249649235
random,43,40,0.3116825290810931,0.5057739640048056
random,43,41,0.3116825290810931,0.5057739640048056
random,43,42,0.3591703782490195,0.5123663198507231
random,43,43,0.3591703782490195,0.5123663198507231
random,43,44,0.3591703782490195,0.5140568400741811
random,43,45,0.3591703782490195,0.5151126299111382
random,43,46,0.3591703782490195,0.5158348613246169
random,43,47,0.3591703782490195,0.5158348613246169
random,43,48,0.3591703782490195,0.5158348613246169
random,43,49,0.3591703782490195,0.5158348613246169
random,43,50,0.3591703782490195,0.5163429490999131
random,43,51,0.3591703782490195,0.5182220974494642
random,43,52,0.3591703782490195,0.5182220974494642
random,43,53,0.3591703782490195,0.5182220974494642
random,43,54,0.3591703782490195,0.5194879251438247
random,43,55,0.3591703782490195,0.5194879251438247
random,43,56,0.3591703782490195,0.5197224146171014
random,43,57,0.3591703782490195,0.5200020578987232
random,44,32,0.3116825290810931,0.4618851158947737
random,44,33,0.3116825290810931,0.4618851158947737
random,44,34,0.3116825290810931,0.4642270065885749
random,44,35,0.3116825290810931,0.4642270065885749
random,44,36,0.3116825290810931,0.4661245688863877
random,44,37,0.3116825290810931,0.46754437795653747
random,44,38,0.3116825290810931,0.46754437795653747
random,44,39,0.3116825290810931,0.46824633620753264
random,44,40,0.3116825290810931,0.46824633620753264
random,44,41,0.3116825290810931,0.46824633620753264
random,44,42,0.3116825290810931,0.4740220126567384
random,44,43,0.3116825290810931,0.4740220126567384
random,44,44,0.3116825290810931,0.4740220126567384
random,44,45,0.3116825290810931,0.47546900405582776
random,44,46,0.3116825290810931,0.47546900405582776
random,44,47,0.3116825290810931,0.47546900405582776
random,44,48,0.3116825290810931,0.4914511549890034
random,44,49,0.3116825290810931,0.4914511549890034
random,44,50,0.3116825290810931,0.49195924276429953
random,44,51,0.3116825290810931,0.49195924276429953
random,44,52,0.3530094910095711,0.4973885417394201
random,44,53,0.3591703782490195,0.4985790460091391
random,44,54,0.3591703782490195,0.5181229095491721
random,44,55,0.3591703782490195,0.5181229095491721
random,44,56,0.3591703782490195,0.5200020578987232
random,44,57,0.3591703782490195,0.5200020578987232
random,45,32,0.3116825290810931,0.4618851158947737
random,45,33,0.3116825290810931,0.4641211127456694
random,45,34,0.3530094910095711,0.46978478856802974
random,45,35,0.3530094910095711,0.46978478856802974
random,45,36,0.3591703782490195,0.47097529283774875
random,45,37,0.3591703782490195,0.47097529283774875
random,45,38,0.3591703782490195,0.47097529283774875
random,45,39,0.3591703782490195,0.47182676566206055
random,45,40,0.3591703782490195,0.4776024421112663
random,45,41,0.3591703782490195,0.4776024421112663
random,45,42,0.3591703782490195,0.4776024421112663
random,45,43,0.3591703782490195,0.4776024421112663
random,45,44,0.3591703782490195,0.4797948182317509
random,45,45,0.3591703782490195,0.4797948182317509
random,45,46,0.3591703782490195,0.4797948182317509
random,45,47,0.3591703782490195,0.48064970976734245
random,45,48,0.3591703782490195,0.48064970976734245
random,45,49,0.3591703782490195,0.49663186070051807
random,45,50,0.3591703782490195,0.49663186070051807
random,45,51,0.3591703782490195,0.49663186070051807
random,45,52,0.3591703782490195,0.49663186070051807
random,45,53,0.3591703782490195,0.49807885209960745
random,45,54,0.3591703782490195,0.49807885209960745
random,45,55,0.3591703782490195,0.4991418126684126
random,45,56,0.3591703782490195,0.5004581943586903
random,45,57,0.3591703782490195,0.5200020578987232
random,46,32,0.3116825290810931,0.4618851158947737
random,46,33,0.3116825290810931,0.4618851158947737
random,46,34,0.3116825290810931,0.4637826781925865
random,46,35,0.3116825290810931,0.4637826781925865
random,46,36,0.3116825290810931,0.4637826781925865
random,46,37,0.3116825290810931,0.4637826781925865
random,46,38,0.3116825290810931,0.4660186750434822
random,46,39,0.3116825290810931,0.4660186750434822
random,46,40,0.3116825290810931,0.4660186750434822
random,46,41,0.3116825290810931,0.46836056573728346
random,46,42,0.3116825290810931,0.46836056573728346
random,46,43,0.3116825290810931,0.46942352630608863
random,46,44,0.3116825290810931,0.4701254845570838
random,46,45,0.3116825290810931,0.4701254845570838
random,46,46,0.3116825290810931,0.5125945235969658
random,46,47,0.3116825290810931,0.5125945235969658
random,46,48,0.3116825290810931,0.513102611372262
random,46,49,0.3591703782490195,0.5194879251438247
random,46,50,0.3591703782490195,0.5194879251438247
random,46,51,0.3591703782490195,0.5197675684254465
random,46,52,0.3591703782490195,0.5197675684254465
random,46,53,0.3591703782490195,0.5200020578987232
random,46,54,0.3591703782490195,0.5200020578987232
random,46,55,0.3591703782490195,0.5200020578987232
random,46,56,0.3591703782490195,0.5200020578987232
random,46,57,0.3591703782490195,0.5200020578987232
random,47,32,0.3116825290810931,0.4618851158947737
random,47,33,0.3116825290810931,0.4642270065885749
random,47,34,0.3591703782490195,0.4708193624344925
random,47,35,0.3591703782490195,0.4708193624344925
random,47,36,0.3591703782490195,0.47108118668065424
random,47,37,0.3591703782490195,0.47108118668065424
random,47,38,0.3591703782490195,0.47108118668065424
random,47,39,0.3591703782490195,0.47108118668065424
random,47,40,0.3591703782490195,0.5135502257205363
random,47,41,0.3591703782490195,0.5135502257205363
random,47,42,0.3591703782490195,0.5135502257205363
random,47,43,0.3591703782490195,0.5135502257205363
random,47,44,0.3591703782490195,0.5135502257205363
random,47,45,0.3591703782490195,0.5152134111711093
random,47,46,0.3591703782490195,0.5152134111711093
random,47,47,0.3591703782490195,0.5157214989464054
random,47,48,0.3591703782490195,0.5157214989464054
random,47,49,0.3591703782490195,0.5157214989464054
random,47,50,0.3591703782490195,0.5157214989464054
random,47,51,0.3591703782490195,0.5171413080165552
random,47,52,0.3591703782490195,0.5190204563661064
random,47,53,0.3591703782490195,0.5193000996477282
random,47,54,0.3591703782490195,0.5193000996477282
random,47,55,0.3591703782490195,0.5200020578987232
random,47,56,0.3591703782490195,0.5200020578987232
random,47,57,0.3591703782490195,0.5200020578987232
random,48,32,0.3116825290810931,0.4618851158947737
random,48,33,0.3116825290810931,0.46294090573173086
random,48,34,0.3116825290810931,0.46294090573173086
random,48,35,0.3116825290810931,0.46294090573173086
random,48,36,0.3116825290810931,0.46294090573173086
random,48,37,0.3116825290810931,0.48263023503695485
random,48,38,0.3116825290810931,0.48507873958417796
random,48,39,0.3116825290810931,0.5056895880532347
random,48,40,0.3116825290810931,0.5071093971233844
random,48,41,0.3116825290810931,0.5071093971233844
random,48,42,0.3116825290810931,0.5078316285368631
random,48,43,0.3116825290810931,0.5078316285368631
random,48,44,0.3530094910095711,0.5134953043592235
random,48,45,0.3530094910095711,0.5147611320535839
random,48,46,0.3530094910095711,0.5147611320535839
random,48,47,0.3591703782490195,0.5159516363233029
random,48,48,0.3591703782490195,0.5159516363233029
random,48,49,0.3591703782490195,0.5159516363233029
random,48,50,0.3591703782490195,0.5159516363233029
random,48,51,0.3591703782490195,0.5168065278588945
random,48,52,0.3591703782490195,0.5186856762084456
random,48,53,0.3591703782490195,0.5200020578987232
random,48,54,0.3591703782490195,0.5200020578987232
random,48,55,0.3591703782490195,0.5200020578987232
random,48,56,0.3591703782490195,0.5200020578987232
random,48,57,0.3591703782490195,0.5200020578987232
random,49,32,0.3116825290810931,0.4618851158947737
random,49,33,0.3116825290810931,0.4618851158947737
random,49,34,0.3116825290810931,0.5043541549346557
random,49,35,0.3116825290810931,0.5043541549346557
random,49,36,0.3591703782490195,0.5109465107805734
random,49,37,0.3591703782490195,0.5123663198507231
random,49,38,0.3591703782490195,0.5123663198507231
random,49,39,0.3591703782490195,0.5132212113863147
random,49,40,0.3591703782490195,0.5155631020801159
random,49,41,0.3591703782490195,0.5155631020801159
random,49,42,0.3591703782490195,0.5169068185432784
random,49,43,0.3591703782490195,0.5169068185432784
random,49,44,0.3591703782490195,0.5169068185432784
random,49,45,0.3591703782490195,0.5187859668928296
random,49,46,0.3591703782490195,0.5190204563661064
random,49,47,0.3591703782490195,0.5190204563661064
random,49,48,0.3591703782490195,0.5197224146171014
random,49,49,0.3591703782490195,0.5197224146171014
random,49,50,0.3591703782490195,0.5197224146171014
random,49,51,0.3591703782490195,0.5197224146171014
random,49,52,0.3591703782490195,0.5197224146171014
random,49,53,0.3591703782490195,0.5197224146171014
random,49,54,0.3591703782490195,0.5197224146171014
random,49,55,0.3591703782490195,0.5200020578987232
random,49,56,0.3591703782490195,0.5200020578987232
random,49,57,0.3591703782490195,0.5200020578987232
gp_ehvi,0,32,0.3116825290810931,0.4618851158947737
gp_ehvi,0,33,0.3116825290810931,0.4618851158947737
gp_ehvi,0,34,0.3116825290810931,0.4618851158947737
gp_ehvi,0,35,0.3116825290810931,0.4618851158947737
gp_ehvi,0,36,0.3116825290810931,0.4642270065885749
gp_ehvi,0,37,0.3116825290810931,0.4642270065885749
gp_ehvi,0,38,0.3116825290810931,0.4642270065885749
gp_ehvi,0,39,0.3116825290810931,0.46508189812416645
gp_ehvi,0,40,0.3116825290810931,0.46508189812416645
gp_ehvi,0,41,0.3591703782490195,0.4716742539700841
gp_ehvi,0,42,0.3591703782490195,0.4723762122210793
gp_ehvi,0,43,0.3591703782490195,0.4766196364363863
gp_ehvi,0,44,0.3591703782490195,0.49451404607352634
gp_ehvi,0,45,0.3591703782490195,0.49451404607352634
gp_ehvi,0,46,0.3591703782490195,0.49451404607352634
gp_ehvi,0,47,0.3591703782490195,0.4958577625366889
gp_ehvi,0,48,0.3591703782490195,0.4980937593875846
gp_ehvi,0,49,0.3591703782490195,0.49832824886086147
gp_ehvi,0,50,0.3591703782490195,0.49832824886086147
gp_ehvi,0,51,0.3591703782490195,0.49832824886086147
gp_ehvi,0,52,0.3591703782490195,0.49832824886086147
gp_ehvi,0,53,0.3591703782490195,0.49832824886086147
gp_ehvi,0,54,0.3591703782490195,0.4993952337898851
gp_ehvi,0,55,0.3591703782490195,0.5004581943586903
gp_ehvi,0,56,0.3591703782490195,0.5004581943586903
gp_ehvi,0,57,0.3591703782490195,0.5200020578987232
gp_ehvi,1,32,0.3116825290810931,0.4618851158947737
gp_ehvi,1,33,0.3116825290810931,0.4618851158947737
gp_ehvi,1,34,0.3116825290810931,0.4618851158947737
gp_ehvi,1,35,0.3116825290810931,0.46294090573173086
gp_ehvi,1,36,0.3116825290810931,0.46294090573173086
gp_ehvi,1,37,0.3116825290810931,0.4642270065885749
gp_ehvi,1,38,0.3116825290810931,0.4642270065885749
gp_ehvi,1,39,0.3116825290810931,0.4642270065885749
gp_ehvi,1,40,0.3116825290810931,0.4642270065885749
gp_ehvi,1,41,0.3116825290810931,0.4661245688863877
gp_ehvi,1,42,0.3591703782490195,0.47250988265795046
gp_ehvi,1,43,0.3591703782490195,0.47250988265795046
gp_ehvi,1,44,0.3591703782490195,0.47250988265795046
gp_ehvi,1,45,0.3591703782490195,0.47321184090894564
gp_ehvi,1,46,0.3591703782490195,0.4774552651242526
gp_ehvi,1,47,0.3591703782490195,0.4774552651242526
gp_ehvi,1,48,0.3591703782490195,0.4953496747613927
gp_ehvi,1,49,0.3591703782490195,0.4975856716122885
gp_ehvi,1,50,0.3591703782490195,0.4975856716122885
gp_ehvi,1,51,0.3591703782490195,0.4986526565413121
gp_ehvi,1,52,0.3591703782490195,0.4991607443166083
gp_ehvi,1,53,0.3591703782490195,0.4991607443166083
gp_ehvi,1,54,0.3591703782490195,0.5002237048854135
gp_ehvi,1,55,0.3591703782490195,0.5004581943586903
gp_ehvi,1,56,0.3591703782490195,0.5004581943586903
gp_ehvi,1,57,0.3591703782490195,0.5200020578987232
gp_ehvi,2,32,0.3116825290810931,0.4618851158947737
gp_ehvi,2,33,0.3116825290810931,0.4618851158947737
gp_ehvi,2,34,0.3116825290810931,0.46294090573173086
gp_ehvi,2,35,0.3116825290810931,0.46294090573173086
gp_ehvi,2,36,0.3116825290810931,0.4642270065885749
gp_ehvi,2,37,0.3116825290810931,0.4656468156587247
gp_ehvi,2,38,0.3116825290810931,0.4656468156587247
gp_ehvi,2,39,0.3116825290810931,0.4656468156587247
gp_ehvi,2,40,0.3116825290810931,0.4656468156587247
gp_ehvi,2,41,0.3116825290810931,0.4656468156587247
gp_ehvi,2,42,0.3116825290810931,0.4665017071943162
gp_ehvi,2,43,0.3116825290810931,0.4665017071943162
gp_ehvi,2,44,0.3591703782490195,0.4730940630402338
gp_ehvi,2,45,0.3591703782490195,0.4730940630402338
gp_ehvi,2,46,0.3591703782490195,0.4744377795033964
gp_ehvi,2,47,0.3591703782490195,0.4744377795033964
gp_ehvi,2,48,0.3591703782490195,0.4786812037187035
gp_ehvi,2,49,0.3591703782490195,0.47938316196969855
gp_ehvi,2,50,0.3591703782490195,0.4972775716068386
gp_ehvi,2,51,0.3591703782490195,0.4972775716068386
gp_ehvi,2,52,0.3591703782490195,0.4991567199563899
gp_ehvi,2,53,0.3591703782490195,0.4993912094296667
gp_ehvi,2,54,0.3591703782490195,0.4993912094296667
gp_ehvi,2,55,0.3591703782490195,0.5004581943586903
gp_ehvi,2,56,0.3591703782490195,0.5200020578987232
gp_ehvi,2,57,0.3591703782490195,0.5200020578987232
gp_ehvi,3,32,0.3116825290810931,0.4618851158947737
gp_ehvi,3,33,0.3116825290810931,0.4618851158947737
gp_ehvi,3,34,0.3116825290810931,0.46294090573173086
gp_ehvi,3,35,0.3116825290810931,0.46294090573173086
gp_ehvi,3,36,0.3116825290810931,0.4642270065885749
gp_ehvi,3,37,0.3116825290810931,0.4642270065885749
gp_ehvi,3,38,0.3116825290810931,0.4656468156587247
gp_ehvi,3,39,0.3116825290810931,0.4656468156587247
gp_ehvi,3,40,0.3116825290810931,0.46754437795653747
gp_ehvi,3,41,0.3116825290810931,0.46754437795653747
gp_ehvi,3,42,0.3116825290810931,0.46754437795653747
gp_ehvi,3,43,0.3591703782490195,0.4739296917281002
gp_ehvi,3,44,0.3591703782490195,0.4739296917281002
gp_ehvi,3,45,0.3591703782490195,0.4739296917281002
gp_ehvi,3,46,0.3591703782490195,0.4744377795033964
gp_ehvi,3,47,0.3591703782490195,0.47513973775439156
gp_ehvi,3,48,0.3591703782490195,0.47938316196969855
gp_ehvi,3,49,0.3591703782490195,0.4972775716068386
gp_ehvi,3,50,0.3591703782490195,0.4972775716068386
gp_ehvi,3,51,0.3591703782490195,0.4991567199563899
gp_ehvi,3,52,0.3591703782490195,0.5002237048854135
gp_ehvi,3,53,0.3591703782490195,0.5004581943586903
gp_ehvi,3,54,0.3591703782490195,0.5004581943586903
gp_ehvi,3,55,0.3591703782490195,0.5004581943586903
gp_ehvi,3,56,0.3591703782490195,0.5200020578987232
gp_ehvi,3,57,0.3591703782490195,0.5200020578987232
gp_ehvi,4,32,0.3116825290810931,0.4618851158947737
gp_ehvi,4,33,0.3116825290810931,0.4618851158947737
gp_ehvi,4,34,0.3116825290810931,0.4633049249649235
gp_ehvi,4,35,0.3116825290810931,0.4633049249649235
gp_ehvi,4,36,0.3116825290810931,0.4633049249649235
gp_ehvi,4,37,0.3116825290810931,0.4656468156587247
gp_ehvi,4,38,0.3116825290810931,0.4656468156587247
gp_ehvi,4,39,0.3116825290810931,0.4656468156587247
gp_ehvi,4,40,0.3116825290810931,0.46754437795653747
gp_ehvi,4,41,0.3116825290810931,0.46754437795653747
gp_ehvi,4,42,0.3116825290810931,0.46754437795653747
gp_ehvi,4,43,0.3116825290810931,0.46754437795653747
gp_ehvi,4,44,0.3116825290810931,0.4717878021718446
gp_ehvi,4,45,0.3116825290810931,0.4717878021718446
gp_ehvi,4,46,0.3116825290810931,0.4722958899471407
gp_ehvi,4,47,0.3116825290810931,0.47299784819813584
gp_ehvi,4,48,0.3116825290810931,0.4908922578352759
gp_ehvi,4,49,0.3116825290810931,0.4908922578352759
gp_ehvi,4,50,0.3591703782490195,0.4972775716068386
gp_ehvi,4,51,0.3591703782490195,0.4991567199563899
gp_ehvi,4,52,0.3591703782490195,0.5002237048854135
gp_ehvi,4,53,0.3591703782490195,0.5002237048854135
gp_ehvi,4,54,0.3591703782490195,0.5002237048854135
gp_ehvi,4,55,0.3591703782490195,0.5004581943586903
gp_ehvi,4,56,0.3591703782490195,0.5004581943586903
gp_ehvi,4,57,0.3591703782490195,0.5200020578987232
gp_ehvi,5,32,0.3116825290810931,0.4618851158947737
gp_ehvi,5,33,0.3116825290810931,0.4618851158947737
gp_ehvi,5,34,0.3116825290810931,0.4618851158947737
gp_ehvi,5,35,0.3116825290810931,0.4618851158947737
gp_ehvi,5,36,0.3116825290810931,0.4618858314241784
gp_ehvi,5,37,0.3116825290810931,0.4642270065885749
gp_ehvi,5,38,0.3116825290810931,0.4642270065885749
gp_ehvi,5,39,0.3591703782490195,0.4708193624344925
gp_ehvi,5,40,0.3591703782490195,0.4708193624344925
gp_ehvi,5,41,0.3591703782490195,0.4708193624344925
gp_ehvi,5,42,0.3591703782490195,0.47250988265795046
gp_ehvi,5,43,0.3591703782490195,0.47474587950884617
gp_ehvi,5,44,0.3591703782490195,0.47544783775984134
gp_ehvi,5,45,0.3591703782490195,0.4951371670650653
gp_ehvi,5,46,0.3591703782490195,0.4975856716122885
gp_ehvi,5,47,0.3591703782490195,0.4975856716122885
gp_ehvi,5,48,0.3591703782490195,0.4975856716122885
gp_ehvi,5,49,0.3591703782490195,0.4975856716122885
gp_ehvi,5,50,0.3591703782490195,0.4975856716122885
gp_ehvi,5,51,0.3591703782490195,0.4986526565413121
gp_ehvi,5,52,0.3591703782490195,0.4991607443166083
gp_ehvi,5,53,0.3591703782490195,0.4991607443166083
gp_ehvi,5,54,0.3591703782490195,0.5002237048854135
gp_ehvi,5,55,0.3591703782490195,0.5004581943586903
gp_ehvi,5,56,0.3591703782490195,0.5004581943586903
gp_ehvi,5,57,0.3591703782490195,0.5200020578987232
gp_ehvi,6,32,0.3116825290810931,0.4618851158947737
gp_ehvi,6,33,0.3116825290810931,0.4618851158947737
gp_ehvi,6,34,0.3116825290810931,0.46294090573173086
gp_ehvi,6,35,0.3116825290810931,0.46294090573173086
gp_ehvi,6,36,0.3116825290810931,0.4642270065885749
gp_ehvi,6,37,0.3116825290810931,0.4642270065885749
gp_ehvi,6,38,0.3116825290810931,0.4642270065885749
gp_ehvi,6,39,0.3116825290810931,0.4642270065885749
gp_ehvi,6,40,0.3116825290810931,0.4642270065885749
gp_ehvi,6,41,0.3116825290810931,0.46508189812416645
gp_ehvi,6,42,0.3591703782490195,0.4716742539700841
gp_ehvi,6,43,0.3591703782490195,0.4716742539700841
gp_ehvi,6,44,0.3591703782490195,0.4716742539700841
gp_ehvi,6,45,0.3591703782490195,0.47301797043324656
gp_ehvi,6,46,0.3591703782490195,0.47371992868424173
gp_ehvi,6,47,0.3591703782490195,0.47796335289954883
gp_ehvi,6,48,0.3591703782490195,0.4958577625366889
gp_ehvi,6,49,0.3591703782490195,0.4958577625366889
gp_ehvi,6,50,0.3591703782490195,0.4980937593875846
gp_ehvi,6,51,0.3591703782490195,0.49832824886086147
gp_ehvi,6,52,0.3591703782490195,0.49832824886086147
gp_ehvi,6,53,0.3591703782490195,0.4993952337898851
gp_ehvi,6,54,0.3591703782490195,0.4993952337898851
gp_ehvi,6,55,0.3591703782490195,0.5004581943586903
gp_ehvi,6,56,0.3591703782490195,0.5200020578987232
gp_ehvi,6,57,0.3591703782490195,0.5200020578987232
gp_ehvi,7,32,0.3116825290810931,0.4618851158947737
gp_ehvi,7,33,0.3116825290810931,0.4618851158947737
gp_ehvi,7,34,0.3116825290810931,0.4618851158947737
gp_ehvi,7,35,0.3116825290810931,0.4618851158947737
gp_ehvi,7,36,0.3116825290810931,0.4642270065885749
gp_ehvi,7,37,0.3116825290810931,0.4642270065885749
gp_ehvi,7,38,0.3116825290810931,0.4656468156587247
gp_ehvi,7,39,0.3116825290810931,0.4656468156587247
gp_ehvi,7,40,0.3116825290810931,0.4656468156587247
gp_ehvi,7,41,0.3116825290810931,0.4665017071943162
gp_ehvi,7,42,0.3116825290810931,0.4665017071943162
gp_ehvi,7,43,0.3116825290810931,0.4665017071943162
gp_ehvi,7,44,0.3591703782490195,0.4730940630402338
gp_ehvi,7,45,0.3591703782490195,0.473796021291229
gp_ehvi,7,46,0.3591703782490195,0.4780394455065361
gp_ehvi,7,47,0.3591703782490195,0.49593385514367616
gp_ehvi,7,48,0.3591703782490195,0.49593385514367616
gp_ehvi,7,49,0.3591703782490195,0.4972775716068386
gp_ehvi,7,50,0.3591703782490195,0.4975120610801155
gp_ehvi,7,51,0.3591703782490195,0.4993912094296667
gp_ehvi,7,52,0.3591703782490195,0.4993912094296667
gp_ehvi,7,53,0.3591703782490195,0.4993912094296667
gp_ehvi,7,54,0.3591703782490195,0.4993912094296667
gp_ehvi,7,55,0.3591703782490195,0.5004581943586903
gp_ehvi,7,56,0.3591703782490195,0.5200020578987232
gp_ehvi,7,57,0.3591703782490195,0.5200020578987232
gp_ehvi,8,32,0.3116825290810931,0.4618851158947737
gp_ehvi,8,33,0.3116825290810931,0.4618851158947737
gp_ehvi,8,34,0.3116825290810931,0.4618851158947737
gp_ehvi,8,35,0.3116825290810931,0.4618851158947737
gp_ehvi,8,36,0.3116825290810931,0.4642270065885749
gp_ehvi,8,37,0.3116825290810931,0.4642270065885749
gp_ehvi,8,38,0.3116825290810931,0.4642270065885749
gp_ehvi,8,39,0.3116825290810931,0.46508189812416645
gp_ehvi,8,40,0.3116825290810931,0.46508189812416645
gp_ehvi,8,41,0.3591703782490195,0.4716742539700841
gp_ehvi,8,42,0.3591703782490195,0.4723762122210793
gp_ehvi,8,43,0.3591703782490195,0.4766196364363863
gp_ehvi,8,44,0.3591703782490195,0.4766196364363863
gp_ehvi,8,45,0.3591703782490195,0.49451404607352634
gp_ehvi,8,46,0.3591703782490195,0.49451404607352634
gp_ehvi,8,47,0.3591703782490195,0.49675004292442215
gp_ehvi,8,48,0.3591703782490195,0.4980937593875846
gp_ehvi,8,49,0.3591703782490195,0.49832824886086147
gp_ehvi,8,50,0.3591703782490195,0.49832824886086147
gp_ehvi,8,51,0.3591703782490195,0.49832824886086147
gp_ehvi,8,52,0.3591703782490195,0.49832824886086147
gp_ehvi,8,53,0.3591703782490195,0.49832824886086147
gp_ehvi,8,54,0.3591703782490195,0.4993952337898851
gp_ehvi,8,55,0.3591703782490195,0.5004581943586903
gp_ehvi,8,56,0.3591703782490195,0.5200020578987232
gp_ehvi,8,57,0.3591703782490195,0.5200020578987232
gp_ehvi,9,32,0.3116825290810931,0.4618851158947737
gp_ehvi,9,33,0.3116825290810931,0.4618851158947737
gp_ehvi,9,34,0.3116825290810931,0.4618851158947737
gp_ehvi,9,35,0.3116825290810931,0.4618851158947737
gp_ehvi,9,36,0.3116825290810931,0.4642270065885749
gp_ehvi,9,37,0.3116825290810931,0.4642270065885749
gp_ehvi,9,38,0.3116825290810931,0.4642270065885749
gp_ehvi,9,39,0.3116825290810931,0.46508189812416645
gp_ehvi,9,40,0.3591703782490195,0.4716742539700841
gp_ehvi,9,41,0.3591703782490195,0.4716742539700841
gp_ehvi,9,42,0.3591703782490195,0.4716742539700841
gp_ehvi,9,43,0.3591703782490195,0.4716742539700841
gp_ehvi,9,44,0.3591703782490195,0.47301797043324656
gp_ehvi,9,45,0.3591703782490195,0.47371992868424173
gp_ehvi,9,46,0.3591703782490195,0.47796335289954883
gp_ehvi,9,47,0.3591703782490195,0.4958577625366889
gp_ehvi,9,48,0.3591703782490195,0.4958577625366889
gp_ehvi,9,49,0.3591703782490195,0.4980937593875846
gp_ehvi,9,50,0.3591703782490195,0.49832824886086147
gp_ehvi,9,51,0.3591703782490195,0.49832824886086147
gp_ehvi,9,52,0.3591703782490195,0.49832824886086147
gp_ehvi,9,53,0.3591703782490195,0.49832824886086147
gp_ehvi,9,54,0.3591703782490195,0.4993952337898851
gp_ehvi,9,55,0.3591703782490195,0.5004581943586903
gp_ehvi,9,56,0.3591703782490195,0.5200020578987232
gp_ehvi,9,57,0.3591703782490195,0.5200020578987232
gp_ehvi,10,32,0.3116825290810931,0.4618851158947737
gp_ehvi,10,33,0.3116825290810931,0.4618851158947737
gp_ehvi,10,34,0.3116825290810931,0.4618851158947737
gp_ehvi,10,35,0.3116825290810931,0.4618858314241784
gp_ehvi,10,36,0.3116825290810931,0.4618858314241784
gp_ehvi,10,37,0.3116825290810931,0.4618858314241784
gp_ehvi,10,38,0.3116825290810931,0.4642270065885749
gp_ehvi,10,39,0.3116825290810931,0.46508189812416645
gp_ehvi,10,40,0.3591703782490195,0.4716742539700841
gp_ehvi,10,41,0.3591703782490195,0.4716742539700841
gp_ehvi,10,42,0.3591703782490195,0.4723762122210793
gp_ehvi,10,43,0.3591703782490195,0.4766196364363863
gp_ehvi,10,44,0.3591703782490195,0.49451404607352634
gp_ehvi,10,45,0.3591703782490195,0.49451404607352634
gp_ehvi,10,46,0.3591703782490195,0.49451404607352634
gp_ehvi,10,47,0.3591703782490195,0.49675004292442215
gp_ehvi,10,48,0.3591703782490195,0.4980937593875846
gp_ehvi,10,49,0.3591703782490195,0.4980937593875846
gp_ehvi,10,50,0.3591703782490195,0.4980937593875846
gp_ehvi,10,51,0.3591703782490195,0.49832824886086147
gp_ehvi,10,52,0.3591703782490195,0.49832824886086147
gp_ehvi,10,53,0.3591703782490195,0.49832824886086147
gp_ehvi,10,54,0.3591703782490195,0.4993952337898851
gp_ehvi,10,55,0.3591703782490195,0.5004581943586903
gp_ehvi,10,56,0.3591703782490195,0.5200020578987232
gp_ehvi,10,57,0.3591703782490195,0.5200020578987232
gp_ehvi,11,32,0.3116825290810931,0.4618851158947737
gp_ehvi,11,33,0.3116825290810931,0.4618851158947737
gp_ehvi,11,34,0.3116825290810931,0.4618851158947737
gp_ehvi,11,35,0.3116825290810931,0.4618858314241784
gp_ehvi,11,36,0.3116825290810931,0.4618858314241784
gp_ehvi,11,37,0.3116825290810931,0.4618858314241784
gp_ehvi,11,38,0.3116825290810931,0.4642270065885749
gp_ehvi,11,39,0.3116825290810931,0.46508189812416645
gp_ehvi,11,40,0.3591703782490195,0.4716742539700841
gp_ehvi,11,41,0.3591703782490195,0.4716742539700841
gp_ehvi,11,42,0.3591703782490195,0.4723762122210793
gp_ehvi,11,43,0.3591703782490195,0.4723762122210793
gp_ehvi,11,44,0.3591703782490195,0.4766196364363863
gp_ehvi,11,45,0.3591703782490195,0.49451404607352634
gp_ehvi,11,46,0.3591703782490195,0.49451404607352634
gp_ehvi,11,47,0.3591703782490195,0.4958577625366889
gp_ehvi,11,48,0.3591703782490195,0.4980937593875846
gp_ehvi,11,49,0.3591703782490195,0.4980937593875846
gp_ehvi,11,50,0.3591703782490195,0.49832824886086147
gp_ehvi,11,51,0.3591703782490195,0.49832824886086147
gp_ehvi,11,52,0.3591703782490195,0.49832824886086147
gp_ehvi,11,53,0.3591703782490195,0.49832824886086147
gp_ehvi,11,54,0.3591703782490195,0.4993952337898851
gp_ehvi,11,55,0.3591703782490195,0.5004581943586903
gp_ehvi,11,56,0.3591703782490195,0.5004581943586903
gp_ehvi,11,57,0.3591703782490195,0.5200020578987232
gp_ehvi,12,32,0.3116825290810931,0.4618851158947737
gp_ehvi,12,33,0.3116825290810931,0.4618851158947737
gp_ehvi,12,34,0.3116825290810931,0.46294090573173086
gp_ehvi,12,35,0.3116825290810931,0.46294090573173086
gp_ehvi,12,36,0.3116825290810931,0.4642270065885749
gp_ehvi,12,37,0.3116825290810931,0.4642270065885749
gp_ehvi,12,38,0.3116825290810931,0.4656468156587247
gp_ehvi,12,39,0.3116825290810931,0.4656468156587247
gp_ehvi,12,40,0.3116825290810931,0.46754437795653747
gp_ehvi,12,41,0.3116825290810931,0.46754437795653747
gp_ehvi,12,42,0.3116825290810931,0.46754437795653747
gp_ehvi,12,43,0.3116825290810931,0.46754437795653747
gp_ehvi,12,44,0.3116825290810931,0.46754437795653747
gp_ehvi,12,45,0.3591703782490195,0.4739296917281002
gp_ehvi,12,46,0.3591703782490195,0.47463164997909535
gp_ehvi,12,47,0.3591703782490195,0.47513973775439156
gp_ehvi,12,48,0.3591703782490195,0.47938316196969855
gp_ehvi,12,49,0.3591703782490195,0.4972775716068386
gp_ehvi,12,50,0.3591703782490195,0.4972775716068386
gp_ehvi,12,51,0.3591703782490195,0.4991567199563899
gp_ehvi,12,52,0.3591703782490195,0.4993912094296667
gp_ehvi,12,53,0.3591703782490195,0.4993912094296667
gp_ehvi,12,54,0.3591703782490195,0.5004581943586903
gp_ehvi,12,55,0.3591703782490195,0.5004581943586903
gp_ehvi,12,56,0.3591703782490195,0.5200020578987232
gp_ehvi,12,57,0.3591703782490195,0.5200020578987232
gp_ehvi,13,32,0.3116825290810931,0.4618851158947737
gp_ehvi,13,33,0.3116825290810931,0.4618851158947737
gp_ehvi,13,34,0.3116825290810931,0.4618851158947737
gp_ehvi,13,35,0.3116825290810931,0.4618851158947737
gp_ehvi,13,36,0.3116825290810931,0.4642270065885749
gp_ehvi,13,37,0.3116825290810931,0.4642270065885749
gp_ehvi,13,38,0.3116825290810931,0.4642270065885749
gp_ehvi,13,39,0.3116825290810931,0.46508189812416645
gp_ehvi,13,40,0.3116825290810931,0.46508189812416645
gp_ehvi,13,41,0.3591703782490195,0.4716742539700841
gp_ehvi,13,42,0.3591703782490195,0.4716742539700841
gp_ehvi,13,43,0.3591703782490195,0.4716742539700841
gp_ehvi,13,44,0.3591703782490195,0.47301797043324656
gp_ehvi,13,45,0.3591703782490195,0.47371992868424173
gp_ehvi,13,46,0.3591703782490195,0.47796335289954883
gp_ehvi,13,47,0.3591703782490195,0.4958577625366889
gp_ehvi,13,48,0.3591703782490195,0.4958577625366889
gp_ehvi,13,49,0.3591703782490195,0.4980937593875846
gp_ehvi,13,50,0.3591703782490195,0.49832824886086147
gp_ehvi,13,51,0.3591703782490195,0.49832824886086147
gp_ehvi,13,52,0.3591703782490195,0.49832824886086147
gp_ehvi,13,53,0.3591703782490195,0.49832824886086147
gp_ehvi,13,54,0.3591703782490195,0.4993952337898851
gp_ehvi,13,55,0.3591703782490195,0.5004581943586903
gp_ehvi,13,56,0.3591703782490195,0.5200020578987232
gp_ehvi,13,57,0.3591703782490195,0.5200020578987232
gp_ehvi,14,32,0.3116825290810931,0.4618851158947737
gp_ehvi,14,33,0.3116825290810931,0.4618851158947737
gp_ehvi,14,34,0.3116825290810931,0.46294090573173086
gp_ehvi,14,35,0.3116825290810931,0.46294090573173086
gp_ehvi,14,36,0.3116825290810931,0.4642270065885749
gp_ehvi,14,37,0.3116825290810931,0.4642270065885749
gp_ehvi,14,38,0.3116825290810931,0.4656468156587247
gp_ehvi,14,39,0.3116825290810931,0.4656468156587247
gp_ehvi,14,40,0.3116825290810931,0.4665017071943162
gp_ehvi,14,41,0.3116825290810931,0.4665017071943162
gp_ehvi,14,42,0.3591703782490195,0.4730940630402338
gp_ehvi,14,43,0.3591703782490195,0.4730940630402338
gp_ehvi,14,44,0.3591703782490195,0.4730940630402338
gp_ehvi,14,45,0.3591703782490195,0.4730940630402338
gp_ehvi,14,46,0.3591703782490195,0.4744377795033964
gp_ehvi,14,47,0.3591703782490195,0.47513973775439156
gp_ehvi,14,48,0.3591703782490195,0.47938316196969855
gp_ehvi,14,49,0.3591703782490195,0.4972775716068386
gp_ehvi,14,50,0.3591703782490195,0.4972775716068386
gp_ehvi,14,51,0.3591703782490195,0.4991567199563899
gp_ehvi,14,52,0.3591703782490195,0.4993912094296667
gp_ehvi,14,53,0.3591703782490195,0.4993912094296667
gp_ehvi,14,54,0.3591703782490195,0.5004581943586903
gp_ehvi,14,55,0.3591703782490195,0.5004581943586903
gp_ehvi,14,56,0.3591703782490195,0.5200020578987232
gp_ehvi,14,57,0.3591703782490195,0.5200020578987232
gp_ehvi,15,32,0.3116825290810931,0.4618851158947737
gp_ehvi,15,33,0.3116825290810931,0.4618851158947737
gp_ehvi,15,34,0.3116825290810931,0.4618851158947737
gp_ehvi,15,35,0.3116825290810931,0.46294090573173086
gp_ehvi,15,36,0.3116825290810931,0.4643607148018806
gp_ehvi,15,37,0.3116825290810931,0.4656468156587247
gp_ehvi,15,38,0.3116825290810931,0.4656468156587247
gp_ehvi,15,39,0.3116825290810931,0.4656468156587247
gp_ehvi,15,40,0.3116825290810931,0.4656468156587247
gp_ehvi,15,41,0.3116825290810931,0.4656468156587247
gp_ehvi,15,42,0.3116825290810931,0.46754437795653747
gp_ehvi,15,43,0.3116825290810931,0.46754437795653747
gp_ehvi,15,44,0.3116825290810931,0.46754437795653747
gp_ehvi,15,45,0.3116825290810931,0.4680524657318336
gp_ehvi,15,46,0.3591703782490195,0.4744377795033964
gp_ehvi,15,47,0.3591703782490195,0.4786812037187035
gp_ehvi,15,48,0.3591703782490195,0.4786812037187035
gp_ehvi,15,49,0.3591703782490195,0.47938316196969855
gp_ehvi,15,50,0.3591703782490195,0.4972775716068386
gp_ehvi,15,51,0.3591703782490195,0.4972775716068386
gp_ehvi,15,52,0.3591703782490195,0.4991567199563899
gp_ehvi,15,53,0.3591703782490195,0.4991567199563899
gp_ehvi,15,54,0.3591703782490195,0.5002237048854135
gp_ehvi,15,55,0.3591703782490195,0.5004581943586903
gp_ehvi,15,56,0.3591703782490195,0.5004581943586903
gp_ehvi,15,57,0.3591703782490195,0.5200020578987232
gp_ehvi,16,32,0.3116825290810931,0.4618851158947737
gp_ehvi,16,33,0.3116825290810931,0.4618851158947737
gp_ehvi,16,34,0.3116825290810931,0.4618851158947737
gp_ehvi,16,35,0.3116825290810931,0.4618851158947737
gp_ehvi,16,36,0.3116825290810931,0.4642270065885749
gp_ehvi,16,37,0.3116825290810931,0.4642270065885749
gp_ehvi,16,38,0.3116825290810931,0.4642270065885749
gp_ehvi,16,39,0.3116825290810931,0.4642270065885749
gp_ehvi,16,40,0.3116825290810931,0.468470430803882
gp_ehvi,16,41,0.3116825290810931,0.4691723890548771
gp_ehvi,16,42,0.3116825290810931,0.4691723890548771
gp_ehvi,16,43,0.3116825290810931,0.4691723890548771
gp_ehvi,16,44,0.3116825290810931,0.4870667986920172
gp_ehvi,16,45,0.3116825290810931,0.4870667986920172
gp_ehvi,16,46,0.3116825290810931,0.48896436098983
gp_ehvi,16,47,0.3591703782490195,0.4953496747613927
gp_ehvi,16,48,0.3591703782490195,0.4975856716122885
gp_ehvi,16,49,0.3591703782490195,0.4975856716122885
gp_ehvi,16,50,0.3591703782490195,0.4975856716122885
gp_ehvi,16,51,0.3591703782490195,0.4975856716122885
gp_ehvi,16,52,0.3591703782490195,0.4986526565413121
gp_ehvi,16,53,0.3591703782490195,0.4991607443166083
gp_ehvi,16,54,0.3591703782490195,0.5002237048854135
gp_ehvi,16,55,0.3591703782490195,0.5004581943586903
gp_ehvi,16,56,0.3591703782490195,0.5200020578987232
gp_ehvi,16,57,0.3591703782490195,0.5200020578987232
gp_ehvi,17,32,0.3116825290810931,0.4618851158947737
gp_ehvi,17,33,0.3116825290810931,0.4618851158947737
gp_ehvi,17,34,0.3116825290810931,0.46294090573173086
gp_ehvi,17,35,0.3116825290810931,0.46294090573173086
gp_ehvi,17,36,0.3116825290810931,0.4642270065885749
gp_ehvi,17,37,0.3116825290810931,0.4642270065885749
gp_ehvi,17,38,0.3116825290810931,0.4656468156587247
gp_ehvi,17,39,0.3116825290810931,0.4656468156587247
gp_ehvi,17,40,0.3116825290810931,0.46754437795653747
gp_ehvi,17,41,0.3116825290810931,0.46754437795653747
gp_ehvi,17,42,0.3116825290810931,0.46754437795653747
gp_ehvi,17,43,0.3591703782490195,0.4739296917281002
gp_ehvi,17,44,0.3591703782490195,0.4739296917281002
gp_ehvi,17,45,0.3591703782490195,0.4739296917281002
gp_ehvi,17,46,0.3591703782490195,0.47463164997909535
gp_ehvi,17,47,0.3591703782490195,0.47887507419440245
gp_ehvi,17,48,0.3591703782490195,0.4967694838315425
gp_ehvi,17,49,0.3591703782490195,0.4967694838315425
gp_ehvi,17,50,0.3591703782490195,0.4972775716068386
gp_ehvi,17,51,0.3591703782490195,0.4972775716068386
gp_ehvi,17,52,0.3591703782490195,0.4991567199563899
gp_ehvi,17,53,0.3591703782490195,0.5002237048854135
gp_ehvi,17,54,0.3591703782490195,0.5002237048854135
gp_ehvi,17,55,0.3591703782490195,0.5004581943586903
gp_ehvi,17,56,0.3591703782490195,0.5004581943586903
gp_ehvi,17,57,0.3591703782490195,0.5200020578987232
gp_ehvi,18,32,0.3116825290810931,0.4618851158947737
gp_ehvi,18,33,0.3116825290810931,0.4618851158947737
gp_ehvi,18,34,0.3116825290810931,0.4618851158947737
gp_ehvi,18,35,0.3116825290810931,0.4618851158947737
gp_ehvi,18,36,0.3116825290810931,0.4618858314241784
gp_ehvi,18,37,0.3116825290810931,0.4642270065885749
gp_ehvi,18,38,0.3116825290810931,0.4642270065885749
gp_ehvi,18,39,0.3116825290810931,0.4642270065885749
gp_ehvi,18,40,0.3116825290810931,0.4642270065885749
gp_ehvi,18,41,0.3116825290810931,0.4661245688863877
gp_ehvi,18,42,0.3116825290810931,0.4661245688863877
gp_ehvi,18,43,0.3116825290810931,0.4661245688863877
gp_ehvi,18,44,0.3591703782490195,0.47250988265795046
gp_ehvi,18,45,0.3591703782490195,0.47474587950884617
gp_ehvi,18,46,0.3591703782490195,0.47544783775984134
gp_ehvi,18,47,0.3591703782490195,0.47969126197514844
gp_ehvi,18,48,0.3591703782490195,0.4975856716122885
gp_ehvi,18,49,0.3591703782490195,0.4975856716122885
gp_ehvi,18,50,0.3591703782490195,0.4980937593875846
gp_ehvi,18,51,0.3591703782490195,0.4991607443166083
gp_ehvi,18,52,0.3591703782490195,0.4991607443166083
gp_ehvi,18,53,0.3591703782490195,0.4991607443166083
gp_ehvi,18,54,0.3591703782490195,0.5002237048854135
gp_ehvi,18,55,0.3591703782490195,0.5004581943586903
gp_ehvi,18,56,0.3591703782490195,0.5004581943586903
gp_ehvi,18,57,0.3591703782490195,0.5200020578987232
gp_ehvi,19,32,0.3116825290810931,0.4618851158947737
gp_ehvi,19,33,0.3116825290810931,0.4618851158947737
gp_ehvi,19,34,0.3116825290810931,0.4618851158947737
gp_ehvi,19,35,0.3116825290810931,0.4618851158947737
gp_ehvi,19,36,0.3116825290810931,0.4642270065885749
gp_ehvi,19,37,0.3116825290810931,0.4642270065885749
gp_ehvi,19,38,0.3116825290810931,0.4642270065885749
gp_ehvi,19,39,0.3116825290810931,0.46508189812416645
gp_ehvi,19,40,0.3116825290810931,0.46508189812416645
gp_ehvi,19,41,0.3591703782490195,0.4716742539700841
gp_ehvi,19,42,0.3591703782490195,0.4723762122210793
gp_ehvi,19,43,0.3591703782490195,0.4920655415263032
gp_ehvi,19,44,0.3591703782490195,0.49451404607352634
gp_ehvi,19,45,0.3591703782490195,0.49451404607352634
gp_ehvi,19,46,0.3591703782490195,0.49451404607352634
gp_ehvi,19,47,0.3591703782490195,0.4958577625366889
gp_ehvi,19,48,0.3591703782490195,0.4980937593875846
gp_ehvi,19,49,0.3591703782490195,0.4980937593875846
gp_ehvi,19,50,0.3591703782490195,0.4980937593875846
gp_ehvi,19,51,0.3591703782490195,0.4980937593875846
gp_ehvi,19,52,0.3591703782490195,0.4991607443166083
gp_ehvi,19,53,0.3591703782490195,0.5002237048854135
gp_ehvi,19,54,0.3591703782490195,0.5002237048854135
gp_ehvi,19,55,0.3591703782490195,0.5004581943586903
gp_ehvi,19,56,0.3591703782490195,0.5200020578987232
gp_ehvi,19,57,0.3591703782490195,0.5200020578987232
gp_ehvi,20,32,0.3116825290810931,0.4618851158947737
gp_ehvi,20,33,0.3116825290810931,0.4618851158947737
gp_ehvi,20,34,0.3116825290810931,0.46294090573173086
gp_ehvi,20,35,0.3116825290810931,0.4642270065885749
gp_ehvi,20,36,0.3116825290810931,0.4642270065885749
gp_ehvi,20,37,0.3116825290810931,0.4642270065885749
gp_ehvi,20,38,0.3116825290810931,0.4642270065885749
gp_ehvi,20,39,0.3116825290810931,0.4642270065885749
gp_ehvi,20,40,0.3116825290810931,0.4642270065885749
gp_ehvi,20,41,0.3116825290810931,0.46508189812416645
gp_ehvi,20,42,0.3591703782490195,0.4716742539700841
gp_ehvi,20,43,0.3591703782490195,0.4716742539700841
gp_ehvi,20,44,0.3591703782490195,0.4716742539700841
gp_ehvi,20,45,0.3591703782490195,0.47301797043324656
gp_ehvi,20,46,0.3591703782490195,0.47371992868424173
gp_ehvi,20,47,0.3591703782490195,0.47796335289954883
gp_ehvi,20,48,0.3591703782490195,0.4958577625366889
gp_ehvi,20,49,0.3591703782490195,0.4958577625366889
gp_ehvi,20,50,0.3591703782490195,0.4980937593875846
gp_ehvi,20,51,0.3591703782490195,0.49832824886086147
gp_ehvi,20,52,0.3591703782490195,0.49832824886086147
gp_ehvi,20,53,0.3591703782490195,0.4993952337898851
gp_ehvi,20,54,0.3591703782490195,0.5004581943586903
gp_ehvi,20,55,0.3591703782490195,0.5004581943586903
gp_ehvi,20,56,0.3591703782490195,0.5004581943586903
gp_ehvi,20,57,0.3591703782490195,0.5200020578987232
gp_ehvi,21,32,0.3116825290810931,0.4618851158947737
gp_ehvi,21,33,0.3116825290810931,0.4618851158947737
gp_ehvi,21,34,0.3116825290810931,0.4618858314241784
gp_ehvi,21,35,0.3116825290810931,0.4618858314241784
gp_ehvi,21,36,0.3116825290810931,0.4642270065885749
gp_ehvi,21,37,0.3116825290810931,0.4642270065885749
gp_ehvi,21,38,0.3116825290810931,0.4642270065885749
gp_ehvi,21,39,0.3591703782490195,0.4708193624344925
gp_ehvi,21,40,0.3591703782490195,0.4708193624344925
gp_ehvi,21,41,0.3591703782490195,0.4715213206854877
gp_ehvi,21,42,0.3591703782490195,0.4715213206854877
gp_ehvi,21,43,0.3591703782490195,0.4912106499907116
gp_ehvi,21,44,0.3591703782490195,0.49365915453793485
gp_ehvi,21,45,0.3591703782490195,0.4953496747613927
gp_ehvi,21,46,0.3591703782490195,0.4975856716122885
gp_ehvi,21,47,0.3591703782490195,0.4975856716122885
gp_ehvi,21,48,0.3591703782490195,0.4975856716122885
gp_ehvi,21,49,0.3591703782490195,0.4975856716122885
gp_ehvi,21,50,0.3591703782490195,0.4975856716122885
gp_ehvi,21,51,0.3591703782490195,0.4975856716122885
gp_ehvi,21,52,0.3591703782490195,0.4986526565413121
gp_ehvi,21,53,0.3591703782490195,0.4991607443166083
gp_ehvi,21,54,0.3591703782490195,0.5002237048854135
gp_ehvi,21,55,0.3591703782490195,0.5004581943586903
gp_ehvi,21,56,0.3591703782490195,0.5004581943586903
gp_ehvi,21,57,0.3591703782490195,0.5200020578987232
gp_ehvi,22,32,0.3116825290810931,0.4618851158947737
gp_ehvi,22,33,0.3116825290810931,0.4618851158947737
gp_ehvi,22,34,0.3116825290810931,0.4618851158947737
gp_ehvi,22,35,0.3116825290810931,0.4618851158947737
gp_ehvi,22,36,0.3116825290810931,0.4618858314241784
gp_ehvi,22,37,0.3116825290810931,0.4618858314241784
gp_ehvi,22,38,0.3116825290810931,0.4627407229597699
gp_ehvi,22,39,0.3116825290810931,0.46508189812416645
gp_ehvi,22,40,0.3591703782490195,0.4716742539700841
gp_ehvi,22,41,0.3591703782490195,0.4716742539700841
gp_ehvi,22,42,0.3591703782490195,0.4716742539700841
gp_ehvi,22,43,0.3591703782490195,0.4723762122210793
gp_ehvi,22,44,0.3591703782490195,0.4766196364363863
gp_ehvi,22,45,0.3591703782490195,0.49451404607352634
gp_ehvi,22,46,0.3591703782490195,0.49451404607352634
gp_ehvi,22,47,0.3591703782490195,0.4958577625366889
gp_ehvi,22,48,0.3591703782490195,0.4980937593875846
gp_ehvi,22,49,0.3591703782490195,0.4980937593875846
gp_ehvi,22,50,0.3591703782490195,0.4980937593875846
gp_ehvi,22,51,0.3591703782490195,0.49832824886086147
gp_ehvi,22,52,0.3591703782490195,0.49832824886086147
gp_ehvi,22,53,0.3591703782490195,0.49832824886086147
gp_ehvi,22,54,0.3591703782490195,0.4993952337898851
gp_ehvi,22,55,0.3591703782490195,0.5004581943586903
gp_ehvi,22,56,0.3591703782490195,0.5200020578987232
gp_ehvi,22,57,0.3591703782490195,0.5200020578987232
gp_ehvi,23,32,0.3116825290810931,0.4618851158947737
gp_ehvi,23,33,0.3116825290810931,0.4618851158947737
gp_ehvi,23,34,0.3116825290810931,0.4618858314241784
gp_ehvi,23,35,0.3116825290810931,0.4618858314241784
gp_ehvi,23,36,0.3116825290810931,0.4633056404943281
gp_ehvi,23,37,0.3116825290810931,0.4656468156587247
gp_ehvi,23,38,0.3116825290810931,0.4656468156587247
gp_ehvi,23,39,0.3116825290810931,0.4656468156587247
gp_ehvi,23,40,0.3116825290810931,0.4656468156587247
gp_ehvi,23,41,0.3116825290810931,0.4665017071943162
gp_ehvi,23,42,0.3116825290810931,0.4665017071943162
gp_ehvi,23,43,0.3116825290810931,0.4665017071943162
gp_ehvi,23,44,0.3591703782490195,0.4730940630402338
gp_ehvi,23,45,0.3591703782490195,0.4773374872555409
gp_ehvi,23,46,0.3591703782490195,0.4780394455065361
gp_ehvi,23,47,0.3591703782490195,0.49593385514367616
gp_ehvi,23,48,0.3591703782490195,0.49593385514367616
gp_ehvi,23,49,0.3591703782490195,0.4972775716068386
gp_ehvi,23,50,0.3591703782490195,0.4991567199563899
gp_ehvi,23,51,0.3591703782490195,0.4993912094296667
gp_ehvi,23,52,0.3591703782490195,0.4993912094296667
gp_ehvi,23,53,0.3591703782490195,0.4993912094296667
gp_ehvi,23,54,0.3591703782490195,0.4993912094296667
gp_ehvi,23,55,0.3591703782490195,0.5004581943586903
gp_ehvi,23,56,0.3591703782490195,0.5004581943586903
gp_ehvi,23,57,0.3591703782490195,0.5200020578987232
gp_ehvi,24,32,0.3116825290810931,0.4618851158947737
gp_ehvi,24,33,0.3116825290810931,0.4618851158947737
gp_ehvi,24,34,0.3116825290810931,0.46294090573173086
gp_ehvi,24,35,0.3116825290810931,0.46294090573173086
gp_ehvi,24,36,0.3116825290810931,0.4642270065885749
gp_ehvi,24,37,0.3116825290810931,0.4656468156587247
gp_ehvi,24,38,0.3116825290810931,0.4656468156587247
gp_ehvi,24,39,0.3116825290810931,0.4656468156587247
gp_ehvi,24,40,0.3116825290810931,0.4656468156587247
gp_ehvi,24,41,0.3116825290810931,0.4656468156587247
gp_ehvi,24,42,0.3116825290810931,0.46754437795653747
gp_ehvi,24,43,0.3116825290810931,0.46754437795653747
gp_ehvi,24,44,0.3591703782490195,0.4739296917281002
gp_ehvi,24,45,0.3591703782490195,0.4739296917281002
gp_ehvi,24,46,0.3591703782490195,0.4739296917281002
gp_ehvi,24,47,0.3591703782490195,0.4744377795033964
gp_ehvi,24,48,0.3591703782490195,0.47513973775439156
gp_ehvi,24,49,0.3591703782490195,0.47938316196969855
gp_ehvi,24,50,0.3591703782490195,0.47938316196969855
gp_ehvi,24,51,0.3591703782490195,0.4972775716068386
gp_ehvi,24,52,0.3591703782490195,0.4991567199563899
gp_ehvi,24,53,0.3591703782490195,0.4993912094296667
gp_ehvi,24,54,0.3591703782490195,0.4993912094296667
gp_ehvi,24,55,0.3591703782490195,0.5004581943586903
gp_ehvi,24,56,0.3591703782490195,0.5004581943586903
gp_ehvi,24,57,0.3591703782490195,0.5200020578987232
gp_ehvi,25,32,0.3116825290810931,0.4618851158947737
gp_ehvi,25,33,0.3116825290810931,0.4618851158947737
gp_ehvi,25,34,0.3116825290810931,0.4618851158947737
gp_ehvi,25,35,0.3116825290810931,0.4618858314241784
gp_ehvi,25,36,0.3116825290810931,0.4642270065885749
gp_ehvi,25,37,0.3116825290810931,0.4642270065885749
gp_ehvi,25,38,0.3116825290810931,0.4642270065885749
gp_ehvi,25,39,0.3116825290810931,0.46508189812416645
gp_ehvi,25,40,0.3591703782490195,0.4716742539700841
gp_ehvi,25,41,0.3591703782490195,0.4716742539700841
gp_ehvi,25,42,0.3591703782490195,0.4723762122210793
gp_ehvi,25,43,0.3591703782490195,0.4766196364363863
gp_ehvi,25,44,0.3591703782490195,0.49451404607352634
gp_ehvi,25,45,0.3591703782490195,0.49451404607352634
gp_ehvi,25,46,0.3591703782490195,0.49451404607352634
gp_ehvi,25,47,0.3591703782490195,0.4958577625366889
gp_ehvi,25,48,0.3591703782490195,0.4958577625366889
gp_ehvi,25,49,0.3591703782490195,0.4980937593875846
gp_ehvi,25,50,0.3591703782490195,0.49832824886086147
gp_ehvi,25,51,0.3591703782490195,0.4993912094296667
gp_ehvi,25,52,0.3591703782490195,0.4993912094296667
gp_ehvi,25,53,0.3591703782490195,0.4993912094296667
gp_ehvi,25,54,0.3591703782490195,0.4993912094296667
gp_ehvi,25,55,0.3591703782490195,0.5004581943586903
gp_ehvi,25,56,0.3591703782490195,0.5004581943586903
gp_ehvi,25,57,0.3591703782490195,0.5200020578987232
gp_ehvi,26,32,0.3116825290810931,0.4618851158947737
gp_ehvi,26,33,0.3116825290810931,0.4618851158947737
gp_ehvi,26,34,0.3116825290810931,0.4633049249649235
gp_ehvi,26,35,0.3116825290810931,0.4633056404943281
gp_ehvi,26,36,0.3116825290810931,0.4643607148018806
gp_ehvi,26,37,0.3116825290810931,0.4656468156587247
gp_ehvi,26,38,0.3116825290810931,0.4656468156587247
gp_ehvi,26,39,0.3116825290810931,0.4656468156587247
gp_ehvi,26,40,0.3116825290810931,0.4656468156587247
gp_ehvi,26,41,0.3116825290810931,0.4656468156587247
gp_ehvi,26,42,0.3116825290810931,0.4665017071943162
gp_ehvi,26,43,0.3116825290810931,0.4665017071943162
gp_ehvi,26,44,0.3116825290810931,0.4665017071943162
gp_ehvi,26,45,0.3116825290810931,0.4680524657318336
gp_ehvi,26,46,0.3116825290810931,0.4680524657318336
gp_ehvi,26,47,0.3591703782490195,0.4744377795033964
gp_ehvi,26,48,0.3591703782490195,0.4744377795033964
gp_ehvi,26,49,0.3591703782490195,0.4786812037187035
gp_ehvi,26,50,0.3591703782490195,0.47938316196969855
gp_ehvi,26,51,0.3591703782490195,0.4972775716068386
gp_ehvi,26,52,0.3591703782490195,0.4972775716068386
gp_ehvi,26,53,0.3591703782490195,0.4991567199563899
gp_ehvi,26,54,0.3591703782490195,0.5002237048854135
gp_ehvi,26,55,0.3591703782490195,0.5004581943586903
gp_ehvi,26,56,0.3591703782490195,0.5004581943586903
gp_ehvi,26,57,0.3591703782490195,0.5200020578987232
gp_ehvi,27,32,0.3116825290810931,0.4618851158947737
gp_ehvi,27,33,0.3116825290810931,0.4618851158947737
gp_ehvi,27,34,0.3116825290810931,0.4633049249649235
gp_ehvi,27,35,0.3116825290810931,0.4633049249649235
gp_ehvi,27,36,0.3116825290810931,0.4643607148018806
gp_ehvi,27,37,0.3116825290810931,0.4656468156587247
gp_ehvi,27,38,0.3116825290810931,0.4656468156587247
gp_ehvi,27,39,0.3116825290810931,0.4656468156587247
gp_ehvi,27,40,0.3116825290810931,0.4656468156587247
gp_ehvi,27,41,0.3116825290810931,0.4656468156587247
gp_ehvi,27,42,0.3116825290810931,0.46754437795653747
gp_ehvi,27,43,0.3116825290810931,0.46754437795653747
gp_ehvi,27,44,0.3116825290810931,0.46754437795653747
gp_ehvi,27,45,0.3116825290810931,0.4680524657318336
gp_ehvi,27,46,0.3591703782490195,0.4744377795033964
gp_ehvi,27,47,0.3591703782490195,0.4786812037187035
gp_ehvi,27,48,0.3591703782490195,0.47938316196969855
gp_ehvi,27,49,0.3591703782490195,0.47938316196969855
gp_ehvi,27,50,0.3591703782490195,0.4972775716068386
gp_ehvi,27,51,0.3591703782490195,0.4975120610801155
gp_ehvi,27,52,0.3591703782490195,0.4975120610801155
gp_ehvi,27,53,0.3591703782490195,0.4975120610801155
gp_ehvi,27,54,0.3591703782490195,0.4993912094296667
gp_ehvi,27,55,0.3591703782490195,0.5004581943586903
gp_ehvi,27,56,0.3591703782490195,0.5004581943586903
gp_ehvi,27,57,0.3591703782490195,0.5200020578987232
gp_ehvi,28,32,0.3116825290810931,0.4618851158947737
gp_ehvi,28,33,0.3116825290810931,0.4618851158947737
gp_ehvi,28,34,0.3116825290810931,0.46294090573173086
gp_ehvi,28,35,0.3116825290810931,0.46294090573173086
gp_ehvi,28,36,0.3116825290810931,0.4642270065885749
gp_ehvi,28,37,0.3116825290810931,0.4642270065885749
gp_ehvi,28,38,0.3116825290810931,0.4642270065885749
gp_ehvi,28,39,0.3116825290810931,0.4642270065885749
gp_ehvi,28,40,0.3591703782490195,0.4708193624344925
gp_ehvi,28,41,0.3591703782490195,0.47250988265795046
gp_ehvi,28,42,0.3591703782490195,0.47250988265795046
gp_ehvi,28,43,0.3591703782490195,0.47250988265795046
gp_ehvi,28,44,0.3591703782490195,0.47474587950884617
gp_ehvi,28,45,0.3591703782490195,0.47474587950884617
gp_ehvi,28,46,0.3591703782490195,0.480521555958052
gp_ehvi,28,47,0.3591703782490195,0.4812235142090471
gp_ehvi,28,48,0.3591703782490195,0.4826705056081365
gp_ehvi,28,49,0.3591703782490195,0.4986526565413121
gp_ehvi,28,50,0.3591703782490195,0.4986526565413121
gp_ehvi,28,51,0.3591703782490195,0.4991607443166083
gp_ehvi,28,52,0.3591703782490195,0.4991607443166083
gp_ehvi,28,53,0.3591703782490195,0.4991607443166083
gp_ehvi,28,54,0.3591703782490195,0.4993952337898851
gp_ehvi,28,55,0.3591703782490195,0.5004581943586903
gp_ehvi,28,56,0.3591703782490195,0.5004581943586903
gp_ehvi,28,57,0.3591703782490195,0.5200020578987232
gp_ehvi,29,32,0.3116825290810931,0.4618851158947737
gp_ehvi,29,33,0.3116825290810931,0.4618851158947737
gp_ehvi,29,34,0.3116825290810931,0.4633049249649235
gp_ehvi,29,35,0.3116825290810931,0.4633056404943281
gp_ehvi,29,36,0.3116825290810931,0.4643607148018806
gp_ehvi,29,37,0.3116825290810931,0.4656468156587247
gp_ehvi,29,38,0.3116825290810931,0.4656468156587247
gp_ehvi,29,39,0.3116825290810931,0.4656468156587247
gp_ehvi,29,40,0.3116825290810931,0.4656468156587247
gp_ehvi,29,41,0.3116825290810931,0.4656468156587247
gp_ehvi,29,42,0.3116825290810931,0.46754437795653747
gp_ehvi,29,43,0.3116825290810931,0.46754437795653747
gp_ehvi,29,44,0.3116825290810931,0.46754437795653747
gp_ehvi,29,45,0.3591703782490195,0.4739296917281002
gp_ehvi,29,46,0.3591703782490195,0.4739296917281002
gp_ehvi,29,47,0.3591703782490195,0.4744377795033964
gp_ehvi,29,48,0.3591703782490195,0.4786812037187035
gp_ehvi,29,49,0.3591703782490195,0.47938316196969855
gp_ehvi,29,50,0.3591703782490195,0.4972775716068386
gp_ehvi,29,51,0.3591703782490195,0.4972775716068386
gp_ehvi,29,52,0.3591703782490195,0.4991567199563899
gp_ehvi,29,53,0.3591703782490195,0.4993912094296667
gp_ehvi,29,54,0.3591703782490195,0.4993912094296667
gp_ehvi,29,55,0.3591703782490195,0.5004581943586903
gp_ehvi,29,56,0.3591703782490195,0.5200020578987232
gp_ehvi,29,57,0.3591703782490195,0.5200020578987232
gp_ehvi,30,32,0.3116825290810931,0.4618851158947737
gp_ehvi,30,33,0.3116825290810931,0.4618851158947737
gp_ehvi,30,34,0.3116825290810931,0.46294090573173086
gp_ehvi,30,35,0.3116825290810931,0.46294090573173086
gp_ehvi,30,36,0.3116825290810931,0.4642270065885749
gp_ehvi,30,37,0.3116825290810931,0.4642270065885749
gp_ehvi,30,38,0.3116825290810931,0.4656468156587247
gp_ehvi,30,39,0.3116825290810931,0.4656468156587247
gp_ehvi,30,40,0.3116825290810931,0.46754437795653747
gp_ehvi,30,41,0.3116825290810931,0.46754437795653747
gp_ehvi,30,42,0.3591703782490195,0.4739296917281002
gp_ehvi,30,43,0.3591703782490195,0.4739296917281002
gp_ehvi,30,44,0.3591703782490195,0.4739296917281002
gp_ehvi,30,45,0.3591703782490195,0.4739296917281002
gp_ehvi,30,46,0.3591703782490195,0.47463164997909535
gp_ehvi,30,47,0.3591703782490195,0.47887507419440245
gp_ehvi,30,48,0.3591703782490195,0.4967694838315425
gp_ehvi,30,49,0.3591703782490195,0.4967694838315425
gp_ehvi,30,50,0.3591703782490195,0.4972775716068386
gp_ehvi,30,51,0.3591703782490195,0.4972775716068386
gp_ehvi,30,52,0.3591703782490195,0.4991567199563899
gp_ehvi,30,53,0.3591703782490195,0.4991567199563899
gp_ehvi,30,54,0.3591703782490195,0.5002237048854135
gp_ehvi,30,55,0.3591703782490195,0.5004581943586903
gp_ehvi,30,56,0.3591703782490195,0.5200020578987232
gp_ehvi,30,57,0.3591703782490195,0.5200020578987232
gp_ehvi,31,32,0.3116825290810931,0.4618851158947737
gp_ehvi,31,33,0.3116825290810931,0.4618851158947737
gp_ehvi,31,34,0.3116825290810931,0.4618851158947737
gp_ehvi,31,35,0.3116825290810931,0.46294090573173086
gp_ehvi,31,36,0.3116825290810931,0.46294090573173086
gp_ehvi,31,37,0.3116825290810931,0.4642270065885749
gp_ehvi,31,38,0.3116825290810931,0.4642270065885749
gp_ehvi,31,39,0.3116825290810931,0.4642270065885749
gp_ehvi,31,40,0.3116825290810931,0.4661245688863877
gp_ehvi,31,41,0.3116825290810931,0.4661245688863877
gp_ehvi,31,42,0.3116825290810931,0.4661245688863877
gp_ehvi,31,43,0.3116825290810931,0.4661245688863877
gp_ehvi,31,44,0.3591703782490195,0.47250988265795046
gp_ehvi,31,45,0.3591703782490195,0.47675330687325757
gp_ehvi,31,46,0.3591703782490195,0.4774552651242526
gp_ehvi,31,47,0.3591703782490195,0.4774552651242526
gp_ehvi,31,48,0.3591703782490195,0.4774552651242526
gp_ehvi,31,49,0.3591703782490195,0.4953496747613927
gp_ehvi,31,50,0.3591703782490195,0.4958577625366889
gp_ehvi,31,51,0.3591703782490195,0.4980937593875846
gp_ehvi,31,52,0.3591703782490195,0.4991607443166083
gp_ehvi,31,53,0.3591703782490195,0.5002237048854135
gp_ehvi,31,54,0.3591703782490195,0.5002237048854135
gp_ehvi,31,55,0.3591703782490195,0.5004581943586903
gp_ehvi,31,56,0.3591703782490195,0.5004581943586903
gp_ehvi,31,57,0.3591703782490195,0.5200020578987232
gp_ehvi,32,32,0.3116825290810931,0.4618851158947737
gp_ehvi,32,33,0.3116825290810931,0.4618851158947737
gp_ehvi,32,34,0.3116825290810931,0.4633049249649235
gp_ehvi,32,35,0.3116825290810931,0.4633049249649235
gp_ehvi,32,36,0.3116825290810931,0.4633049249649235
gp_ehvi,32,37,0.3116825290810931,0.4656468156587247
gp_ehvi,32,38,0.3116825290810931,0.4656468156587247
gp_ehvi,32,39,0.3116825290810931,0.4656468156587247
gp_ehvi,32,40,0.3116825290810931,0.4656468156587247
gp_ehvi,32,41,0.3116825290810931,0.4665017071943162
gp_ehvi,32,42,0.3116825290810931,0.4665017071943162
gp_ehvi,32,43,0.3116825290810931,0.4665017071943162
gp_ehvi,32,44,0.3116825290810931,0.4707451314096233
gp_ehvi,32,45,0.3116825290810931,0.47144708966061843
gp_ehvi,32,46,0.3116825290810931,0.4893414992977585
gp_ehvi,32,47,0.3116825290810931,0.4893414992977585
gp_ehvi,32,48,0.3116825290810931,0.4908922578352759
gp_ehvi,32,49,0.3591703782490195,0.4972775716068386
gp_ehvi,32,50,0.3591703782490195,0.4991567199563899
gp_ehvi,32,51,0.3591703782490195,0.4993912094296667
gp_ehvi,32,52,0.3591703782490195,0.4993912094296667
gp_ehvi,32,53,0.3591703782490195,0.4993912094296667
gp_ehvi,32,54,0.3591703782490195,0.4993912094296667
gp_ehvi,32,55,0.3591703782490195,0.5004581943586903
gp_ehvi,32,56,0.3591703782490195,0.5004581943586903
gp_ehvi,32,57,0.3591703782490195,0.5200020578987232
gp_ehvi,33,32,0.3116825290810931,0.4618851158947737
gp_ehvi,33,33,0.3116825290810931,0.4618851158947737
gp_ehvi,33,34,0.3116825290810931,0.4618851158947737
gp_ehvi,33,35,0.3116825290810931,0.4618851158947737
gp_ehvi,33,36,0.3116825290810931,0.4618858314241784
gp_ehvi,33,37,0.3116825290810931,0.4642270065885749
gp_ehvi,33,38,0.3116825290810931,0.4642270065885749
gp_ehvi,33,39,0.3116825290810931,0.4642270065885749
gp_ehvi,33,40,0.3116825290810931,0.4661245688863877
gp_ehvi,33,41,0.3591703782490195,0.47250988265795046
gp_ehvi,33,42,0.3591703782490195,0.47675330687325757
gp_ehvi,33,43,0.3591703782490195,0.4774552651242526
gp_ehvi,33,44,0.3591703782490195,0.4774552651242526
gp_ehvi,33,45,0.3591703782490195,0.4774552651242526
gp_ehvi,33,46,0.3591703782490195,0.4953496747613927
gp_ehvi,33,47,0.3591703782490195,0.4953496747613927
gp_ehvi,33,48,0.3591703782490195,0.4975856716122885
gp_ehvi,33,49,0.3591703782490195,0.4975856716122885
gp_ehvi,33,50,0.3591703782490195,0.4975856716122885
gp_ehvi,33,51,0.3591703782490195,0.4975856716122885
gp_ehvi,33,52,0.3591703782490195,0.4986526565413121
gp_ehvi,33,53,0.3591703782490195,0.4991607443166083
gp_ehvi,33,54,0.3591703782490195,0.5002237048854135
gp_ehvi,33,55,0.3591703782490195,0.5004581943586903
gp_ehvi,33,56,0.3591703782490195,0.5200020578987232
gp_ehvi,33,57,0.3591703782490195,0.5200020578987232
gp_ehvi,34,32,0.3116825290810931,0.4618851158947737
gp_ehvi,34,33,0.3116825290810931,0.4618851158947737
gp_ehvi,34,34,0.3116825290810931,0.46294090573173086
gp_ehvi,34,35,0.3116825290810931,0.46294090573173086
gp_ehvi,34,36,0.3116825290810931,0.4642270065885749
gp_ehvi,34,37,0.3116825290810931,0.4642270065885749
gp_ehvi,34,38,0.3116825290810931,0.4656468156587247
gp_ehvi,34,39,0.3116825290810931,0.4656468156587247
gp_ehvi,34,40,0.3116825290810931,0.46754437795653747
gp_ehvi,34,41,0.3116825290810931,0.46754437795653747
gp_ehvi,34,42,0.3116825290810931,0.46754437795653747
gp_ehvi,34,43,0.3116825290810931,0.46754437795653747
gp_ehvi,34,44,0.3591703782490195,0.4739296917281002
gp_ehvi,34,45,0.3591703782490195,0.4739296917281002
gp_ehvi,34,46,0.3591703782490195,0.47463164997909535
gp_ehvi,34,47,0.3591703782490195,0.47887507419440245
gp_ehvi,34,48,0.3591703782490195,0.4967694838315425
gp_ehvi,34,49,0.3591703782490195,0.4967694838315425
gp_ehvi,34,50,0.3591703782490195,0.4972775716068386
gp_ehvi,34,51,0.3591703782490195,0.4972775716068386
gp_ehvi,34,52,0.3591703782490195,0.4991567199563899
gp_ehvi,34,53,0.3591703782490195,0.5002237048854135
gp_ehvi,34,54,0.3591703782490195,0.5002237048854135
gp_ehvi,34,55,0.3591703782490195,0.5004581943586903
gp_ehvi,34,56,0.3591703782490195,0.5200020578987232
gp_ehvi,34,57,0.3591703782490195,0.5200020578987232
gp_ehvi,35,32,0.3116825290810931,0.4618851158947737
gp_ehvi,35,33,0.3116825290810931,0.4618851158947737
gp_ehvi,35,34,0.3116825290810931,0.46294090573173086
gp_ehvi,35,35,0.3116825290810931,0.46294090573173086
gp_ehvi,35,36,0.3116825290810931,0.4642270065885749
gp_ehvi,35,37,0.3116825290810931,0.4642270065885749
gp_ehvi,35,38,0.3116825290810931,0.4642270065885749
gp_ehvi,35,39,0.3116825290810931,0.4642270065885749
gp_ehvi,35,40,0.3591703782490195,0.4708193624344925
gp_ehvi,35,41,0.3591703782490195,0.47250988265795046
gp_ehvi,35,42,0.3591703782490195,0.47250988265795046
gp_ehvi,35,43,0.3591703782490195,0.47250988265795046
gp_ehvi,35,44,0.3591703782490195,0.47474587950884617
gp_ehvi,35,45,0.3591703782490195,0.47474587950884617
gp_ehvi,35,46,0.3591703782490195,0.480521555958052
gp_ehvi,35,47,0.3591703782490195,0.4812235142090471
gp_ehvi,35,48,0.3591703782490195,0.4826705056081365
gp_ehvi,35,49,0.3591703782490195,0.4986526565413121
gp_ehvi,35,50,0.3591703782490195,0.4986526565413121
gp_ehvi,35,51,0.3591703782490195,0.4991607443166083
gp_ehvi,35,52,0.3591703782490195,0.4991607443166083
gp_ehvi,35,53,0.3591703782490195,0.4991607443166083
gp_ehvi,35,54,0.3591703782490195,0.5002237048854135
gp_ehvi,35,55,0.3591703782490195,0.5004581943586903
gp_ehvi,35,56,0.3591703782490195,0.5200020578987232
gp_ehvi,35,57,0.3591703782490195,0.5200020578987232
gp_ehvi,36,32,0.3116825290810931,0.4618851158947737
gp_ehvi,36,33,0.3116825290810931,0.4618851158947737
gp_ehvi,36,34,0.3116825290810931,0.46294090573173086
gp_ehvi,36,35,0.3116825290810931,0.46294090573173086
gp_ehvi,36,36,0.3116825290810931,0.4642270065885749
gp_ehvi,36,37,0.3116825290810931,0.4642270065885749
gp_ehvi,36,38,0.3116825290810931,0.4656468156587247
gp_ehvi,36,39,0.3116825290810931,0.4656468156587247
gp_ehvi,36,40,0.3116825290810931,0.46754437795653747
gp_ehvi,36,41,0.3116825290810931,0.46754437795653747
gp_ehvi,36,42,0.3116825290810931,0.46754437795653747
gp_ehvi,36,43,0.3116825290810931,0.46754437795653747
gp_ehvi,36,44,0.3591703782490195,0.4739296917281002
gp_ehvi,36,45,0.3591703782490195,0.4739296917281002
gp_ehvi,36,46,0.3591703782490195,0.4744377795033964
gp_ehvi,36,47,0.3591703782490195,0.47513973775439156
gp_ehvi,36,48,0.3591703782490195,0.47938316196969855
gp_ehvi,36,49,0.3591703782490195,0.4972775716068386
gp_ehvi,36,50,0.3591703782490195,0.4972775716068386
gp_ehvi,36,51,0.3591703782490195,0.4991567199563899
gp_ehvi,36,52,0.3591703782490195,0.4993912094296667
gp_ehvi,36,53,0.3591703782490195,0.4993912094296667
gp_ehvi,36,54,0.3591703782490195,0.4993912094296667
gp_ehvi,36,55,0.3591703782490195,0.5004581943586903
gp_ehvi,36,56,0.3591703782490195,0.5004581943586903
gp_ehvi,36,57,0.3591703782490195,0.5200020578987232
gp_ehvi,37,32,0.3116825290810931,0.4618851158947737
gp_ehvi,37,33,0.3116825290810931,0.4618851158947737
gp_ehvi,37,34,0.3116825290810931,0.46294090573173086
gp_ehvi,37,35,0.3116825290810931,0.46294090573173086
gp_ehvi,37,36,0.3116825290810931,0.4642270065885749
gp_ehvi,37,37,0.3116825290810931,0.4642270065885749
gp_ehvi,37,38,0.3116825290810931,0.4656468156587247
gp_ehvi,37,39,0.3116825290810931,0.4656468156587247
gp_ehvi,37,40,0.3591703782490195,0.47223917150464234
gp_ehvi,37,41,0.3591703782490195,0.4730940630402338
gp_ehvi,37,42,0.3591703782490195,0.4730940630402338
gp_ehvi,37,43,0.3591703782490195,0.4730940630402338
gp_ehvi,37,44,0.3591703782490195,0.4730940630402338
gp_ehvi,37,45,0.3591703782490195,0.4730940630402338
gp_ehvi,37,46,0.3591703782490195,0.4744377795033964
gp_ehvi,37,47,0.3591703782490195,0.47513973775439156
gp_ehvi,37,48,0.3591703782490195,0.4948290670596155
gp_ehvi,37,49,0.3591703782490195,0.4972775716068386
gp_ehvi,37,50,0.3591703782490195,0.4972775716068386
gp_ehvi,37,51,0.3591703782490195,0.4991567199563899
gp_ehvi,37,52,0.3591703782490195,0.4993912094296667
gp_ehvi,37,53,0.3591703782490195,0.4993912094296667
gp_ehvi,37,54,0.3591703782490195,0.5004581943586903
gp_ehvi,37,55,0.3591703782490195,0.5004581943586903
gp_ehvi,37,56,0.3591703782490195,0.5200020578987232
gp_ehvi,37,57,0.3591703782490195,0.5200020578987232
gp_ehvi,38,32,0.3116825290810931,0.4618851158947737
gp_ehvi,38,33,0.3116825290810931,0.4618851158947737
gp_ehvi,38,34,0.3116825290810931,0.4618851158947737
gp_ehvi,38,35,0.3116825290810931,0.4618851158947737
gp_ehvi,38,36,0.3116825290810931,0.4642270065885749
gp_ehvi,38,37,0.3116825290810931,0.4642270065885749
gp_ehvi,38,38,0.3116825290810931,0.4642270065885749
gp_ehvi,38,39,0.3116825290810931,0.46508189812416645
gp_ehvi,38,40,0.3116825290810931,0.46508189812416645
gp_ehvi,38,41,0.3591703782490195,0.4716742539700841
gp_ehvi,38,42,0.3591703782490195,0.4723762122210793
gp_ehvi,38,43,0.3591703782490195,0.4766196364363863
gp_ehvi,38,44,0.3591703782490195,0.49451404607352634
gp_ehvi,38,45,0.3591703782490195,0.49451404607352634
gp_ehvi,38,46,0.3591703782490195,0.49451404607352634
gp_ehvi,38,47,0.3591703782490195,0.4958577625366889
gp_ehvi,38,48,0.3591703782490195,0.4980937593875846
gp_ehvi,38,49,0.3591703782490195,0.49832824886086147
gp_ehvi,38,50,0.3591703782490195,0.49832824886086147
gp_ehvi,38,51,0.3591703782490195,0.49832824886086147
gp_ehvi,38,52,0.3591703782490195,0.49832824886086147
gp_ehvi,38,53,0.3591703782490195,0.4993952337898851
gp_ehvi,38,54,0.3591703782490195,0.4993952337898851
gp_ehvi,38,55,0.3591703782490195,0.5004581943586903
gp_ehvi,38,56,0.3591703782490195,0.5200020578987232
gp_ehvi,38,57,0.3591703782490195,0.5200020578987232
gp_ehvi,39,32,0.3116825290810931,0.4618851158947737
gp_ehvi,39,33,0.3116825290810931,0.4618851158947737
gp_ehvi,39,34,0.3116825290810931,0.46294090573173086
gp_ehvi,39,35,0.3116825290810931,0.46294090573173086
gp_ehvi,39,36,0.3116825290810931,0.4642270065885749
gp_ehvi,39,37,0.3116825290810931,0.4642270065885749
gp_ehvi,39,38,0.3116825290810931,0.4656468156587247
gp_ehvi,39,39,0.3116825290810931,0.4656468156587247
gp_ehvi,39,40,0.3116825290810931,0.46754437795653747
gp_ehvi,39,41,0.3116825290810931,0.46754437795653747
gp_ehvi,39,42,0.3591703782490195,0.4739296917281002
gp_ehvi,39,43,0.3591703782490195,0.4739296917281002
gp_ehvi,39,44,0.3591703782490195,0.4739296917281002
gp_ehvi,39,45,0.3591703782490195,0.4739296917281002
gp_ehvi,39,46,0.3591703782490195,0.4744377795033964
gp_ehvi,39,47,0.3591703782490195,0.47513973775439156
gp_ehvi,39,48,0.3591703782490195,0.47938316196969855
gp_ehvi,39,49,0.3591703782490195,0.4972775716068386
gp_ehvi,39,50,0.3591703782490195,0.4972775716068386
gp_ehvi,39,51,0.3591703782490195,0.4991567199563899
gp_ehvi,39,52,0.3591703782490195,0.4993912094296667
gp_ehvi,39,53,0.3591703782490195,0.4993912094296667
gp_ehvi,39,54,0.3591703782490195,0.4993912094296667
gp_ehvi,39,55,0.3591703782490195,0.5004581943586903
gp_ehvi,39,56,0.3591703782490195,0.5200020578987232
gp_ehvi,39,57,0.3591703782490195,0.5200020578987232
gp_ehvi,40,32,0.3116825290810931,0.4618851158947737
gp_ehvi,40,33,0.3116825290810931,0.4618851158947737
gp_ehvi,40,34,0.3116825290810931,0.4618851158947737
gp_ehvi,40,35,0.3116825290810931,0.4618851158947737
gp_ehvi,40,36,0.3116825290810931,0.4642270065885749
gp_ehvi,40,37,0.3116825290810931,0.4642270065885749
gp_ehvi,40,38,0.3116825290810931,0.4642270065885749
gp_ehvi,40,39,0.3116825290810931,0.46508189812416645
gp_ehvi,40,40,0.3116825290810931,0.46508189812416645
gp_ehvi,40,41,0.3591703782490195,0.4716742539700841
gp_ehvi,40,42,0.3591703782490195,0.4723762122210793
gp_ehvi,40,43,0.3591703782490195,0.4766196364363863
gp_ehvi,40,44,0.3591703782490195,0.49451404607352634
gp_ehvi,40,45,0.3591703782490195,0.49451404607352634
gp_ehvi,40,46,0.3591703782490195,0.49451404607352634
gp_ehvi,40,47,0.3591703782490195,0.4958577625366889
gp_ehvi,40,48,0.3591703782490195,0.4980937593875846
gp_ehvi,40,49,0.3591703782490195,0.4980937593875846
gp_ehvi,40,50,0.3591703782490195,0.4980937593875846
gp_ehvi,40,51,0.3591703782490195,0.49832824886086147
gp_ehvi,40,52,0.3591703782490195,0.49832824886086147
gp_ehvi,40,53,0.3591703782490195,0.49832824886086147
gp_ehvi,40,54,0.3591703782490195,0.4993952337898851
gp_ehvi,40,55,0.3591703782490195,0.5004581943586903
gp_ehvi,40,56,0.3591703782490195,0.5200020578987232
gp_ehvi,40,57,0.3591703782490195,0.5200020578987232
gp_ehvi,41,32,0.3116825290810931,0.4618851158947737
gp_ehvi,41,33,0.3116825290810931,0.4618851158947737
gp_ehvi,41,34,0.3116825290810931,0.46294090573173086
gp_ehvi,41,35,0.3116825290810931,0.46294090573173086
gp_ehvi,41,36,0.3116825290810931,0.4642270065885749
gp_ehvi,41,37,0.3116825290810931,0.4642270065885749
gp_ehvi,41,38,0.3116825290810931,0.4642270065885749
gp_ehvi,41,39,0.3116825290810931,0.4642270065885749
gp_ehvi,41,40,0.3116825290810931,0.46508189812416645
gp_ehvi,41,41,0.3116825290810931,0.46508189812416645
gp_ehvi,41,42,0.3591703782490195,0.4716742539700841
gp_ehvi,41,43,0.3591703782490195,0.4716742539700841
gp_ehvi,41,44,0.3591703782490195,0.4716742539700841
gp_ehvi,41,45,0.3591703782490195,0.47301797043324656
gp_ehvi,41,46,0.3591703782490195,0.4752539672841424
gp_ehvi,41,47,0.3591703782490195,0.4810296437333481
gp_ehvi,41,48,0.3591703782490195,0.4820926043021534
gp_ehvi,41,49,0.3591703782490195,0.48279456255314845
gp_ehvi,41,50,0.3591703782490195,0.48279456255314845
gp_ehvi,41,51,0.3591703782490195,0.4842415539522379
gp_ehvi,41,52,0.3591703782490195,0.5002237048854135
gp_ehvi,41,53,0.3591703782490195,0.5004581943586903
gp_ehvi,41,54,0.3591703782490195,0.5004581943586903
gp_ehvi,41,55,0.3591703782490195,0.5004581943586903
gp_ehvi,41,56,0.3591703782490195,0.5004581943586903
gp_ehvi,41,57,0.3591703782490195,0.5200020578987232
gp_ehvi,42,32,0.3116825290810931,0.4618851158947737
gp_ehvi,42,33,0.3116825290810931,0.4618851158947737
gp_ehvi,42,34,0.3116825290810931,0.4618851158947737
gp_ehvi,42,35,0.3116825290810931,0.46294090573173086
gp_ehvi,42,36,0.3116825290810931,0.46294090573173086
gp_ehvi,42,37,0.3116825290810931,0.4642270065885749
gp_ehvi,42,38,0.3116825290810931,0.4642270065885749
gp_ehvi,42,39,0.3116825290810931,0.4642270065885749
gp_ehvi,42,40,0.3116825290810931,0.4661245688863877
gp_ehvi,42,41,0.3116825290810931,0.4661245688863877
gp_ehvi,42,42,0.3591703782490195,0.47250988265795046
gp_ehvi,42,43,0.3591703782490195,0.47250988265795046
gp_ehvi,42,44,0.3591703782490195,0.47250988265795046
gp_ehvi,42,45,0.3591703782490195,0.47250988265795046
gp_ehvi,42,46,0.3591703782490195,0.47321184090894564
gp_ehvi,42,47,0.3591703782490195,0.4774552651242526
gp_ehvi,42,48,0.3591703782490195,0.4953496747613927
gp_ehvi,42,49,0.3591703782490195,0.4958577625366889
gp_ehvi,42,50,0.3591703782490195,0.4958577625366889
gp_ehvi,42,51,0.3591703782490195,0.4980937593875846
gp_ehvi,42,52,0.3591703782490195,0.4991607443166083
gp_ehvi,42,53,0.3591703782490195,0.5002237048854135
gp_ehvi,42,54,0.3591703782490195,0.5002237048854135
gp_ehvi,42,55,0.3591703782490195,0.5004581943586903
gp_ehvi,42,56,0.3591703782490195,0.5004581943586903
gp_ehvi,42,57,0.3591703782490195,0.5200020578987232
gp_ehvi,43,32,0.3116825290810931,0.4618851158947737
gp_ehvi,43,33,0.3116825290810931,0.4618851158947737
gp_ehvi,43,34,0.3116825290810931,0.4618851158947737
gp_ehvi,43,35,0.3116825290810931,0.4618858314241784
gp_ehvi,43,36,0.3116825290810931,0.4642270065885749
gp_ehvi,43,37,0.3116825290810931,0.4642270065885749
gp_ehvi,43,38,0.3116825290810931,0.4642270065885749
gp_ehvi,43,39,0.3116825290810931,0.46508189812416645
gp_ehvi,43,40,0.3591703782490195,0.4716742539700841
gp_ehvi,43,41,0.3591703782490195,0.4716742539700841
gp_ehvi,43,42,0.3591703782490195,0.4723762122210793
gp_ehvi,43,43,0.3591703782490195,0.4920655415263032
gp_ehvi,43,44,0.3591703782490195,0.49451404607352634
gp_ehvi,43,45,0.3591703782490195,0.49451404607352634
gp_ehvi,43,46,0.3591703782490195,0.49451404607352634
gp_ehvi,43,47,0.3591703782490195,0.4958577625366889
gp_ehvi,43,48,0.3591703782490195,0.4980937593875846
gp_ehvi,43,49,0.3591703782490195,0.4980937593875846
gp_ehvi,43,50,0.3591703782490195,0.49832824886086147
gp_ehvi,43,51,0.3591703782490195,0.49832824886086147
gp_ehvi,43,52,0.3591703782490195,0.49832824886086147
gp_ehvi,43,53,0.3591703782490195,0.4993952337898851
gp_ehvi,43,54,0.3591703782490195,0.4993952337898851
gp_ehvi,43,55,0.3591703782490195,0.5004581943586903
gp_ehvi,43,56,0.3591703782490195,0.5004581943586903
gp_ehvi,43,57,0.3591703782490195,0.5200020578987232
gp_ehvi,44,32,0.3116825290810931,0.4618851158947737
gp_ehvi,44,33,0.3116825290810931,0.4618851158947737
gp_ehvi,44,34,0.3116825290810931,0.4618851158947737
gp_ehvi,44,35,0.3116825290810931,0.4618851158947737
gp_ehvi,44,36,0.3116825290810931,0.4642270065885749
gp_ehvi,44,37,0.3116825290810931,0.4642270065885749
gp_ehvi,44,38,0.3116825290810931,0.4642270065885749
gp_ehvi,44,39,0.3116825290810931,0.4642270065885749
gp_ehvi,44,40,0.3591703782490195,0.4708193624344925
gp_ehvi,44,41,0.3591703782490195,0.4715213206854877
gp_ehvi,44,42,0.3591703782490195,0.4912106499907116
gp_ehvi,44,43,0.3591703782490195,0.49365915453793485
gp_ehvi,44,44,0.3591703782490195,0.49365915453793485
gp_ehvi,44,45,0.3591703782490195,0.49365915453793485
gp_ehvi,44,46,0.3591703782490195,0.4953496747613927
gp_ehvi,44,47,0.3591703782490195,0.4975856716122885
gp_ehvi,44,48,0.3591703782490195,0.4975856716122885
gp_ehvi,44,49,0.3591703782490195,0.4975856716122885
gp_ehvi,44,50,0.3591703782490195,0.4975856716122885
gp_ehvi,44,51,0.3591703782490195,0.4980937593875846
gp_ehvi,44,52,0.3591703782490195,0.4980937593875846
gp_ehvi,44,53,0.3591703782490195,0.4991607443166083
gp_ehvi,44,54,0.3591703782490195,0.5002237048854135
gp_ehvi,44,55,0.3591703782490195,0.5004581943586903
gp_ehvi,44,56,0.3591703782490195,0.5004581943586903
gp_ehvi,44,57,0.3591703782490195,0.5200020578987232
gp_ehvi,45,32,0.3116825290810931,0.4618851158947737
gp_ehvi,45,33,0.3116825290810931,0.4618851158947737
gp_ehvi,45,34,0.3116825290810931,0.4618851158947737
gp_ehvi,45,35,0.3116825290810931,0.4618858314241784
gp_ehvi,45,36,0.3116825290810931,0.4642270065885749
gp_ehvi,45,37,0.3116825290810931,0.4642270065885749
gp_ehvi,45,38,0.3116825290810931,0.4642270065885749
gp_ehvi,45,39,0.3116825290810931,0.46508189812416645
gp_ehvi,45,40,0.3591703782490195,0.4716742539700841
gp_ehvi,45,41,0.3591703782490195,0.4716742539700841
gp_ehvi,45,42,0.3591703782490195,0.4723762122210793
gp_ehvi,45,43,0.3591703782490195,0.4766196364363863
gp_ehvi,45,44,0.3591703782490195,0.49451404607352634
gp_ehvi,45,45,0.3591703782490195,0.49451404607352634
gp_ehvi,45,46,0.3591703782490195,0.49451404607352634
gp_ehvi,45,47,0.3591703782490195,0.4958577625366889
gp_ehvi,45,48,0.3591703782490195,0.4980937593875846
gp_ehvi,45,49,0.3591703782490195,0.49832824886086147
gp_ehvi,45,50,0.3591703782490195,0.49832824886086147
gp_ehvi,45,51,0.3591703782490195,0.49832824886086147
gp_ehvi,45,52,0.3591703782490195,0.49832824886086147
gp_ehvi,45,53,0.3591703782490195,0.49832824886086147
gp_ehvi,45,54,0.3591703782490195,0.4993952337898851
gp_ehvi,45,55,0.3591703782490195,0.5004581943586903
gp_ehvi,45,56,0.3591703782490195,0.5004581943586903
gp_ehvi,45,57,0.3591703782490195,0.5200020578987232
gp_ehvi,46,32,0.3116825290810931,0.4618851158947737
gp_ehvi,46,33,0.3116825290810931,0.4618851158947737
gp_ehvi,46,34,0.3116825290810931,0.4633049249649235
gp_ehvi,46,35,0.3116825290810931,0.4633049249649235
gp_ehvi,46,36,0.3116825290810931,0.4656468156587247
gp_ehvi,46,37,0.3116825290810931,0.4656468156587247
gp_ehvi,46,38,0.3116825290810931,0.4656468156587247
gp_ehvi,46,39,0.3116825290810931,0.4656468156587247
gp_ehvi,46,40,0.3116825290810931,0.4656468156587247
gp_ehvi,46,41,0.3116825290810931,0.4665017071943162
gp_ehvi,46,42,0.3116825290810931,0.4665017071943162
gp_ehvi,46,43,0.3116825290810931,0.4665017071943162
gp_ehvi,46,44,0.3591703782490195,0.4730940630402338
gp_ehvi,46,45,0.3591703782490195,0.4773374872555409
gp_ehvi,46,46,0.3591703782490195,0.4780394455065361
gp_ehvi,46,47,0.3591703782490195,0.49593385514367616
gp_ehvi,46,48,0.3591703782490195,0.49593385514367616
gp_ehvi,46,49,0.3591703782490195,0.4972775716068386
gp_ehvi,46,50,0.3591703782490195,0.4991567199563899
gp_ehvi,46,51,0.3591703782490195,0.4993912094296667
gp_ehvi,46,52,0.3591703782490195,0.4993912094296667
gp_ehvi,46,53,0.3591703782490195,0.4993912094296667
gp_ehvi,46,54,0.3591703782490195,0.4993912094296667
gp_ehvi,46,55,0.3591703782490195,0.5004581943586903
gp_ehvi,46,56,0.3591703782490195,0.5200020578987232
gp_ehvi,46,57,0.3591703782490195,0.5200020578987232
gp_ehvi,47,32,0.3116825290810931,0.4618851158947737
gp_ehvi,47,33,0.3116825290810931,0.4618851158947737
gp_ehvi,47,34,0.3116825290810931,0.46294090573173086
gp_ehvi,47,35,0.3116825290810931,0.46294090573173086
gp_ehvi,47,36,0.3116825290810931,0.4642270065885749
gp_ehvi,47,37,0.3116825290810931,0.4642270065885749
gp_ehvi,47,38,0.3116825290810931,0.4642270065885749
gp_ehvi,47,39,0.3116825290810931,0.4642270065885749
gp_ehvi,47,40,0.3591703782490195,0.4708193624344925
gp_ehvi,47,41,0.3591703782490195,0.47250988265795046
gp_ehvi,47,42,0.3591703782490195,0.47250988265795046
gp_ehvi,47,43,0.3591703782490195,0.47250988265795046
gp_ehvi,47,44,0.3591703782490195,0.47321184090894564
gp_ehvi,47,45,0.3591703782490195,0.4774552651242526
gp_ehvi,47,46,0.3591703782490195,0.4953496747613927
gp_ehvi,47,47,0.3591703782490195,0.4953496747613927
gp_ehvi,47,48,0.3591703782490195,0.4958577625366889
gp_ehvi,47,49,0.3591703782490195,0.4980937593875846
gp_ehvi,47,50,0.3591703782490195,0.4991607443166083
gp_ehvi,47,51,0.3591703782490195,0.4991607443166083
gp_ehvi,47,52,0.3591703782490195,0.4991607443166083
gp_ehvi,47,53,0.3591703782490195,0.4991607443166083
gp_ehvi,47,54,0.3591703782490195,0.5002237048854135
gp_ehvi,47,55,0.3591703782490195,0.5004581943586903
gp_ehvi,47,56,0.3591703782490195,0.5200020578987232
gp_ehvi,47,57,0.3591703782490195,0.5200020578987232
gp_ehvi,48,32,0.3116825290810931,0.4618851158947737
gp_ehvi,48,33,0.3116825290810931,0.4618851158947737
gp_ehvi,48,34,0.3116825290810931,0.4618851158947737
gp_ehvi,48,35,0.3116825290810931,0.4618858314241784
gp_ehvi,48,36,0.3116825290810931,0.4642270065885749
gp_ehvi,48,37,0.3116825290810931,0.4642270065885749
gp_ehvi,48,38,0.3116825290810931,0.4642270065885749
gp_ehvi,48,39,0.3591703782490195,0.4708193624344925
gp_ehvi,48,40,0.3591703782490195,0.4715213206854877
gp_ehvi,48,41,0.3591703782490195,0.4757647449007948
gp_ehvi,48,42,0.3591703782490195,0.49365915453793485
gp_ehvi,48,43,0.3591703782490195,0.49365915453793485
gp_ehvi,48,44,0.3591703782490195,0.49365915453793485
gp_ehvi,48,45,0.3591703782490195,0.4953496747613927
gp_ehvi,48,46,0.3591703782490195,0.4953496747613927
gp_ehvi,48,47,0.3591703782490195,0.4975856716122885
gp_ehvi,48,48,0.3591703782490195,0.4975856716122885
gp_ehvi,48,49,0.3591703782490195,0.4975856716122885
gp_ehvi,48,50,0.3591703782490195,0.4975856716122885
gp_ehvi,48,51,0.3591703782490195,0.4975856716122885
gp_ehvi,48,52,0.3591703782490195,0.4986526565413121
gp_ehvi,48,53,0.3591703782490195,0.4991607443166083
gp_ehvi,48,54,0.3591703782490195,0.5002237048854135
gp_ehvi,48,55,0.3591703782490195,0.5004581943586903
gp_ehvi,48,56,0.3591703782490195,0.5004581943586903
gp_ehvi,48,57,0.3591703782490195,0.5200020578987232
gp_ehvi,49,32,0.3116825290810931,0.4618851158947737
gp_ehvi,49,33,0.3116825290810931,0.4618851158947737
gp_ehvi,49,34,0.3116825290810931,0.4633049249649235
gp_ehvi,49,35,0.3116825290810931,0.4633056404943281
gp_ehvi,49,36,0.3116825290810931,0.4633056404943281
gp_ehvi,49,37,0.3116825290810931,0.4656468156587247
gp_ehvi,49,38,0.3116825290810931,0.4656468156587247
gp_ehvi,49,39,0.3116825290810931,0.4656468156587247
gp_ehvi,49,40,0.3116825290810931,0.4656468156587247
gp_ehvi,49,41,0.3116825290810931,0.4665017071943162
gp_ehvi,49,42,0.3116825290810931,0.4665017071943162
gp_ehvi,49,43,0.3591703782490195,0.4730940630402338
gp_ehvi,49,44,0.3591703782490195,0.4730940630402338
gp_ehvi,49,45,0.3591703782490195,0.473796021291229
gp_ehvi,49,46,0.3591703782490195,0.4780394455065361
gp_ehvi,49,47,0.3591703782490195,0.49593385514367616
gp_ehvi,49,48,0.3591703782490195,0.49593385514367616
gp_ehvi,49,49,0.3591703782490195,0.4972775716068386
gp_ehvi,49,50,0.3591703782490195,0.4991567199563899
gp_ehvi,49,51,0.3591703782490195,0.4993912094296667
gp_ehvi,49,52,0.3591703782490195,0.4993912094296667
gp_ehvi,49,53,0.3591703782490195,0.4993912094296667
gp_ehvi,49,54,0.3591703782490195,0.4993912094296667
gp_ehvi,49,55,0.3591703782490195,0.5004581943586903
gp_ehvi,49,56,0.3591703782490195,0.5200020578987232
gp_ehvi,49,57,0.3591703782490195,0.5200020578987232
gp_ratio_ucb,0,32,0.3116825290810931,0.4618851158947737
gp_ratio_ucb,0,33,0.3116825290810931,0.4618851158947737
gp_ratio_ucb,0,34,0.3116825290810931,0.4633049249649235
gp_ratio_ucb,0,35,0.3116825290810931,0.4633049249649235
gp_ratio_ucb,0,36,0.3116825290810931,0.4633049249649235
gp_ratio_ucb,0,37,0.3116825290810931,0.464159816500515
gp_ratio_ucb,0,38,0.3116825290810931,0.46521560633747217
gp_ratio_ucb,0,39,0.3116825290810931,0.46521560633747217
gp_ratio_ucb,0,40,0.3116825290810931,0.4665017071943162
gp_ratio_ucb,0,41,0.3591703782490195,0.4730940630402338
gp_ratio_ucb,0,42,0.3591703782490195,0.4730940630402338
gp_ratio_ucb,0,43,0.3591703782490195,0.4744377795033964
gp_ratio_ucb,0,44,0.3591703782490195,0.4744377795033964
gp_ratio_ucb,0,45,0.3591703782490195,0.47631692785294755
gp_ratio_ucb,0,46,0.3591703782490195,0.47655141732622436
gp_ratio_ucb,0,47,0.3591703782490195,0.47655141732622436
gp_ratio_ucb,0,48,0.3591703782490195,0.4823270937754302
gp_ratio_ucb,0,49,0.3591703782490195,0.48377408517451953
gp_ratio_ucb,0,50,0.3591703782490195,0.48377408517451953
gp_ratio_ucb,0,51,0.3591703782490195,0.4997562361076952
gp_ratio_ucb,0,52,0.3591703782490195,0.5004581943586903
gp_ratio_ucb,0,53,0.3591703782490195,0.5004581943586903
gp_ratio_ucb,0,54,0.3591703782490195,0.5004581943586903
gp_ratio_ucb,0,55,0.3591703782490195,0.5200020578987232
gp_ratio_ucb,0,56,0.3591703782490195,0.5200020578987232
gp_ratio_ucb,0,57,0.3591703782490195,0.5200020578987232
gp_ratio_ucb,1,32,0.3116825290810931,0.4618851158947737
gp_ratio_ucb,1,33,0.3116825290810931,0.4618851158947737
gp_ratio_ucb,1,34,0.3116825290810931,0.4633049249649235
gp_ratio_ucb,1,35,0.3116825290810931,0.4633049249649235
gp_ratio_ucb,1,36,0.3116825290810931,0.4633049249649235
gp_ratio_ucb,1,37,0.3116825290810931,0.464159816500515
gp_ratio_ucb,1,38,0.3116825290810931,0.46521560633747217
gp_ratio_ucb,1,39,0.3116825290810931,0.46521560633747217
gp_ratio_ucb,1,40,0.3116825290810931,0.4665017071943162
gp_ratio_ucb,1,41,0.3591703782490195,0.4730940630402338
gp_ratio_ucb,1,42,0.3591703782490195,0.4730940630402338
gp_ratio_ucb,1,43,0.3591703782490195,0.4744377795033964
gp_ratio_ucb,1,44,0.3591703782490195,0.4744377795033964
gp_ratio_ucb,1,45,0.3591703782490195,0.47631692785294755
gp_ratio_ucb,1,46,0.3591703782490195,0.47655141732622436
gp_ratio_ucb,1,47,0.3591703782490195,0.47655141732622436
gp_ratio_ucb,1,48,0.3591703782490195,0.4823270937754302
gp_ratio_ucb,1,49,0.3591703782490195,0.48377408517451953
gp_ratio_ucb,1,50,0.3591703782490195,0.48377408517451953
gp_ratio_ucb,1,51,0.3591703782490195,0.4997562361076952
gp_ratio_ucb,1,52,0.3591703782490195,0.5004581943586903
gp_ratio_ucb,1,53,0.3591703782490195,0.5004581943586903
gp_ratio_ucb,1,54,0.3591703782490195,0.5004581943586903
gp_ratio_ucb,1,55,0.3591703782490195,0.5200020578987232
gp_ratio_ucb,1,56,0.3591703782490195,0.5200020578987232
gp_ratio_ucb,1,57,0.3591703782490195,0.5200020578987232
gp_ratio_ucb,2,32,0.3116825290810931,0.4618851158947737
gp_ratio_ucb,2,33,0.3116825290810931,0.4618851158947737
gp_ratio_ucb,2,34,0.3116825290810931,0.4633049249649235
gp_ratio_ucb,2,35,0.3116825290810931,0.4633049249649235
gp_ratio_ucb,2,36,0.3116825290810931,0.4633049249649235
gp_ratio_ucb,2,37,0.3116825290810931,0.464159816500515
gp_ratio_ucb,2,38,0.3116825290810931,0.46521560633747217
gp_ratio_ucb,2,39,0.3116825290810931,0.46521560633747217
gp_ratio_ucb,2,40,0.3116825290810931,0.4665017071943162
gp_ratio_ucb,2,41,0.3591703782490195,0.4730940630402338
gp_ratio_ucb,2,42,0.3591703782490195,0.4730940630402338
gp_ratio_ucb,2,43,0.3591703782490195,0.4744377795033964
gp_ratio_ucb,2,44,0.3591703782490195,0.4744377795033964
gp_ratio_ucb,2,45,0.3591703782490195,0.47631692785294755
gp_ratio_ucb,2,46,0.3591703782490195,0.47655141732622436
gp_ratio_ucb,2,47,0.3591703782490195,0.47655141732622436
gp_ratio_ucb,2,48,0.3591703782490195,0.4823270937754302
gp_ratio_ucb,2,49,0.3591703782490195,0.48377408517451953
gp_ratio_ucb,2,50,0.3591703782490195,0.48377408517451953
gp_ratio_ucb,2,51,0.3591703782490195,0.4997562361076952
gp_ratio_ucb,2,52,0.3591703782490195,0.5004581943586903
gp_ratio_ucb,2,53,0.3591703782490195,0.5004581943586903
gp_ratio_ucb,2,54,0.3591703782490195,0.5004581943586903
gp_ratio_ucb,2,55,0.3591703782490195,0.5200020578987232
gp_ratio_ucb,2,56,0.3591703782490195,0.5200020578987232
gp_ratio_ucb,2,57,0.3591703782490195,0.5200020578987232
gp_ratio_ucb,3,32,0.3116825290810931,0.4618851158947737
gp_ratio_ucb,3,33,0.3116825290810931,0.4618851158947737
gp_ratio_ucb,3,34,0.3116825290810931,0.4633049249649235
gp_ratio_ucb,3,35,0.3116825290810931,0.4633049249649235
gp_ratio_ucb,3,36,0.3116825290810931,0.4633049249649235
gp_ratio_ucb,3,37,0.3116825290810931,0.464159816500515
gp_ratio_ucb,3,38,0.3116825290810931,0.46521560633747217
gp_ratio_ucb,3,39,0.3116825290810931,0.46521560633747217
gp_ratio_ucb,3,40,0.3116825290810931,0.4665017071943162
gp_ratio_ucb,3,41,0.3591703782490195,0.4730940630402338
gp_ratio_ucb,3,42,0.3591703782490195,0.4730940630402338
gp_ratio_ucb,3,43,0.3591703782490195,0.4744377795033964
gp_ratio_ucb,3,44,0.3591703782490195,0.4744377795033964
gp_ratio_ucb,3,45,0.3591703782490195,0.47631692785294755
gp_ratio_ucb,3,46,0.3591703782490195,0.47655141732622436
gp_ratio_ucb,3,47,0.3591703782490195,0.47655141732622436
gp_ratio_ucb,3,48,0.3591703782490195,0.4823270937754302
gp_ratio_ucb,3,49,0.3591703782490195,0.48377408517451953
gp_ratio_ucb,3,50,0.3591703782490195,0.48377408517451953
gp_ratio_ucb,3,51,0.3591703782490195,0.4997562361076952
gp_ratio_ucb,3,52,0.3591703782490195,0.5004581943586903
gp_ratio_ucb,3,53,0.3591703782490195,0.5004581943586903
gp_ratio_ucb,3,54,0.3591703782490195,0.5004581943586903
gp_ratio_ucb,3,55,0.3591703782490195,0.5200020578987232
gp_ratio_ucb,3,56,0.3591703782490195,0.5200020578987232
gp_ratio_ucb,3,57,0.3591703782490195,0.5200020578987232
gp_ratio_ucb,4,32,0.3116825290810931,0.4618851158947737
gp_ratio_ucb,4,33,0.3116825290810931,0.4618851158947737
gp_ratio_ucb,4,34,0.3116825290810931,0.4633049249649235
gp_ratio_ucb,4,35,0.3116825290810931,0.4633049249649235
gp_ratio_ucb,4,36,0.3116825290810931,0.4633049249649235
gp_ratio_ucb,4,37,0.3116825290810931,0.464159816500515
gp_ratio_ucb,4,38,0.3116825290810931,0.46521560633747217
gp_ratio_ucb,4,39,0.3116825290810931,0.46521560633747217
gp_ratio_ucb,4,40,0.3116825290810931,0.4665017071943162
gp_ratio_ucb,4,41,0.3591703782490195,0.4730940630402338
gp_ratio_ucb,4,42,0.3591703782490195,0.4730940630402338
gp_ratio_ucb,4,43,0.3591703782490195,0.4744377795033964
gp_ratio_ucb,4,44,0.3591703782490195,0.4744377795033964
gp_ratio_ucb,4,45,0.3591703782490195,0.47631692785294755
gp_ratio_ucb,4,46,0.3591703782490195,0.47655141732622436
gp_ratio_ucb,4,47,0.3591703782490195,0.47655141732622436
gp_ratio_ucb,4,48,0.3591703782490195,0.4823270937754302
gp_ratio_ucb,4,49,0.3591703782490195,0.48377408517451953
gp_ratio_ucb,4,50,0.3591703782490195,0.48377408517451953
gp_ratio_ucb,4,51,0.3591703782490195,0.4997562361076952
gp_ratio_ucb,4,52,0.3591703782490195,0.5004581943586903
gp_ratio_ucb,4,53,0.3591703782490195,0.5004581943586903
gp_ratio_ucb,4,54,0.3591703782490195,0.5004581943586903
gp_ratio_ucb,4,55,0.3591703782490195,0.5200020578987232
gp_ratio_ucb,4,56,0.3591703782490195,0.5200020578987232
gp_ratio_ucb,4,57,0.3591703782490195,0.5200020578987232
gp_ratio_ucb,5,32,0.3116825290810931,0.4618851158947737
gp_ratio_ucb,5,33,0.3116825290810931,0.4618851158947737
gp_ratio_ucb,5,34,0.3116825290810931,0.4633049249649235
gp_ratio_ucb,5,35,0.3116825290810931,0.4633049249649235
gp_ratio_ucb,5,36,0.3116825290810931,0.4633049249649235
gp_ratio_ucb,5,37,0.3116825290810931,0.464159816500515
gp_ratio_ucb,5,38,0.3116825290810931,0.46521560633747217
gp_ratio_ucb,5,39,0.3116825290810931,0.46521560633747217
gp_ratio_ucb,5,40,0.3116825290810931,0.4665017071943162
gp_ratio_ucb,5,41,0.3591703782490195,0.4730940630402338
gp_ratio_ucb,5,42,0.3591703782490195,0.4730940630402338
gp_ratio_ucb,5,43,0.3591703782490195,0.4744377795033964
gp_ratio_ucb,5,44,0.3591703782490195,0.4744377795033964
gp_ratio_ucb,5,45,0.3591703782490195,0.47631692785294755
gp_ratio_ucb,5,46,0.3591703782490195,0.47655141732622436
gp_ratio_ucb,5,47,0.3591703782490195,0.47655141732622436
gp_ratio_ucb,5,48,0.3591703782490195,0.4823270937754302
gp_ratio_ucb,5,49,0.3591703782490195,0.48377408517451953
gp_ratio_ucb,5,50,0.3591703782490195,0.48377408517451953
gp_ratio_ucb,5,51,0.3591703782490195,0.4997562361076952
gp_ratio_ucb,5,52,0.3591703782490195,0.5004581943586903
gp_ratio_ucb,5,53,0.3591703782490195,0.5004581943586903
gp_ratio_ucb,5,54,0.3591703782490195,0.5004581943586903
gp_ratio_ucb,5,55,0.3591703782490195,0.5200020578987232
gp_ratio_ucb,5,56,0.3591703782490195,0.5200020578987232
gp_ratio_ucb,5,57,0.3591703782490195,0.5200020578987232
gp_ratio_ucb,6,32,0.3116825290810931,0.4618851158947737
gp_ratio_ucb,6,33,0.3116825290810931,0.4618851158947737
gp_ratio_ucb,6,34,0.3116825290810931,0.4633049249649235
gp_ratio_ucb,6,35,0.3116825290810931,0.4633049249649235
gp_ratio_ucb,6,36,0.3116825290810931,0.4633049249649235
gp_ratio_ucb,6,37,0.3116825290810931,0.464159816500515
gp_ratio_ucb,6,38,0.3116825290810931,0.46521560633747217
gp_ratio_ucb,6,39,0.3116825290810931,0.46521560633747217
gp_ratio_ucb,6,40,0.3116825290810931,0.4665017071943162
gp_ratio_ucb,6,41,0.3591703782490195,0.4730940630402338
gp_ratio_ucb,6,42,0.3591703782490195,0.4730940630402338
gp_ratio_ucb,6,43,0.3591703782490195,0.4744377795033964
gp_ratio_ucb,6,44,0.3591703782490195,0.4744377795033964
gp_ratio_ucb,6,45,0.3591703782490195,0.47631692785294755
gp_ratio_ucb,6,46,0.3591703782490195,0.47655141732622436
gp_ratio_ucb,6,47,0.3591703782490195,0.47655141732622436
gp_ratio_ucb,6,48,0.3591703782490195,0.4823270937754302
gp_ratio_ucb,6,49,0.3591703782490195,0.48377408517451953
gp_ratio_ucb,6,50,0.3591703782490195,0.48377408517451953
gp_ratio_ucb,6,51,0.3591703782490195,0.4997562361076952
gp_ratio_ucb,6,52,0.3591703782490195,0.5004581943586903
gp_ratio_ucb,6,53,0.3591703782490195,0.5004581943586903
gp_ratio_ucb,6,54,0.3591703782490195,0.5004581943586903
gp_ratio_ucb,6,55,0.3591703782490195,0.5200020578987232
gp_ratio_ucb,6,56,0.3591703782490195,0.5200020578987232
gp_ratio_ucb,6,57,0.3591703782490195,0.5200020578987232
gp_ratio_ucb,7,32,0.3116825290810931,0.4618851158947737
gp_ratio_ucb,7,33,0.3116825290810931,0.4618851158947737
gp_ratio_ucb,7,34,0.3116825290810931,0.4633049249649235
gp_ratio_ucb,7,35,0.3116825290810931,0.4633049249649235
gp_ratio_ucb,7,36,0.3116825290810931,0.4633049249649235
gp_ratio_ucb,7,37,0.3116825290810931,0.464159816500515
gp_ratio_ucb,7,38,0.3116825290810931,0.46521560633747217
gp_ratio_ucb,7,39,0.3116825290810931,0.46521560633747217
gp_ratio_ucb,7,40,0.3116825290810931,0.4665017071943162
gp_ratio_ucb,7,41,0.3591703782490195,0.4730940630402338
gp_ratio_ucb,7,42,0.3591703782490195,0.4730940630402338
gp_ratio_ucb,7,43,0.3591703782490195,0.4744377795033964
gp_ratio_ucb,7,44,0.3591703782490195,0.4744377795033964
gp_ratio_ucb,7,45,0.3591703782490195,0.47631692785294755
gp_ratio_ucb,7,46,0.3591703782490195,0.47655141732622436
gp_ratio_ucb,7,47,0.3591703782490195,0.47655141732622436
gp_ratio_ucb,7,48,0.3591703782490195,0.4823270937754302
gp_ratio_ucb,7,49,0.3591703782490195,0.48377408517451953
gp_ratio_ucb,7,50,0.3591703782490195,0.48377408517451953
gp_ratio_ucb,7,51,0.3591703782490195,0.4997562361076952
gp_ratio_ucb,7,52,0.3591703782490195,0.5004581943586903
gp_ratio_ucb,7,53,0.3591703782490195,0.5004581943586903
gp_ratio_ucb,7,54,0.3591703782490195,0.5004581943586903
gp_ratio_ucb,7,55,0.3591703782490195,0.5200020578987232
gp_ratio_ucb,7,56,0.3591703782490195,0.5200020578987232
gp_ratio_ucb,7,57,0.3591703782490195,0.5200020578987232
gp_ratio_ucb,8,32,0.3116825290810931,0.4618851158947737
gp_ratio_ucb,8,33,0.3116825290810931,0.4618851158947737
gp_ratio_ucb,8,34,0.3116825290810931,0.4633049249649235
gp_ratio_ucb,8,35,0.3116825290810931,0.4633049249649235
gp_ratio_ucb,8,36,0.3116825290810931,0.4633049249649235
gp_ratio_ucb,8,37,0.3116825290810931,0.464159816500515
gp_ratio_ucb,8,38,0.3116825290810931,0.46521560633747217
gp_ratio_ucb,8,39,0.3116825290810931,0.46521560633747217
gp_ratio_ucb,8,40,0.3116825290810931,0.4665017071943162
gp_ratio_ucb,8,41,0.3591703782490195,0.4730940630402338
gp_ratio_ucb,8,42,0.3591703782490195,0.4730940630402338
gp_ratio_ucb,8,43,0.3591703782490195,0.4744377795033964
gp_ratio_ucb,8,44,0.3591703782490195,0.4744377795033964
gp_ratio_ucb,8,45,0.3591703782490195,0.47631692785294755
gp_ratio_ucb,8,46,0.3591703782490195,0.47655141732622436
gp_ratio_ucb,8,47,0.3591703782490195,0.47655141732622436
gp_ratio_ucb,8,48,0.3591703782490195,0.4823270937754302
gp_ratio_ucb,8,49,0.3591703782490195,0.48377408517451953
gp_ratio_ucb,8,50,0.3591703782490195,0.48377408517451953
gp_ratio_ucb,8,51,0.3591703782490195,0.4997562361076952
gp_ratio_ucb,8,52,0.3591703782490195,0.5004581943586903
gp_ratio_ucb,8,53,0.3591703782490195,0.5004581943586903
gp_ratio_ucb,8,54,0.3591703782490195,0.5004581943586903
gp_ratio_ucb,8,55,0.3591703782490195,0.5200020578987232
gp_ratio_ucb,8,56,0.3591703782490195,0.5200020578987232
gp_ratio_ucb,8,57,0.3591703782490195,0.5200020578987232
gp_ratio_ucb,9,32,0.3116825290810931,0.4618851158947737
gp_ratio_ucb,9,33,0.3116825290810931,0.4618851158947737
gp_ratio_ucb,9,34,0.3116825290810931,0.4633049249649235
gp_ratio_ucb,9,35,0.3116825290810931,0.4633049249649235
gp_ratio_ucb,9,36,0.3116825290810931,0.4633049249649235
gp_ratio_ucb,9,37,0.3116825290810931,0.464159816500515
gp_ratio_ucb,9,38,0.3116825290810931,0.46521560633747217
gp_ratio_ucb,9,39,0.3116825290810931,0.46521560633747217
gp_ratio_ucb,9,40,0.3116825290810931,0.4665017071943162
gp_ratio_ucb,9,41,0.3591703782490195,0.4730940630402338
gp_ratio_ucb,9,42,0.3591703782490195,0.4730940630402338
gp_ratio_ucb,9,43,0.3591703782490195,0.4744377795033964
gp_ratio_ucb,9,44,0.3591703782490195,0.4744377795033964
gp_ratio_ucb,9,45,0.3591703782490195,0.47631692785294755
gp_ratio_ucb,9,46,0.3591703782490195,0.47655141732622436
gp_ratio_ucb,9,47,0.3591703782490195,0.47655141732622436
gp_ratio_ucb,9,48,0.3591703782490195,0.4823270937754302
gp_ratio_ucb,9,49,0.3591703782490195,0.48377408517451953
gp_ratio_ucb,9,50,0.3591703782490195,0.48377408517451953
gp_ratio_ucb,9,51,0.3591703782490195,0.4997562361076952
gp_ratio_ucb,9,52,0.3591703782490195,0.5004581943586903
gp_ratio_ucb,9,53,0.3591703782490195,0.5004581943586903
gp_ratio_ucb,9,54,0.3591703782490195,0.5004581943586903
gp_ratio_ucb,9,55,0.3591703782490195,0.5200020578987232
gp_ratio_ucb,9,56,0.3591703782490195,0.5200020578987232
gp_ratio_ucb,9,57,0.3591703782490195,0.5200020578987232
gp_ratio_ucb,10,32,0.3116825290810931,0.4618851158947737
gp_ratio_ucb,10,33,0.3116825290810931,0.4618851158947737
gp_ratio_ucb,10,34,0.3116825290810931,0.4633049249649235
gp_ratio_ucb,10,35,0.3116825290810931,0.4633049249649235
gp_ratio_ucb,10,36,0.3116825290810931,0.4633049249649235
gp_ratio_ucb,10,37,0.3116825290810931,0.464159816500515
gp_ratio_ucb,10,38,0.3116825290810931,0.46521560633747217
gp_ratio_ucb,10,39,0.3116825290810931,0.46521560633747217
gp_ratio_ucb,10,40,0.3116825290810931,0.4665017071943162
gp_ratio_ucb,10,41,0.3591703782490195,0.4730940630402338
gp_ratio_ucb,10,42,0.3591703782490195,0.4730940630402338
gp_ratio_ucb,10,43,0.3591703782490195,0.4744377795033964
gp_ratio_ucb,10,44,0.3591703782490195,0.4744377795033964
gp_ratio_ucb,10,45,0.3591703782490195,0.47631692785294755
gp_ratio_ucb,10,46,0.3591703782490195,0.47655141732622436
gp_ratio_ucb,10,47,0.3591703782490195,0.47655141732622436
gp_ratio_ucb,10,48,0.3591703782490195,0.4823270937754302
gp_ratio_ucb,10,49,0.3591703782490195,0.48377408517451953
gp_ratio_ucb,10,50,0.3591703782490195,0.48377408517451953
gp_ratio_ucb,10,51,0.3591703782490195,0.4997562361076952
gp_ratio_ucb,10,52,0.3591703782490195,0.5004581943586903
gp_ratio_ucb,10,53,0.3591703782490195,0.5004581943586903
gp_ratio_ucb,10,54,0.3591703782490195,0.5004581943586903
gp_ratio_ucb,10,55,0.3591703782490195,0.5200020578987232
gp_ratio_ucb,10,56,0.3591703782490195,0.5200020578987232
gp_ratio_ucb,10,57,0.3591703782490195,0.5200020578987232
gp_ratio_ucb,11,32,0.3116825290810931,0.4618851158947737
gp_ratio_ucb,11,33,0.3116825290810931,0.4618851158947737
gp_ratio_ucb,11,34,0.3116825290810931,0.4633049249649235
gp_ratio_ucb,11,35,0.3116825290810931,0.4633049249649235
gp_ratio_ucb,11,36,0.3116825290810931,0.4633049249649235
gp_ratio_ucb,11,37,0.3116825290810931,0.464159816500515
gp_ratio_ucb,11,38,0.3116825290810931,0.46521560633747217
gp_ratio_ucb,11,39,0.3116825290810931,0.46521560633747217
gp_ratio_ucb,11,40,0.3116825290810931,0.4665017071943162
gp_ratio_ucb,11,41,0.3591703782490195,0.4730940630402338
gp_ratio_ucb,11,42,0.3591703782490195,0.4730940630402338
gp_ratio_ucb,11,43,0.3591703782490195,0.4744377795033964
gp_ratio_ucb,11,44,0.3591703782490195,0.4744377795033964
gp_ratio_ucb,11,45,0.3591703782490195,0.47631692785294755
gp_ratio_ucb,11,46,0.3591703782490195,0.47655141732622436
gp_ratio_ucb,11,47,0.3591703782490195,0.47655141732622436
gp_ratio_ucb,11,48,0.3591703782490195,0.4823270937754302
gp_ratio_ucb,11,49,0.3591703782490195,0.48377408517451953
gp_ratio_ucb,11,50,0.3591703782490195,0.48377408517451953
gp_ratio_ucb,11,51,0.3591703782490195,0.4997562361076952
gp_ratio_ucb,11,52,0.3591703782490195,0.5004581943586903
gp_ratio_ucb,11,53,0.3591703782490195,0.5004581943586903
gp_ratio_ucb,11,54,0.3591703782490195,0.5004581943586903
gp_ratio_ucb,11,55,0.3591703782490195,0.5200020578987232
gp_ratio_ucb,11,56,0.3591703782490195,0.5200020578987232
gp_ratio_ucb,11,57,0.3591703782490195,0.5200020578987232
gp_ratio_ucb,12,32,0.3116825290810931,0.4618851158947737
gp_ratio_ucb,12,33,0.3116825290810931,0.4618851158947737
gp_ratio_ucb,12,34,0.3116825290810931,0.4633049249649235
gp_ratio_ucb,12,35,0.3116825290810931,0.4633049249649235
gp_ratio_ucb,12,36,0.3116825290810931,0.4633049249649235
gp_ratio_ucb,12,37,0.3116825290810931,0.464159816500515
gp_ratio_ucb,12,38,0.3116825290810931,0.46521560633747217
gp_ratio_ucb,12,39,0.3116825290810931,0.46521560633747217
gp_ratio_ucb,12,40,0.3116825290810931,0.4665017071943162
gp_ratio_ucb,12,41,0.3591703782490195,0.4730940630402338
gp_ratio_ucb,12,42,0.3591703782490195,0.4730940630402338
gp_ratio_ucb,12,43,0.3591703782490195,0.4744377795033964
gp_ratio_ucb,12,44,0.3591703782490195,0.4744377795033964
gp_ratio_ucb,12,45,0.3591703782490195,0.47631692785294755
gp_ratio_ucb,12,46,0.3591703782490195,0.47655141732622436
gp_ratio_ucb,12,47,0.3591703782490195,0.47655141732622436
gp_ratio_ucb,12,48,0.3591703782490195,0.4823270937754302
gp_ratio_ucb,12,49,0.3591703782490195,0.48377408517451953
gp_ratio_ucb,12,50,0.3591703782490195,0.48377408517451953
gp_ratio_ucb,12,51,0.3591703782490195,0.4997562361076952
gp_ratio_ucb,12,52,0.3591703782490195,0.5004581943586903
gp_ratio_ucb,12,53,0.3591703782490195,0.5004581943586903
gp_ratio_ucb,12,54,0.3591703782490195,0.5004581943586903
gp_ratio_ucb,12,55,0.3591703782490195,0.5200020578987232
gp_ratio_ucb,12,56,0.3591703782490195,0.5200020578987232
gp_ratio_ucb,12,57,0.3591703782490195,0.5200020578987232
gp_ratio_ucb,13,32,0.3116825290810931,0.4618851158947737
gp_ratio_ucb,13,33,0.3116825290810931,0.4618851158947737
gp_ratio_ucb,13,34,0.3116825290810931,0.4633049249649235
gp_ratio_ucb,13,35,0.3116825290810931,0.4633049249649235
gp_ratio_ucb,13,36,0.3116825290810931,0.4633049249649235
gp_ratio_ucb,13,37,0.3116825290810931,0.464159816500515
gp_ratio_ucb,13,38,0.3116825290810931,0.46521560633747217
gp_ratio_ucb,13,39,0.3116825290810931,0.46521560633747217
gp_ratio_ucb,13,40,0.3116825290810931,0.4665017071943162
gp_ratio_ucb,13,41,0.3591703782490195,0.4730940630402338
gp_ratio_ucb,13,42,0.3591703782490195,0.4730940630402338
gp_ratio_ucb,13,43,0.3591703782490195,0.4744377795033964
gp_ratio_ucb,13,44,0.3591703782490195,0.4744377795033964
gp_ratio_ucb,13,45,0.3591703782490195,0.47631692785294755
gp_ratio_ucb,13,46,0.3591703782490195,0.47655141732622436
gp_ratio_ucb,13,47,0.3591703782490195,0.47655141732622436
gp_ratio_ucb,13,48,0.3591703782490195,0.4823270937754302
gp_ratio_ucb,13,49,0.3591703782490195,0.48377408517451953
gp_ratio_ucb,13,50,0.3591703782490195,0.48377408517451953
gp_ratio_ucb,13,51,0.3591703782490195,0.4997562361076952
gp_ratio_ucb,13,52,0.3591703782490195,0.5004581943586903
gp_ratio_ucb,13,53,0.3591703782490195,0.5004581943586903
gp_ratio_ucb,13,54,0.3591703782490195,0.5004581943586903
gp_ratio_ucb,13,55,0.3591703782490195,0.5200020578987232
gp_ratio_ucb,13,56,0.3591703782490195,0.5200020578987232
gp_ratio_ucb,13,57,0.3591703782490195,0.5200020578987232
gp_ratio_ucb,14,32,0.3116825290810931,0.4618851158947737
gp_ratio_ucb,14,33,0.3116825290810931,0.4618851158947737
gp_ratio_ucb,14,34,0.3116825290810931,0.4633049249649235
gp_ratio_ucb,14,35,0.3116825290810931,0.4633049249649235
gp_ratio_ucb,14,36,0.3116825290810931,0.4633049249649235
gp_ratio_ucb,14,37,0.3116825290810931,0.464159816500515
gp_ratio_ucb,14,38,0.3116825290810931,0.46521560633747217
gp_ratio_ucb,14,39,0.3116825290810931,0.46521560633747217
gp_ratio_ucb,14,40,0.3116825290810931,0.4665017071943162
gp_ratio_ucb,14,41,0.3591703782490195,0.4730940630402338
gp_ratio_ucb,14,42,0.3591703782490195,0.4730940630402338
gp_ratio_ucb,14,43,0.3591703782490195,0.4744377795033964
gp_ratio_ucb,14,44,0.3591703782490195,0.4744377795033964
gp_ratio_ucb,14,45,0.3591703782490195,0.47631692785294755
gp_ratio_ucb,14,46,0.3591703782490195,0.47655141732622436
gp_ratio_ucb,14,47,0.3591703782490195,0.47655141732622436
gp_ratio_ucb,14,48,0.3591703782490195,0.4823270937754302
gp_ratio_ucb,14,49,0.3591703782490195,0.48377408517451953
gp_ratio_ucb,14,50,0.3591703782490195,0.48377408517451953
gp_ratio_ucb,14,51,0.3591703782490195,0.4997562361076952
gp_ratio_ucb,14,52,0.3591703782490195,0.5004581943586903
gp_ratio_ucb,14,53,0.3591703782490195,0.5004581943586903
gp_ratio_ucb,14,54,0.3591703782490195,0.5004581943586903
gp_ratio_ucb,14,55,0.3591703782490195,0.5200020578987232
gp_ratio_ucb,14,56,0.3591703782490195,0.5200020578987232
gp_ratio_ucb,14,57,0.3591703782490195,0.5200020578987232
gp_ratio_ucb,15,32,0.3116825290810931,0.4618851158947737
gp_ratio_ucb,15,33,0.3116825290810931,0.4618851158947737
gp_ratio_ucb,15,34,0.3116825290810931,0.4633049249649235
gp_ratio_ucb,15,35,0.3116825290810931,0.4633049249649235
gp_ratio_ucb,15,36,0.3116825290810931,0.4633049249649235
gp_ratio_ucb,15,37,0.3116825290810931,0.464159816500515
gp_ratio_ucb,15,38,0.3116825290810931,0.46521560633747217
gp_ratio_ucb,15,39,0.3116825290810931,0.46521560633747217
gp_ratio_ucb,15,40,0.3116825290810931,0.4665017071943162
gp_ratio_ucb,15,41,0.3591703782490195,0.4730940630402338
gp_ratio_ucb,15,42,0.3591703782490195,0.4730940630402338
gp_ratio_ucb,15,43,0.3591703782490195,0.4744377795033964
gp_ratio_ucb,15,44,0.3591703782490195,0.4744377795033964
gp_ratio_ucb,15,45,0.3591703782490195,0.47631692785294755
gp_ratio_ucb,15,46,0.3591703782490195,0.47655141732622436
gp_ratio_ucb,15,47,0.3591703782490195,0.47655141732622436
gp_ratio_ucb,15,48,0.3591703782490195,0.4823270937754302
gp_ratio_ucb,15,49,0.3591703782490195,0.48377408517451953
gp_ratio_ucb,15,50,0.3591703782490195,0.48377408517451953
gp_ratio_ucb,15,51,0.3591703782490195,0.4997562361076952
gp_ratio_ucb,15,52,0.3591703782490195,0.5004581943586903
gp_ratio_ucb,15,53,0.3591703782490195,0.5004581943586903
gp_ratio_ucb,15,54,0.3591703782490195,0.5004581943586903
gp_ratio_ucb,15,55,0.3591703782490195,0.5200020578987232
gp_ratio_ucb,15,56,0.3591703782490195,0.5200020578987232
gp_ratio_ucb,15,57,0.3591703782490195,0.5200020578987232
gp_ratio_ucb,16,32,0.3116825290810931,0.4618851158947737
gp_ratio_ucb,16,33,0.3116825290810931,0.4618851158947737
gp_ratio_ucb,16,34,0.3116825290810931,0.4633049249649235
gp_ratio_ucb,16,35,0.3116825290810931,0.4633049249649235
gp_ratio_ucb,16,36,0.3116825290810931,0.4633049249649235
gp_ratio_ucb,16,37,0.3116825290810931,0.464159816500515
gp_ratio_ucb,16,38,0.3116825290810931,0.46521560633747217
gp_ratio_ucb,16,39,0.3116825290810931,0.46521560633747217
gp_ratio_ucb,16,40,0.3116825290810931,0.4665017071943162
gp_ratio_ucb,16,41,0.3591703782490195,0.4730940630402338
gp_ratio_ucb,16,42,0.3591703782490195,0.4730940630402338
gp_ratio_ucb,16,43,0.3591703782490195,0.4744377795033964
gp_ratio_ucb,16,44,0.3591703782490195,0.4744377795033964
gp_ratio_ucb,16,45,0.3591703782490195,0.47631692785294755
gp_ratio_ucb,16,46,0.3591703782490195,0.47655141732622436
gp_ratio_ucb,16,47,0.3591703782490195,0.47655141732622436
gp_ratio_ucb,16,48,0.3591703782490195,0.4823270937754302
gp_ratio_ucb,16,49,0.3591703782490195,0.48377408517451953
gp_ratio_ucb,16,50,0.3591703782490195,0.48377408517451953
gp_ratio_ucb,16,51,0.3591703782490195,0.4997562361076952
gp_ratio_ucb,16,52,0.3591703782490195,0.5004581943586903
gp_ratio_ucb,16,53,0.3591703782490195,0.5004581943586903
gp_ratio_ucb,16,54,0.3591703782490195,0.5004581943586903
gp_ratio_ucb,16,55,0.3591703782490195,0.5200020578987232
gp_ratio_ucb,16,56,0.3591703782490195,0.5200020578987232
gp_ratio_ucb,16,57,0.3591703782490195,0.5200020578987232
gp_ratio_ucb,17,32,0.3116825290810931,0.4618851158947737
gp_ratio_ucb,17,33,0.3116825290810931,0.4618851158947737
gp_ratio_ucb,17,34,0.3116825290810931,0.4633049249649235
gp_ratio_ucb,17,35,0.3116825290810931,0.4633049249649235
gp_ratio_ucb,17,36,0.3116825290810931,0.4633049249649235
gp_ratio_ucb,17,37,0.3116825290810931,0.464159816500515
gp_ratio_ucb,17,38,0.3116825290810931,0.46521560633747217
gp_ratio_ucb,17,39,0.3116825290810931,0.46521560633747217
gp_ratio_ucb,17,40,0.3116825290810931,0.4665017071943162
gp_ratio_ucb,17,41,0.3591703782490195,0.4730940630402338
gp_ratio_ucb,17,42,0.3591703782490195,0.4730940630402338
gp_ratio_ucb,17,43,0.3591703782490195,0.4744377795033964
gp_ratio_ucb,17,44,0.3591703782490195,0.4744377795033964
gp_ratio_ucb,17,45,0.3591703782490195,0.47631692785294755
gp_ratio_ucb,17,46,0.3591703782490195,0.47655141732622436
gp_ratio_ucb,17,47,0.3591703782490195,0.47655141732622436
gp_ratio_ucb,17,48,0.3591703782490195,0.4823270937754302
gp_ratio_ucb,17,49,0.3591703782490195,0.48377408517451953
gp_ratio_ucb,17,50,0.3591703782490195,0.48377408517451953
gp_ratio_ucb,17,51,0.3591703782490195,0.4997562361076952
gp_ratio_ucb,17,52,0.3591703782490195,0.5004581943586903
gp_ratio_ucb,17,53,0.3591703782490195,0.5004581943586903
gp_ratio_ucb,17,54,0.3591703782490195,0.5004581943586903
gp_ratio_ucb,17,55,0.3591703782490195,0.5200020578987232
gp_ratio_ucb,17,56,0.3591703782490195,0.5200020578987232
gp_ratio_ucb,17,57,0.3591703782490195,0.5200020578987232
gp_ratio_ucb,18,32,0.3116825290810931,0.4618851158947737
gp_ratio_ucb,18,33,0.3116825290810931,0.4618851158947737
gp_ratio_ucb,18,34,0.3116825290810931,0.4633049249649235
gp_ratio_ucb,18,35,0.3116825290810931,0.4633049249649235
gp_ratio_ucb,18,36,0.3116825290810931,0.4633049249649235
gp_ratio_ucb,18,37,0.3116825290810931,0.464159816500515
gp_ratio_ucb,18,38,0.3116825290810931,0.46521560633747217
gp_ratio_ucb,18,39,0.3116825290810931,0.46521560633747217
gp_ratio_ucb,18,40,0.3116825290810931,0.4665017071943162
gp_ratio_ucb,18,41,0.3591703782490195,0.4730940630402338
gp_ratio_ucb,18,42,0.3591703782490195,0.4730940630402338
gp_ratio_ucb,18,43,0.3591703782490195,0.4744377795033964
gp_ratio_ucb,18,44,0.3591703782490195,0.4744377795033964
gp_ratio_ucb,18,45,0.3591703782490195,0.47631692785294755
gp_ratio_ucb,18,46,0.3591703782490195,0.47655141732622436
gp_ratio_ucb,18,47,0.3591703782490195,0.47655141732622436
gp_ratio_ucb,18,48,0.3591703782490195,0.4823270937754302
gp_ratio_ucb,18,49,0.3591703782490195,0.48377408517451953
gp_ratio_ucb,18,50,0.3591703782490195,0.48377408517451953
gp_ratio_ucb,18,51,0.3591703782490195,0.4997562361076952
gp_ratio_ucb,18,52,0.3591703782490195,0.5004581943586903
gp_ratio_ucb,18,53,0.3591703782490195,0.5004581943586903
gp_ratio_ucb,18,54,0.3591703782490195,0.5004581943586903
gp_ratio_ucb,18,55,0.3591703782490195,0.5200020578987232
gp_ratio_ucb,18,56,0.3591703782490195,0.5200020578987232
gp_ratio_ucb,18,57,0.3591703782490195,0.5200020578987232
gp_ratio_ucb,19,32,0.3116825290810931,0.4618851158947737
gp_ratio_ucb,19,33,0.3116825290810931,0.4618851158947737
gp_ratio_ucb,19,34,0.3116825290810931,0.4633049249649235
gp_ratio_ucb,19,35,0.3116825290810931,0.4633049249649235
gp_ratio_ucb,19,36,0.3116825290810931,0.4633049249649235
gp_ratio_ucb,19,37,0.3116825290810931,0.464159816500515
gp_ratio_ucb,19,38,0.3116825290810931,0.46521560633747217
gp_ratio_ucb,19,39,0.3116825290810931,0.46521560633747217
gp_ratio_ucb,19,40,0.3116825290810931,0.4665017071943162
gp_ratio_ucb,19,41,0.3591703782490195,0.4730940630402338
gp_ratio_ucb,19,42,0.3591703782490195,0.4730940630402338
gp_ratio_ucb,19,43,0.3591703782490195,0.4744377795033964
gp_ratio_ucb,19,44,0.3591703782490195,0.4744377795033964
gp_ratio_ucb,19,45,0.3591703782490195,0.47631692785294755
gp_ratio_ucb,19,46,0.3591703782490195,0.47655141732622436
gp_ratio_ucb,19,47,0.3591703782490195,0.47655141732622436
gp_ratio_ucb,19,48,0.3591703782490195,0.4823270937754302
gp_ratio_ucb,19,49,0.3591703782490195,0.48377408517451953
gp_ratio_ucb,19,50,0.3591703782490195,0.48377408517451953
gp_ratio_ucb,19,51,0.3591703782490195,0.4997562361076952
gp_ratio_ucb,19,52,0.3591703782490195,0.5004581943586903
gp_ratio_ucb,19,53,0.3591703782490195,0.5004581943586903
gp_ratio_ucb,19,54,0.3591703782490195,0.5004581943586903
gp_ratio_ucb,19,55,0.3591703782490195,0.5200020578987232
gp_ratio_ucb,19,56,0.3591703782490195,0.5200020578987232
gp_ratio_ucb,19,57,0.3591703782490195,0.5200020578987232
gp_ratio_ucb,20,32,0.3116825290810931,0.4618851158947737
gp_ratio_ucb,20,33,0.3116825290810931,0.4618851158947737
gp_ratio_ucb,20,34,0.3116825290810931,0.4633049249649235
gp_ratio_ucb,20,35,0.3116825290810931,0.4633049249649235
gp_ratio_ucb,20,36,0.3116825290810931,0.4633049249649235
gp_ratio_ucb,20,37,0.3116825290810931,0.464159816500515
gp_ratio_ucb,20,38,0.3116825290810931,0.46521560633747217
gp_ratio_ucb,20,39,0.3116825290810931,0.46521560633747217
gp_ratio_ucb,20,40,0.3116825290810931,0.4665017071943162
gp_ratio_ucb,20,41,0.3591703782490195,0.4730940630402338
gp_ratio_ucb,20,42,0.3591703782490195,0.4730940630402338
gp_ratio_ucb,20,43,0.3591703782490195,0.4744377795033964
gp_ratio_ucb,20,44,0.3591703782490195,0.4744377795033964
gp_ratio_ucb,20,45,0.3591703782490195,0.47631692785294755
gp_ratio_ucb,20,46,0.3591703782490195,0.47655141732622436
gp_ratio_ucb,20,47,0.3591703782490195,0.47655141732622436
gp_ratio_ucb,20,48,0.3591703782490195,0.4823270937754302
gp_ratio_ucb,20,49,0.3591703782490195,0.48377408517451953
gp_ratio_ucb,20,50,0.3591703782490195,0.48377408517451953
gp_ratio_ucb,20,51,0.3591703782490195,0.4997562361076952
gp_ratio_ucb,20,52,0.3591703782490195,0.5004581943586903
gp_ratio_ucb,20,53,0.3591703782490195,0.5004581943586903
gp_ratio_ucb,20,54,0.3591703782490195,0.5004581943586903
gp_ratio_ucb,20,55,0.3591703782490195,0.5200020578987232
gp_ratio_ucb,20,56,0.3591703782490195,0.5200020578987232
gp_ratio_ucb,20,57,0.3591703782490195,0.5200020578987232
gp_ratio_ucb,21,32,0.3116825290810931,0.4618851158947737
gp_ratio_ucb,21,33,0.3116825290810931,0.4618851158947737
gp_ratio_ucb,21,34,0.3116825290810931,0.4633049249649235
gp_ratio_ucb,21,35,0.3116825290810931,0.4633049249649235
gp_ratio_ucb,21,36,0.3116825290810931,0.4633049249649235
gp_ratio_ucb,21,37,0.3116825290810931,0.464159816500515
gp_ratio_ucb,21,38,0.3116825290810931,0.46521560633747217
gp_ratio_ucb,21,39,0.3116825290810931,0.46521560633747217
gp_ratio_ucb,21,40,0.3116825290810931,0.4665017071943162
gp_ratio_ucb,21,41,0.3591703782490195,0.4730940630402338
gp_ratio_ucb,21,42,0.3591703782490195,0.4730940630402338
gp_ratio_ucb,21,43,0.3591703782490195,0.4744377795033964
gp_ratio_ucb,21,44,0.3591703782490195,0.4744377795033964
gp_ratio_ucb,21,45,0.3591703782490195,0.47631692785294755
gp_ratio_ucb,21,46,0.3591703782490195,0.47655141732622436
gp_ratio_ucb,21,47,0.3591703782490195,0.47655141732622436
gp_ratio_ucb,21,48,0.3591703782490195,0.4823270937754302
gp_ratio_ucb,21,49,0.3591703782490195,0.48377408517451953
gp_ratio_ucb,21,50,0.3591703782490195,0.48377408517451953
gp_ratio_ucb,21,51,0.3591703782490195,0.4997562361076952
gp_ratio_ucb,21,52,0.3591703782490195,0.5004581943586903
gp_ratio_ucb,21,53,0.3591703782490195,0.5004581943586903
gp_ratio_ucb,21,54,0.3591703782490195,0.5004581943586903
gp_ratio_ucb,21,55,0.3591703782490195,0.5200020578987232
gp_ratio_ucb,21,56,0.3591703782490195,0.5200020578987232
gp_ratio_ucb,21,57,0.3591703782490195,0.5200020578987232
gp_ratio_ucb,22,32,0.3116825290810931,0.4618851158947737
gp_ratio_ucb,22,33,0.3116825290810931,0.4618851158947737
gp_ratio_ucb,22,34,0.3116825290810931,0.4633049249649235
gp_ratio_ucb,22,35,0.3116825290810931,0.4633049249649235
gp_ratio_ucb,22,36,0.3116825290810931,0.4633049249649235
gp_ratio_ucb,22,37,0.3116825290810931,0.464159816500515
gp_ratio_ucb,22,38,0.3116825290810931,0.46521560633747217
gp_ratio_ucb,22,39,0.3116825290810931,0.46521560633747217
gp_ratio_ucb,22,40,0.3116825290810931,0.4665017071943162
gp_ratio_ucb,22,41,0.3591703782490195,0.4730940630402338
gp_ratio_ucb,22,42,0.3591703782490195,0.4730940630402338
gp_ratio_ucb,22,43,0.3591703782490195,0.4744377795033964
gp_ratio_ucb,22,44,0.3591703782490195,0.4744377795033964
gp_ratio_ucb,22,45,0.3591703782490195,0.47631692785294755
gp_ratio_ucb,22,46,0.3591703782490195,0.47655141732622436
gp_ratio_ucb,22,47,0.3591703782490195,0.47655141732622436
gp_ratio_ucb,22,48,0.3591703782490195,0.4823270937754302
gp_ratio_ucb,22,49,0.3591703782490195,0.48377408517451953
gp_ratio_ucb,22,50,0.3591703782490195,0.48377408517451953
gp_ratio_ucb,22,51,0.3591703782490195,0.4997562361076952
gp_ratio_ucb,22,52,0.3591703782490195,0.5004581943586903
gp_ratio_ucb,22,53,0.3591703782490195,0.5004581943586903
gp_ratio_ucb,22,54,0.3591703782490195,0.5004581943586903
gp_ratio_ucb,22,55,0.3591703782490195,0.5200020578987232
gp_ratio_ucb,22,56,0.3591703782490195,0.5200020578987232
gp_ratio_ucb,22,57,0.3591703782490195,0.5200020578987232
gp_ratio_ucb,23,32,0.3116825290810931,0.4618851158947737
gp_ratio_ucb,23,33,0.3116825290810931,0.4618851158947737
gp_ratio_ucb,23,34,0.3116825290810931,0.4633049249649235
gp_ratio_ucb,23,35,0.3116825290810931,0.4633049249649235
gp_ratio_ucb,23,36,0.3116825290810931,0.4633049249649235
gp_ratio_ucb,23,37,0.3116825290810931,0.464159816500515
gp_ratio_ucb,23,38,0.3116825290810931,0.46521560633747217
gp_ratio_ucb,23,39,0.3116825290810931,0.46521560633747217
gp_ratio_ucb,23,40,0.3116825290810931,0.4665017071943162
gp_ratio_ucb,23,41,0.3591703782490195,0.4730940630402338
gp_ratio_ucb,23,42,0.3591703782490195,0.4730940630402338
gp_ratio_ucb,23,43,0.3591703782490195,0.4744377795033964
gp_ratio_ucb,23,44,0.3591703782490195,0.4744377795033964
gp_ratio_ucb,23,45,0.3591703782490195,0.47631692785294755
gp_ratio_ucb,23,46,0.3591703782490195,0.47655141732622436
gp_ratio_ucb,23,47,0.3591703782490195,0.47655141732622436
gp_ratio_ucb,23,48,0.3591703782490195,0.4823270937754302
gp_ratio_ucb,23,49,0.3591703782490195,0.48377408517451953
gp_ratio_ucb,23,50,0.3591703782490195,0.48377408517451953
gp_ratio_ucb,23,51,0.3591703782490195,0.4997562361076952
gp_ratio_ucb,23,52,0.3591703782490195,0.5004581943586903
gp_ratio_ucb,23,53,0.3591703782490195,0.5004581943586903
gp_ratio_ucb,23,54,0.3591703782490195,0.5004581943586903
gp_ratio_ucb,23,55,0.3591703782490195,0.5200020578987232
gp_ratio_ucb,23,56,0.3591703782490195,0.5200020578987232
gp_ratio_ucb,23,57,0.3591703782490195,0.5200020578987232
gp_ratio_ucb,24,32,0.3116825290810931,0.4618851158947737
gp_ratio_ucb,24,33,0.3116825290810931,0.4618851158947737
gp_ratio_ucb,24,34,0.3116825290810931,0.4633049249649235
gp_ratio_ucb,24,35,0.3116825290810931,0.4633049249649235
gp_ratio_ucb,24,36,0.3116825290810931,0.4633049249649235
gp_ratio_ucb,24,37,0.3116825290810931,0.464159816500515
gp_ratio_ucb,24,38,0.3116825290810931,0.46521560633747217
gp_ratio_ucb,24,39,0.3116825290810931,0.46521560633747217
gp_ratio_ucb,24,40,0.3116825290810931,0.4665017071943162
gp_ratio_ucb,24,41,0.3591703782490195,0.4730940630402338
gp_ratio_ucb,24,42,0.3591703782490195,0.4730940630402338
gp_ratio_ucb,24,43,0.3591703782490195,0.4744377795033964
gp_ratio_ucb,24,44,0.3591703782490195,0.4744377795033964
gp_ratio_ucb,24,45,0.3591703782490195,0.47631692785294755
gp_ratio_ucb,24,46,0.3591703782490195,0.47655141732622436
gp_ratio_ucb,24,47,0.3591703782490195,0.47655141732622436
gp_ratio_ucb,24,48,0.3591703782490195,0.4823270937754302
gp_ratio_ucb,24,49,0.3591703782490195,0.48377408517451953
gp_ratio_ucb,24,50,0.3591703782490195,0.48377408517451953
gp_ratio_ucb,24,51,0.3591703782490195,0.4997562361076952
gp_ratio_ucb,24,52,0.3591703782490195,0.5004581943586903
gp_ratio_ucb,24,53,0.3591703782490195,0.5004581943586903
gp_ratio_ucb,24,54,0.3591703782490195,0.5004581943586903
gp_ratio_ucb,24,55,0.3591703782490195,0.5200020578987232
gp_ratio_ucb,24,56,0.3591703782490195,0.5200020578987232
gp_ratio_ucb,24,57,0.3591703782490195,0.5200020578987232
gp_ratio_ucb,25,32,0.3116825290810931,0.4618851158947737
gp_ratio_ucb,25,33,0.3116825290810931,0.4618851158947737
gp_ratio_ucb,25,34,0.3116825290810931,0.4633049249649235
gp_ratio_ucb,25,35,0.3116825290810931,0.4633049249649235
gp_ratio_ucb,25,36,0.3116825290810931,0.4633049249649235
gp_ratio_ucb,25,37,0.3116825290810931,0.464159816500515
gp_ratio_ucb,25,38,0.3116825290810931,0.46521560633747217
gp_ratio_ucb,25,39,0.3116825290810931,0.46521560633747217
gp_ratio_ucb,25,40,0.3116825290810931,0.4665017071943162
gp_ratio_ucb,25,41,0.3591703782490195,0.4730940630402338
gp_ratio_ucb,25,42,0.3591703782490195,0.4730940630402338
gp_ratio_ucb,25,43,0.3591703782490195,0.4744377795033964
gp_ratio_ucb,25,44,0.3591703782490195,0.4744377795033964
gp_ratio_ucb,25,45,0.3591703782490195,0.47631692785294755
gp_ratio_ucb,25,46,0.3591703782490195,0.47655141732622436
gp_ratio_ucb,25,47,0.3591703782490195,0.47655141732622436
gp_ratio_ucb,25,48,0.3591703782490195,0.4823270937754302
gp_ratio_ucb,25,49,0.3591703782490195,0.48377408517451953
gp_ratio_ucb,25,50,0.3591703782490195,0.48377408517451953
gp_ratio_ucb,25,51,0.3591703782490195,0.4997562361076952
gp_ratio_ucb,25,52,0.3591703782490195,0.5004581943586903
gp_ratio_ucb,25,53,0.3591703782490195,0.5004581943586903
gp_ratio_ucb,25,54,0.3591703782490195,0.5004581943586903
gp_ratio_ucb,25,55,0.3591703782490195,0.5200020578987232
gp_ratio_ucb,25,56,0.3591703782490195,0.5200020578987232
gp_ratio_ucb,25,57,0.3591703782490195,0.5200020578987232
gp_ratio_ucb,26,32,0.3116825290810931,0.4618851158947737
gp_ratio_ucb,26,33,0.3116825290810931,0.4618851158947737
gp_ratio_ucb,26,34,0.3116825290810931,0.4633049249649235
gp_ratio_ucb,26,35,0.3116825290810931,0.4633049249649235
gp_ratio_ucb,26,36,0.3116825290810931,0.4633049249649235
gp_ratio_ucb,26,37,0.3116825290810931,0.464159816500515
gp_ratio_ucb,26,38,0.3116825290810931,0.46521560633747217
gp_ratio_ucb,26,39,0.3116825290810931,0.46521560633747217
gp_ratio_ucb,26,40,0.3116825290810931,0.4665017071943162
gp_ratio_ucb,26,41,0.3591703782490195,0.4730940630402338
gp_ratio_ucb,26,42,0.3591703782490195,0.4730940630402338
gp_ratio_ucb,26,43,0.3591703782490195,0.4744377795033964
gp_ratio_ucb,26,44,0.3591703782490195,0.4744377795033964
gp_ratio_ucb,26,45,0.3591703782490195,0.47631692785294755
gp_ratio_ucb,26,46,0.3591703782490195,0.47655141732622436
gp_ratio_ucb,26,47,0.3591703782490195,0.47655141732622436
gp_ratio_ucb,26,48,0.3591703782490195,0.4823270937754302
gp_ratio_ucb,26,49,0.3591703782490195,0.48377408517451953
gp_ratio_ucb,26,50,0.3591703782490195,0.48377408517451953
gp_ratio_ucb,26,51,0.3591703782490195,0.4997562361076952
gp_ratio_ucb,26,52,0.3591703782490195,0.5004581943586903
gp_ratio_ucb,26,53,0.3591703782490195,0.5004581943586903
gp_ratio_ucb,26,54,0.3591703782490195,0.5004581943586903
gp_ratio_ucb,26,55,0.3591703782490195,0.5200020578987232
gp_ratio_ucb,26,56,0.3591703782490195,0.5200020578987232
gp_ratio_ucb,26,57,0.3591703782490195,0.5200020578987232
gp_ratio_ucb,27,32,0.3116825290810931,0.4618851158947737
gp_ratio_ucb,27,33,0.3116825290810931,0.4618851158947737
gp_ratio_ucb,27,34,0.3116825290810931,0.4633049249649235
gp_ratio_ucb,27,35,0.3116825290810931,0.4633049249649235
gp_ratio_ucb,27,36,0.3116825290810931,0.4633049249649235
gp_ratio_ucb,27,37,0.3116825290810931,0.464159816500515
gp_ratio_ucb,27,38,0.3116825290810931,0.46521560633747217
gp_ratio_ucb,27,39,0.3116825290810931,0.46521560633747217
gp_ratio_ucb,27,40,0.3116825290810931,0.4665017071943162
gp_ratio_ucb,27,41,0.3591703782490195,0.4730940630402338
gp_ratio_ucb,27,42,0.3591703782490195,0.4730940630402338
gp_ratio_ucb,27,43,0.3591703782490195,0.4744377795033964
gp_ratio_ucb,27,44,0.3591703782490195,0.4744377795033964
gp_ratio_ucb,27,45,0.3591703782490195,0.47631692785294755
gp_ratio_ucb,27,46,0.3591703782490195,0.47655141732622436
gp_ratio_ucb,27,47,0.3591703782490195,0.47655141732622436
gp_ratio_ucb,27,48,0.3591703782490195,0.4823270937754302
gp_ratio_ucb,27,49,0.3591703782490195,0.48377408517451953
gp_ratio_ucb,27,50,0.3591703782490195,0.48377408517451953
gp_ratio_ucb,27,51,0.3591703782490195,0.4997562361076952
gp_ratio_ucb,27,52,0.3591703782490195,0.5004581943586903
gp_ratio_ucb,27,53,0.3591703782490195,0.5004581943586903
gp_ratio_ucb,27,54,0.3591703782490195,0.5004581943586903
gp_ratio_ucb,27,55,0.3591703782490195,0.5200020578987232
gp_ratio_ucb,27,56,0.3591703782490195,0.5200020578987232
gp_ratio_ucb,27,57,0.3591703782490195,0.5200020578987232
gp_ratio_ucb,28,32,0.3116825290810931,0.4618851158947737
gp_ratio_ucb,28,33,0.3116825290810931,0.4618851158947737
gp_ratio_ucb,28,34,0.3116825290810931,0.4633049249649235
gp_ratio_ucb,28,35,0.3116825290810931,0.4633049249649235
gp_ratio_ucb,28,36,0.3116825290810931,0.4633049249649235
gp_ratio_ucb,28,37,0.3116825290810931,0.464159816500515
gp_ratio_ucb,28,38,0.3116825290810931,0.46521560633747217
gp_ratio_ucb,28,39,0.3116825290810931,0.46521560633747217
gp_ratio_ucb,28,40,0.3116825290810931,0.4665017071943162
gp_ratio_ucb,28,41,0.3591703782490195,0.4730940630402338
gp_ratio_ucb,28,42,0.3591703782490195,0.4730940630402338
gp_ratio_ucb,28,43,0.3591703782490195,0.4744377795033964
gp_ratio_ucb,28,44,0.3591703782490195,0.4744377795033964
gp_ratio_ucb,28,45,0.3591703782490195,0.47631692785294755
gp_ratio_ucb,28,46,0.3591703782490195,0.47655141732622436
gp_ratio_ucb,28,47,0.3591703782490195,0.47655141732622436
gp_ratio_ucb,28,48,0.3591703782490195,0.4823270937754302
gp_ratio_ucb,28,49,0.3591703782490195,0.48377408517451953
gp_ratio_ucb,28,50,0.3591703782490195,0.48377408517451953
gp_ratio_ucb,28,51,0.3591703782490195,0.4997562361076952
gp_ratio_ucb,28,52,0.3591703782490195,0.5004581943586903
gp_ratio_ucb,28,53,0.3591703782490195,0.5004581943586903
gp_ratio_ucb,28,54,0.3591703782490195,0.5004581943586903
gp_ratio_ucb,28,55,0.3591703782490195,0.5200020578987232
gp_ratio_ucb,28,56,0.3591703782490195,0.5200020578987232
gp_ratio_ucb,28,57,0.3591703782490195,0.5200020578987232
gp_ratio_ucb,29,32,0.3116825290810931,0.4618851158947737
gp_ratio_ucb,29,33,0.3116825290810931,0.4618851158947737
gp_ratio_ucb,29,34,0.3116825290810931,0.4633049249649235
gp_ratio_ucb,29,35,0.3116825290810931,0.4633049249649235
gp_ratio_ucb,29,36,0.3116825290810931,0.4633049249649235
gp_ratio_ucb,29,37,0.3116825290810931,0.464159816500515
gp_ratio_ucb,29,38,0.3116825290810931,0.46521560633747217
gp_ratio_ucb,29,39,0.3116825290810931,0.46521560633747217
gp_ratio_ucb,29,40,0.3116825290810931,0.4665017071943162
gp_ratio_ucb,29,41,0.3591703782490195,0.4730940630402338
gp_ratio_ucb,29,42,0.3591703782490195,0.4730940630402338
gp_ratio_ucb,29,43,0.3591703782490195,0.4744377795033964
gp_ratio_ucb,29,44,0.3591703782490195,0.4744377795033964
gp_ratio_ucb,29,45,0.3591703782490195,0.47631692785294755
gp_ratio_ucb,29,46,0.3591703782490195,0.47655141732622436
gp_ratio_ucb,29,47,0.3591703782490195,0.47655141732622436
gp_ratio_ucb,29,48,0.3591703782490195,0.4823270937754302
gp_ratio_ucb,29,49,0.3591703782490195,0.48377408517451953
gp_ratio_ucb,29,50,0.3591703782490195,0.48377408517451953
gp_ratio_ucb,29,51,0.3591703782490195,0.4997562361076952
gp_ratio_ucb,29,52,0.3591703782490195,0.5004581943586903
gp_ratio_ucb,29,53,0.3591703782490195,0.5004581943586903
gp_ratio_ucb,29,54,0.3591703782490195,0.5004581943586903
gp_ratio_ucb,29,55,0.3591703782490195,0.5200020578987232
gp_ratio_ucb,29,56,0.3591703782490195,0.5200020578987232
gp_ratio_ucb,29,57,0.3591703782490195,0.5200020578987232
gp_ratio_ucb,30,32,0.3116825290810931,0.4618851158947737
gp_ratio_ucb,30,33,0.3116825290810931,0.4618851158947737
gp_ratio_ucb,30,34,0.3116825290810931,0.4633049249649235
gp_ratio_ucb,30,35,0.3116825290810931,0.4633049249649235
gp_ratio_ucb,30,36,0.3116825290810931,0.4633049249649235
gp_ratio_ucb,30,37,0.3116825290810931,0.464159816500515
gp_ratio_ucb,30,38,0.3116825290810931,0.46521560633747217
gp_ratio_ucb,30,39,0.3116825290810931,0.46521560633747217
gp_ratio_ucb,30,40,0.3116825290810931,0.4665017071943162
gp_ratio_ucb,30,41,0.3591703782490195,0.4730940630402338
gp_ratio_ucb,30,42,0.3591703782490195,0.4730940630402338
gp_ratio_ucb,30,43,0.3591703782490195,0.4744377795033964
gp_ratio_ucb,30,44,0.3591703782490195,0.4744377795033964
gp_ratio_ucb,30,45,0.3591703782490195,0.47631692785294755
gp_ratio_ucb,30,46,0.3591703782490195,0.47655141732622436
gp_ratio_ucb,30,47,0.3591703782490195,0.47655141732622436
gp_ratio_ucb,30,48,0.3591703782490195,0.4823270937754302
gp_ratio_ucb,30,49,0.3591703782490195,0.48377408517451953
gp_ratio_ucb,30,50,0.3591703782490195,0.48377408517451953
gp_ratio_ucb,30,51,0.3591703782490195,0.4997562361076952
gp_ratio_ucb,30,52,0.3591703782490195,0.5004581943586903
gp_ratio_ucb,30,53,0.3591703782490195,0.5004581943586903
gp_ratio_ucb,30,54,0.3591703782490195,0.5004581943586903
gp_ratio_ucb,30,55,0.3591703782490195,0.5200020578987232
gp_ratio_ucb,30,56,0.3591703782490195,0.5200020578987232
gp_ratio_ucb,30,57,0.3591703782490195,0.5200020578987232
gp_ratio_ucb,31,32,0.3116825290810931,0.4618851158947737
gp_ratio_ucb,31,33,0.3116825290810931,0.4618851158947737
gp_ratio_ucb,31,34,0.3116825290810931,0.4633049249649235
gp_ratio_ucb,31,35,0.3116825290810931,0.4633049249649235
gp_ratio_ucb,31,36,0.3116825290810931,0.4633049249649235
gp_ratio_ucb,31,37,0.3116825290810931,0.464159816500515
gp_ratio_ucb,31,38,0.3116825290810931,0.46521560633747217
gp_ratio_ucb,31,39,0.3116825290810931,0.46521560633747217
gp_ratio_ucb,31,40,0.3116825290810931,0.4665017071943162
gp_ratio_ucb,31,41,0.3591703782490195,0.4730940630402338
gp_ratio_ucb,31,42,0.3591703782490195,0.4730940630402338
gp_ratio_ucb,31,43,0.3591703782490195,0.4744377795033964
gp_ratio_ucb,31,44,0.3591703782490195,0.4744377795033964
gp_ratio_ucb,31,45,0.3591703782490195,0.47631692785294755
gp_ratio_ucb,31,46,0.3591703782490195,0.47655141732622436
gp_ratio_ucb,31,47,0.3591703782490195,0.47655141732622436
gp_ratio_ucb,31,48,0.3591703782490195,0.4823270937754302
gp_ratio_ucb,31,49,0.3591703782490195,0.48377408517451953
gp_ratio_ucb,31,50,0.3591703782490195,0.48377408517451953
gp_ratio_ucb,31,51,0.3591703782490195,0.4997562361076952
gp_ratio_ucb,31,52,0.3591703782490195,0.5004581943586903
gp_ratio_ucb,31,53,0.3591703782490195,0.5004581943586903
gp_ratio_ucb,31,54,0.3591703782490195,0.5004581943586903
gp_ratio_ucb,31,55,0.3591703782490195,0.5200020578987232
gp_ratio_ucb,31,56,0.3591703782490195,0.5200020578987232
gp_ratio_ucb,31,57,0.3591703782490195,0.5200020578987232
gp_ratio_ucb,32,32,0.3116825290810931,0.4618851158947737
gp_ratio_ucb,32,33,0.3116825290810931,0.4618851158947737
gp_ratio_ucb,32,34,0.3116825290810931,0.4633049249649235
gp_ratio_ucb,32,35,0.3116825290810931,0.4633049249649235
gp_ratio_ucb,32,36,0.3116825290810931,0.4633049249649235
gp_ratio_ucb,32,37,0.3116825290810931,0.464159816500515
gp_ratio_ucb,32,38,0.3116825290810931,0.46521560633747217
gp_ratio_ucb,32,39,0.3116825290810931,0.46521560633747217
gp_ratio_ucb,32,40,0.3116825290810931,0.4665017071943162
gp_ratio_ucb,32,41,0.3591703782490195,0.4730940630402338
gp_ratio_ucb,32,42,0.3591703782490195,0.4730940630402338
gp_ratio_ucb,32,43,0.3591703782490195,0.4744377795033964
gp_ratio_ucb,32,44,0.3591703782490195,0.4744377795033964
gp_ratio_ucb,32,45,0.3591703782490195,0.47631692785294755
gp_ratio_ucb,32,46,0.3591703782490195,0.47655141732622436
gp_ratio_ucb,32,47,0.3591703782490195,0.47655141732622436
gp_ratio_ucb,32,48,0.3591703782490195,0.4823270937754302
gp_ratio_ucb,32,49,0.3591703782490195,0.48377408517451953
gp_ratio_ucb,32,50,0.3591703782490195,0.48377408517451953
gp_ratio_ucb,32,51,0.3591703782490195,0.4997562361076952
gp_ratio_ucb,32,52,0.3591703782490195,0.5004581943586903
gp_ratio_ucb,32,53,0.3591703782490195,0.5004581943586903
gp_ratio_ucb,32,54,0.3591703782490195,0.5004581943586903
gp_ratio_ucb,32,55,0.3591703782490195,0.5200020578987232
gp_ratio_ucb,32,56,0.3591703782490195,0.5200020578987232
gp_ratio_ucb,32,57,0.3591703782490195,0.5200020578987232
gp_ratio_ucb,33,32,0.3116825290810931,0.4618851158947737
gp_ratio_ucb,33,33,0.3116825290810931,0.4618851158947737
gp_ratio_ucb,33,34,0.3116825290810931,0.4633049249649235
gp_ratio_ucb,33,35,0.3116825290810931,0.4633049249649235
gp_ratio_ucb,33,36,0.3116825290810931,0.4633049249649235
gp_ratio_ucb,33,37,0.3116825290810931,0.464159816500515
gp_ratio_ucb,33,38,0.3116825290810931,0.46521560633747217
gp_ratio_ucb,33,39,0.3116825290810931,0.46521560633747217
gp_ratio_ucb,33,40,0.3116825290810931,0.4665017071943162
gp_ratio_ucb,33,41,0.3591703782490195,0.4730940630402338
gp_ratio_ucb,33,42,0.3591703782490195,0.4730940630402338
gp_ratio_ucb,33,43,0.3591703782490195,0.4744377795033964
gp_ratio_ucb,33,44,0.3591703782490195,0.4744377795033964
gp_ratio_ucb,33,45,0.3591703782490195,0.47631692785294755
gp_ratio_ucb,33,46,0.3591703782490195,0.47655141732622436
gp_ratio_ucb,33,47,0.3591703782490195,0.47655141732622436
gp_ratio_ucb,33,48,0.3591703782490195,0.4823270937754302
gp_ratio_ucb,33,49,0.3591703782490195,0.48377408517451953
gp_ratio_ucb,33,50,0.3591703782490195,0.48377408517451953
gp_ratio_ucb,33,51,0.3591703782490195,0.4997562361076952
gp_ratio_ucb,33,52,0.3591703782490195,0.5004581943586903
gp_ratio_ucb,33,53,0.3591703782490195,0.5004581943586903
gp_ratio_ucb,33,54,0.3591703782490195,0.5004581943586903
gp_ratio_ucb,33,55,0.3591703782490195,0.5200020578987232
gp_ratio_ucb,33,56,0.3591703782490195,0.5200020578987232
gp_ratio_ucb,33,57,0.3591703782490195,0.5200020578987232
gp_ratio_ucb,34,32,0.3116825290810931,0.4618851158947737
gp_ratio_ucb,34,33,0.3116825290810931,0.4618851158947737
gp_ratio_ucb,34,34,0.3116825290810931,0.4633049249649235
gp_ratio_ucb,34,35,0.3116825290810931,0.4633049249649235
gp_ratio_ucb,34,36,0.3116825290810931,0.4633049249649235
gp_ratio_ucb,34,37,0.3116825290810931,0.464159816500515
gp_ratio_ucb,34,38,0.3116825290810931,0.46521560633747217
gp_ratio_ucb,34,39,0.3116825290810931,0.46521560633747217
gp_ratio_ucb,34,40,0.3116825290810931,0.4665017071943162
gp_ratio_ucb,34,41,0.3591703782490195,0.4730940630402338
gp_ratio_ucb,34,42,0.3591703782490195,0.4730940630402338
gp_ratio_ucb,34,43,0.3591703782490195,0.4744377795033964
gp_ratio_ucb,34,44,0.3591703782490195,0.4744377795033964
gp_ratio_ucb,34,45,0.3591703782490195,0.47631692785294755
gp_ratio_ucb,34,46,0.3591703782490195,0.47655141732622436
gp_ratio_ucb,34,47,0.3591703782490195,0.47655141732622436
gp_ratio_ucb,34,48,0.3591703782490195,0.4823270937754302
gp_ratio_ucb,34,49,0.3591703782490195,0.48377408517451953
gp_ratio_ucb,34,50,0.3591703782490195,0.48377408517451953
gp_ratio_ucb,34,51,0.3591703782490195,0.4997562361076952
gp_ratio_ucb,34,52,0.3591703782490195,0.5004581943586903
gp_ratio_ucb,34,53,0.3591703782490195,0.5004581943586903
gp_ratio_ucb,34,54,0.3591703782490195,0.5004581943586903
gp_ratio_ucb,34,55,0.3591703782490195,0.5200020578987232
gp_ratio_ucb,34,56,0.3591703782490195,0.5200020578987232
gp_ratio_ucb,34,57,0.3591703782490195,0.5200020578987232
gp_ratio_ucb,35,32,0.3116825290810931,0.4618851158947737
gp_ratio_ucb,35,33,0.3116825290810931,0.4618851158947737
gp_ratio_ucb,35,34,0.3116825290810931,0.4633049249649235
gp_ratio_ucb,35,35,0.3116825290810931,0.4633049249649235
gp_ratio_ucb,35,36,0.3116825290810931,0.4633049249649235
gp_ratio_ucb,35,37,0.3116825290810931,0.464159816500515
gp_ratio_ucb,35,38,0.3116825290810931,0.46521560633747217
gp_ratio_ucb,35,39,0.3116825290810931,0.46521560633747217
gp_ratio_ucb,35,40,0.3116825290810931,0.4665017071943162
gp_ratio_ucb,35,41,0.3591703782490195,0.4730940630402338
gp_ratio_ucb,35,42,0.3591703782490195,0.4730940630402338
gp_ratio_ucb,35,43,0.3591703782490195,0.4744377795033964
gp_ratio_ucb,35,44,0.3591703782490195,0.4744377795033964
gp_ratio_ucb,35,45,0.3591703782490195,0.47631692785294755
gp_ratio_ucb,35,46,0.3591703782490195,0.47655141732622436
gp_ratio_ucb,35,47,0.3591703782490195,0.47655141732622436
gp_ratio_ucb,35,48,0.3591703782490195,0.4823270937754302
gp_ratio_ucb,35,49,0.3591703782490195,0.48377408517451953
gp_ratio_ucb,35,50,0.3591703782490195,0.48377408517451953
gp_ratio_ucb,35,51,0.3591703782490195,0.4997562361076952
gp_ratio_ucb,35,52,0.3591703782490195,0.5004581943586903
gp_ratio_ucb,35,53,0.3591703782490195,0.5004581943586903
gp_ratio_ucb,35,54,0.3591703782490195,0.5004581943586903
gp_ratio_ucb,35,55,0.3591703782490195,0.5200020578987232
gp_ratio_ucb,35,56,0.3591703782490195,0.5200020578987232
gp_ratio_ucb,35,57,0.3591703782490195,0.5200020578987232
gp_ratio_ucb,36,32,0.3116825290810931,0.4618851158947737
gp_ratio_ucb,36,33,0.3116825290810931,0.4618851158947737
gp_ratio_ucb,36,34,0.3116825290810931,0.4633049249649235
gp_ratio_ucb,36,35,0.3116825290810931,0.4633049249649235
gp_ratio_ucb,36,36,0.3116825290810931,0.4633049249649235
gp_ratio_ucb,36,37,0.3116825290810931,0.464159816500515
gp_ratio_ucb,36,38,0.3116825290810931,0.46521560633747217
gp_ratio_ucb,36,39,0.3116825290810931,0.46521560633747217
gp_ratio_ucb,36,40,0.3116825290810931,0.4665017071943162
gp_ratio_ucb,36,41,0.3591703782490195,0.4730940630402338
gp_ratio_ucb,36,42,0.3591703782490195,0.4730940630402338
gp_ratio_ucb,36,43,0.3591703782490195,0.4744377795033964
gp_ratio_ucb,36,44,0.3591703782490195,0.4744377795033964
gp_ratio_ucb,36,45,0.3591703782490195,0.47631692785294755
gp_ratio_ucb,36,46,0.3591703782490195,0.47655141732622436
gp_ratio_ucb,36,47,0.3591703782490195,0.47655141732622436
gp_ratio_ucb,36,48,0.3591703782490195,0.4823270937754302
gp_ratio_ucb,36,49,0.3591703782490195,0.48377408517451953
gp_ratio_ucb,36,50,0.3591703782490195,0.48377408517451953
gp_ratio_ucb,36,51,0.3591703782490195,0.4997562361076952
gp_ratio_ucb,36,52,0.3591703782490195,0.5004581943586903
gp_ratio_ucb,36,53,0.3591703782490195,0.5004581943586903
gp_ratio_ucb,36,54,0.3591703782490195,0.5004581943586903
gp_ratio_ucb,36,55,0.3591703782490195,0.5200020578987232
gp_ratio_ucb,36,56,0.3591703782490195,0.5200020578987232
gp_ratio_ucb,36,57,0.3591703782490195,0.5200020578987232
gp_ratio_ucb,37,32,0.3116825290810931,0.4618851158947737
gp_ratio_ucb,37,33,0.3116825290810931,0.4618851158947737
gp_ratio_ucb,37,34,0.3116825290810931,0.4633049249649235
gp_ratio_ucb,37,35,0.3116825290810931,0.4633049249649235
gp_ratio_ucb,37,36,0.3116825290810931,0.4633049249649235
gp_ratio_ucb,37,37,0.3116825290810931,0.464159816500515
gp_ratio_ucb,37,38,0.3116825290810931,0.46521560633747217
gp_ratio_ucb,37,39,0.3116825290810931,0.46521560633747217
gp_ratio_ucb,37,40,0.3116825290810931,0.4665017071943162
gp_ratio_ucb,37,41,0.3591703782490195,0.4730940630402338
gp_ratio_ucb,37,42,0.3591703782490195,0.4730940630402338
gp_ratio_ucb,37,43,0.3591703782490195,0.4744377795033964
gp_ratio_ucb,37,44,0.3591703782490195,0.4744377795033964
gp_ratio_ucb,37,45,0.3591703782490195,0.47631692785294755
gp_ratio_ucb,37,46,0.3591703782490195,0.47655141732622436
gp_ratio_ucb,37,47,0.3591703782490195,0.47655141732622436
gp_ratio_ucb,37,48,0.3591703782490195,0.4823270937754302
gp_ratio_ucb,37,49,0.3591703782490195,0.48377408517451953
gp_ratio_ucb,37,50,0.3591703782490195,0.48377408517451953
gp_ratio_ucb,37,51,0.3591703782490195,0.4997562361076952
gp_ratio_ucb,37,52,0.3591703782490195,0.5004581943586903
gp_ratio_ucb,37,53,0.3591703782490195,0.5004581943586903
gp_ratio_ucb,37,54,0.3591703782490195,0.5004581943586903
gp_ratio_ucb,37,55,0.3591703782490195,0.5200020578987232
gp_ratio_ucb,37,56,0.3591703782490195,0.5200020578987232
gp_ratio_ucb,37,57,0.3591703782490195,0.5200020578987232
gp_ratio_ucb,38,32,0.3116825290810931,0.4618851158947737
gp_ratio_ucb,38,33,0.3116825290810931,0.4618851158947737
gp_ratio_ucb,38,34,0.3116825290810931,0.4633049249649235
gp_ratio_ucb,38,35,0.3116825290810931,0.4633049249649235
gp_ratio_ucb,38,36,0.3116825290810931,0.4633049249649235
gp_ratio_ucb,38,37,0.3116825290810931,0.464159816500515
gp_ratio_ucb,38,38,0.3116825290810931,0.46521560633747217
gp_ratio_ucb,38,39,0.3116825290810931,0.46521560633747217
gp_ratio_ucb,38,40,0.3116825290810931,0.4665017071943162
gp_ratio_ucb,38,41,0.3591703782490195,0.4730940630402338
gp_ratio_ucb,38,42,0.3591703782490195,0.4730940630402338
gp_ratio_ucb,38,43,0.3591703782490195,0.4744377795033964
gp_ratio_ucb,38,44,0.3591703782490195,0.4744377795033964
gp_ratio_ucb,38,45,0.3591703782490195,0.47631692785294755
gp_ratio_ucb,38,46,0.3591703782490195,0.47655141732622436
gp_ratio_ucb,38,47,0.3591703782490195,0.47655141732622436
gp_ratio_ucb,38,48,0.3591703782490195,0.4823270937754302
gp_ratio_ucb,38,49,0.3591703782490195,0.48377408517451953
gp_ratio_ucb,38,50,0.3591703782490195,0.48377408517451953
gp_ratio_ucb,38,51,0.3591703782490195,0.4997562361076952
gp_ratio_ucb,38,52,0.3591703782490195,0.5004581943586903
gp_ratio_ucb,38,53,0.3591703782490195,0.5004581943586903
gp_ratio_ucb,38,54,0.3591703782490195,0.5004581943586903
gp_ratio_ucb,38,55,0.3591703782490195,0.5200020578987232
gp_ratio_ucb,38,56,0.3591703782490195,0.5200020578987232
gp_ratio_ucb,38,57,0.3591703782490195,0.5200020578987232
gp_ratio_ucb,39,32,0.3116825290810931,0.4618851158947737
gp_ratio_ucb,39,33,0.3116825290810931,0.4618851158947737
gp_ratio_ucb,39,34,0.3116825290810931,0.4633049249649235
gp_ratio_ucb,39,35,0.3116825290810931,0.4633049249649235
gp_ratio_ucb,39,36,0.3116825290810931,0.4633049249649235
gp_ratio_ucb,39,37,0.3116825290810931,0.464159816500515
gp_ratio_ucb,39,38,0.3116825290810931,0.46521560633747217
gp_ratio_ucb,39,39,0.3116825290810931,0.46521560633747217
gp_ratio_ucb,39,40,0.3116825290810931,0.4665017071943162
gp_ratio_ucb,39,41,0.3591703782490195,0.4730940630402338
gp_ratio_ucb,39,42,0.3591703782490195,0.4730940630402338
gp_ratio_ucb,39,43,0.3591703782490195,0.4744377795033964
gp_ratio_ucb,39,44,0.3591703782490195,0.4744377795033964
gp_ratio_ucb,39,45,0.3591703782490195,0.47631692785294755
gp_ratio_ucb,39,46,0.3591703782490195,0.47655141732622436
gp_ratio_ucb,39,47,0.3591703782490195,0.47655141732622436
gp_ratio_ucb,39,48,0.3591703782490195,0.4823270937754302
gp_ratio_ucb,39,49,0.3591703782490195,0.48377408517451953
gp_ratio_ucb,39,50,0.3591703782490195,0.48377408517451953
gp_ratio_ucb,39,51,0.3591703782490195,0.4997562361076952
gp_ratio_ucb,39,52,0.3591703782490195,0.5004581943586903
gp_ratio_ucb,39,53,0.3591703782490195,0.5004581943586903
gp_ratio_ucb,39,54,0.3591703782490195,0.5004581943586903
gp_ratio_ucb,39,55,0.3591703782490195,0.5200020578987232
gp_ratio_ucb,39,56,0.3591703782490195,0.5200020578987232
gp_ratio_ucb,39,57,0.3591703782490195,0.5200020578987232
gp_ratio_ucb,40,32,0.3116825290810931,0.4618851158947737
gp_ratio_ucb,40,33,0.3116825290810931,0.4618851158947737
gp_ratio_ucb,40,34,0.3116825290810931,0.4633049249649235
gp_ratio_ucb,40,35,0.3116825290810931,0.4633049249649235
gp_ratio_ucb,40,36,0.3116825290810931,0.4633049249649235
gp_ratio_ucb,40,37,0.3116825290810931,0.464159816500515
gp_ratio_ucb,40,38,0.3116825290810931,0.46521560633747217
gp_ratio_ucb,40,39,0.3116825290810931,0.46521560633747217
gp_ratio_ucb,40,40,0.3116825290810931,0.4665017071943162
gp_ratio_ucb,40,41,0.3591703782490195,0.4730940630402338
gp_ratio_ucb,40,42,0.3591703782490195,0.4730940630402338
gp_ratio_ucb,40,43,0.3591703782490195,0.4744377795033964
gp_ratio_ucb,40,44,0.3591703782490195,0.4744377795033964
gp_ratio_ucb,40,45,0.3591703782490195,0.47631692785294755
gp_ratio_ucb,40,46,0.3591703782490195,0.47655141732622436
gp_ratio_ucb,40,47,0.3591703782490195,0.47655141732622436
gp_ratio_ucb,40,48,0.3591703782490195,0.4823270937754302
gp_ratio_ucb,40,49,0.3591703782490195,0.48377408517451953
gp_ratio_ucb,40,50,0.3591703782490195,0.48377408517451953
gp_ratio_ucb,40,51,0.3591703782490195,0.4997562361076952
gp_ratio_ucb,40,52,0.3591703782490195,0.5004581943586903
gp_ratio_ucb,40,53,0.3591703782490195,0.5004581943586903
gp_ratio_ucb,40,54,0.3591703782490195,0.5004581943586903
gp_ratio_ucb,40,55,0.3591703782490195,0.5200020578987232
gp_ratio_ucb,40,56,0.3591703782490195,0.5200020578987232
gp_ratio_ucb,40,57,0.3591703782490195,0.5200020578987232
gp_ratio_ucb,41,32,0.3116825290810931,0.4618851158947737
gp_ratio_ucb,41,33,0.3116825290810931,0.4618851158947737
gp_ratio_ucb,41,34,0.3116825290810931,0.4633049249649235
gp_ratio_ucb,41,35,0.3116825290810931,0.4633049249649235
gp_ratio_ucb,41,36,0.3116825290810931,0.4633049249649235
gp_ratio_ucb,41,37,0.3116825290810931,0.464159816500515
gp_ratio_ucb,41,38,0.3116825290810931,0.46521560633747217
gp_ratio_ucb,41,39,0.3116825290810931,0.46521560633747217
gp_ratio_ucb,41,40,0.3116825290810931,0.4665017071943162
gp_ratio_ucb,41,41,0.3591703782490195,0.4730940630402338
gp_ratio_ucb,41,42,0.3591703782490195,0.4730940630402338
gp_ratio_ucb,41,43,0.3591703782490195,0.4744377795033964
gp_ratio_ucb,41,44,0.3591703782490195,0.4744377795033964
gp_ratio_ucb,41,45,0.3591703782490195,0.47631692785294755
gp_ratio_ucb,41,46,0.3591703782490195,0.47655141732622436
gp_ratio_ucb,41,47,0.3591703782490195,0.47655141732622436
gp_ratio_ucb,41,48,0.3591703782490195,0.4823270937754302
gp_ratio_ucb,41,49,0.3591703782490195,0.48377408517451953
gp_ratio_ucb,41,50,0.3591703782490195,0.48377408517451953
gp_ratio_ucb,41,51,0.3591703782490195,0.4997562361076952
gp_ratio_ucb,41,52,0.3591703782490195,0.5004581943586903
gp_ratio_ucb,41,53,0.3591703782490195,0.5004581943586903
gp_ratio_ucb,41,54,0.3591703782490195,0.5004581943586903
gp_ratio_ucb,41,55,0.3591703782490195,0.5200020578987232
gp_ratio_ucb,41,56,0.3591703782490195,0.5200020578987232
gp_ratio_ucb,41,57,0.3591703782490195,0.5200020578987232
gp_ratio_ucb,42,32,0.3116825290810931,0.4618851158947737
gp_ratio_ucb,42,33,0.3116825290810931,0.4618851158947737
gp_ratio_ucb,42,34,0.3116825290810931,0.4633049249649235
gp_ratio_ucb,42,35,0.3116825290810931,0.4633049249649235
gp_ratio_ucb,42,36,0.3116825290810931,0.4633049249649235
gp_ratio_ucb,42,37,0.3116825290810931,0.464159816500515
gp_ratio_ucb,42,38,0.3116825290810931,0.46521560633747217
gp_ratio_ucb,42,39,0.3116825290810931,0.46521560633747217
gp_ratio_ucb,42,40,0.3116825290810931,0.4665017071943162
gp_ratio_ucb,42,41,0.3591703782490195,0.4730940630402338
gp_ratio_ucb,42,42,0.3591703782490195,0.4730940630402338
gp_ratio_ucb,42,43,0.3591703782490195,0.4744377795033964
gp_ratio_ucb,42,44,0.3591703782490195,0.4744377795033964
gp_ratio_ucb,42,45,0.3591703782490195,0.47631692785294755
gp_ratio_ucb,42,46,0.3591703782490195,0.47655141732622436
gp_ratio_ucb,42,47,0.3591703782490195,0.47655141732622436
gp_ratio_ucb,42,48,0.3591703782490195,0.4823270937754302
gp_ratio_ucb,42,49,0.3591703782490195,0.48377408517451953
gp_ratio_ucb,42,50,0.3591703782490195,0.48377408517451953
gp_ratio_ucb,42,51,0.3591703782490195,0.4997562361076952
gp_ratio_ucb,42,52,0.3591703782490195,0.5004581943586903
gp_ratio_ucb,42,53,0.3591703782490195,0.5004581943586903
gp_ratio_ucb,42,54,0.3591703782490195,0.5004581943586903
gp_ratio_ucb,42,55,0.3591703782490195,0.5200020578987232
gp_ratio_ucb,42,56,0.3591703782490195,0.5200020578987232
gp_ratio_ucb,42,57,0.3591703782490195,0.5200020578987232
gp_ratio_ucb,43,32,0.3116825290810931,0.4618851158947737
gp_ratio_ucb,43,33,0.3116825290810931,0.4618851158947737
gp_ratio_ucb,43,34,0.3116825290810931,0.4633049249649235
gp_ratio_ucb,43,35,0.3116825290810931,0.4633049249649235
gp_ratio_ucb,43,36,0.3116825290810931,0.4633049249649235
gp_ratio_ucb,43,37,0.3116825290810931,0.464159816500515
gp_ratio_ucb,43,38,0.3116825290810931,0.46521560633747217
gp_ratio_ucb,43,39,0.3116825290810931,0.46521560633747217
gp_ratio_ucb,43,40,0.3116825290810931,0.4665017071943162
gp_ratio_ucb,43,41,0.3591703782490195,0.4730940630402338
gp_ratio_ucb,43,42,0.3591703782490195,0.4730940630402338
gp_ratio_ucb,43,43,0.3591703782490195,0.4744377795033964
gp_ratio_ucb,43,44,0.3591703782490195,0.4744377795033964
gp_ratio_ucb,43,45,0.3591703782490195,0.47631692785294755
gp_ratio_ucb,43,46,0.3591703782490195,0.47655141732622436
gp_ratio_ucb,43,47,0.3591703782490195,0.47655141732622436
gp_ratio_ucb,43,48,0.3591703782490195,0.4823270937754302
gp_ratio_ucb,43,49,0.3591703782490195,0.48377408517451953
gp_ratio_ucb,43,50,0.3591703782490195,0.48377408517451953
gp_ratio_ucb,43,51,0.3591703782490195,0.4997562361076952
gp_ratio_ucb,43,52,0.3591703782490195,0.5004581943586903
gp_ratio_ucb,43,53,0.3591703782490195,0.5004581943586903
gp_ratio_ucb,43,54,0.3591703782490195,0.5004581943586903
gp_ratio_ucb,43,55,0.3591703782490195,0.5200020578987232
gp_ratio_ucb,43,56,0.3591703782490195,0.5200020578987232
gp_ratio_ucb,43,57,0.3591703782490195,0.5200020578987232
gp_ratio_ucb,44,32,0.3116825290810931,0.4618851158947737
gp_ratio_ucb,44,33,0.3116825290810931,0.4618851158947737
gp_ratio_ucb,44,34,0.3116825290810931,0.4633049249649235
gp_ratio_ucb,44,35,0.3116825290810931,0.4633049249649235
gp_ratio_ucb,44,36,0.3116825290810931,0.4633049249649235
gp_ratio_ucb,44,37,0.3116825290810931,0.464159816500515
gp_ratio_ucb,44,38,0.3116825290810931,0.46521560633747217
gp_ratio_ucb,44,39,0.3116825290810931,0.46521560633747217
gp_ratio_ucb,44,40,0.3116825290810931,0.4665017071943162
gp_ratio_ucb,44,41,0.3591703782490195,0.4730940630402338
gp_ratio_ucb,44,42,0.3591703782490195,0.4730940630402338
gp_ratio_ucb,44,43,0.3591703782490195,0.4744377795033964
gp_ratio_ucb,44,44,0.3591703782490195,0.4744377795033964
gp_ratio_ucb,44,45,0.3591703782490195,0.47631692785294755
gp_ratio_ucb,44,46,0.3591703782490195,0.47655141732622436
gp_ratio_ucb,44,47,0.3591703782490195,0.47655141732622436
gp_ratio_ucb,44,48,0.3591703782490195,0.4823270937754302
gp_ratio_ucb,44,49,0.3591703782490195,0.48377408517451953
gp_ratio_ucb,44,50,0.3591703782490195,0.48377408517451953
gp_ratio_ucb,44,51,0.3591703782490195,0.4997562361076952
gp_ratio_ucb,44,52,0.3591703782490195,0.5004581943586903
gp_ratio_ucb,44,53,0.3591703782490195,0.5004581943586903
gp_ratio_ucb,44,54,0.3591703782490195,0.5004581943586903
gp_ratio_ucb,44,55,0.3591703782490195,0.5200020578987232
gp_ratio_ucb,44,56,0.3591703782490195,0.5200020578987232
gp_ratio_ucb,44,57,0.3591703782490195,0.5200020578987232
gp_ratio_ucb,45,32,0.3116825290810931,0.4618851158947737
gp_ratio_ucb,45,33,0.3116825290810931,0.4618851158947737
gp_ratio_ucb,45,34,0.3116825290810931,0.4633049249649235
gp_ratio_ucb,45,35,0.3116825290810931,0.4633049249649235
gp_ratio_ucb,45,36,0.3116825290810931,0.4633049249649235
gp_ratio_ucb,45,37,0.3116825290810931,0.464159816500515
gp_ratio_ucb,45,38,0.3116825290810931,0.46521560633747217
gp_ratio_ucb,45,39,0.3116825290810931,0.46521560633747217
gp_ratio_ucb,45,40,0.3116825290810931,0.4665017071943162
gp_ratio_ucb,45,41,0.3591703782490195,0.4730940630402338
gp_ratio_ucb,45,42,0.3591703782490195,0.4730940630402338
gp_ratio_ucb,45,43,0.3591703782490195,0.4744377795033964
gp_ratio_ucb,45,44,0.3591703782490195,0.4744377795033964
gp_ratio_ucb,45,45,0.3591703782490195,0.47631692785294755
gp_ratio_ucb,45,46,0.3591703782490195,0.47655141732622436
gp_ratio_ucb,45,47,0.3591703782490195,0.47655141732622436
gp_ratio_ucb,45,48,0.3591703782490195,0.4823270937754302
gp_ratio_ucb,45,49,0.3591703782490195,0.48377408517451953
gp_ratio_ucb,45,50,0.3591703782490195,0.48377408517451953
gp_ratio_ucb,45,51,0.3591703782490195,0.4997562361076952
gp_ratio_ucb,45,52,0.3591703782490195,0.5004581943586903
gp_ratio_ucb,45,53,0.3591703782490195,0.5004581943586903
gp_ratio_ucb,45,54,0.3591703782490195,0.5004581943586903
gp_ratio_ucb,45,55,0.3591703782490195,0.5200020578987232
gp_ratio_ucb,45,56,0.3591703782490195,0.5200020578987232
gp_ratio_ucb,45,57,0.3591703782490195,0.5200020578987232
gp_ratio_ucb,46,32,0.3116825290810931,0.4618851158947737
gp_ratio_ucb,46,33,0.3116825290810931,0.4618851158947737
gp_ratio_ucb,46,34,0.3116825290810931,0.4633049249649235
gp_ratio_ucb,46,35,0.3116825290810931,0.4633049249649235
gp_ratio_ucb,46,36,0.3116825290810931,0.4633049249649235
gp_ratio_ucb,46,37,0.3116825290810931,0.464159816500515
gp_ratio_ucb,46,38,0.3116825290810931,0.46521560633747217
gp_ratio_ucb,46,39,0.3116825290810931,0.46521560633747217
gp_ratio_ucb,46,40,0.3116825290810931,0.4665017071943162
gp_ratio_ucb,46,41,0.3591703782490195,0.4730940630402338
gp_ratio_ucb,46,42,0.3591703782490195,0.4730940630402338
gp_ratio_ucb,46,43,0.3591703782490195,0.4744377795033964
gp_ratio_ucb,46,44,0.3591703782490195,0.4744377795033964
gp_ratio_ucb,46,45,0.3591703782490195,0.47631692785294755
gp_ratio_ucb,46,46,0.3591703782490195,0.47655141732622436
gp_ratio_ucb,46,47,0.3591703782490195,0.47655141732622436
gp_ratio_ucb,46,48,0.3591703782490195,0.4823270937754302
gp_ratio_ucb,46,49,0.3591703782490195,0.48377408517451953
gp_ratio_ucb,46,50,0.3591703782490195,0.48377408517451953
gp_ratio_ucb,46,51,0.3591703782490195,0.4997562361076952
gp_ratio_ucb,46,52,0.3591703782490195,0.5004581943586903
gp_ratio_ucb,46,53,0.3591703782490195,0.5004581943586903
gp_ratio_ucb,46,54,0.3591703782490195,0.5004581943586903
gp_ratio_ucb,46,55,0.3591703782490195,0.5200020578987232
gp_ratio_ucb,46,56,0.3591703782490195,0.5200020578987232
gp_ratio_ucb,46,57,0.3591703782490195,0.5200020578987232
gp_ratio_ucb,47,32,0.3116825290810931,0.4618851158947737
gp_ratio_ucb,47,33,0.3116825290810931,0.4618851158947737
gp_ratio_ucb,47,34,0.3116825290810931,0.4633049249649235
gp_ratio_ucb,47,35,0.3116825290810931,0.4633049249649235
gp_ratio_ucb,47,36,0.3116825290810931,0.4633049249649235
gp_ratio_ucb,47,37,0.3116825290810931,0.464159816500515
gp_ratio_ucb,47,38,0.3116825290810931,0.46521560633747217
gp_ratio_ucb,47,39,0.3116825290810931,0.46521560633747217
gp_ratio_ucb,47,40,0.3116825290810931,0.4665017071943162
gp_ratio_ucb,47,41,0.3591703782490195,0.4730940630402338
gp_ratio_ucb,47,42,0.3591703782490195,0.4730940630402338
gp_ratio_ucb,47,43,0.3591703782490195,0.4744377795033964
gp_ratio_ucb,47,44,0.3591703782490195,0.4744377795033964
gp_ratio_ucb,47,45,0.3591703782490195,0.47631692785294755
gp_ratio_ucb,47,46,0.3591703782490195,0.47655141732622436
gp_ratio_ucb,47,47,0.3591703782490195,0.47655141732622436
gp_ratio_ucb,47,48,0.3591703782490195,0.4823270937754302
gp_ratio_ucb,47,49,0.3591703782490195,0.48377408517451953
gp_ratio_ucb,47,50,0.3591703782490195,0.48377408517451953
gp_ratio_ucb,47,51,0.3591703782490195,0.4997562361076952
gp_ratio_ucb,47,52,0.3591703782490195,0.5004581943586903
gp_ratio_ucb,47,53,0.3591703782490195,0.5004581943586903
gp_ratio_ucb,47,54,0.3591703782490195,0.5004581943586903
gp_ratio_ucb,47,55,0.3591703782490195,0.5200020578987232
gp_ratio_ucb,47,56,0.3591703782490195,0.5200020578987232
gp_ratio_ucb,47,57,0.3591703782490195,0.5200020578987232
gp_ratio_ucb,48,32,0.3116825290810931,0.4618851158947737
gp_ratio_ucb,48,33,0.3116825290810931,0.4618851158947737
gp_ratio_ucb,48,34,0.3116825290810931,0.4633049249649235
gp_ratio_ucb,48,35,0.3116825290810931,0.4633049249649235
gp_ratio_ucb,48,36,0.3116825290810931,0.4633049249649235
gp_ratio_ucb,48,37,0.3116825290810931,0.464159816500515
gp_ratio_ucb,48,38,0.3116825290810931,0.46521560633747217
gp_ratio_ucb,48,39,0.3116825290810931,0.46521560633747217
gp_ratio_ucb,48,40,0.3116825290810931,0.4665017071943162
gp_ratio_ucb,48,41,0.3591703782490195,0.4730940630402338
gp_ratio_ucb,48,42,0.3591703782490195,0.4730940630402338
gp_ratio_ucb,48,43,0.3591703782490195,0.4744377795033964
gp_ratio_ucb,48,44,0.3591703782490195,0.4744377795033964
gp_ratio_ucb,48,45,0.3591703782490195,0.47631692785294755
gp_ratio_ucb,48,46,0.3591703782490195,0.47655141732622436
gp_ratio_ucb,48,47,0.3591703782490195,0.47655141732622436
gp_ratio_ucb,48,48,0.3591703782490195,0.4823270937754302
gp_ratio_ucb,48,49,0.3591703782490195,0.48377408517451953
gp_ratio_ucb,48,50,0.3591703782490195,0.48377408517451953
gp_ratio_ucb,48,51,0.3591703782490195,0.4997562361076952
gp_ratio_ucb,48,52,0.3591703782490195,0.5004581943586903
gp_ratio_ucb,48,53,0.3591703782490195,0.5004581943586903
gp_ratio_ucb,48,54,0.3591703782490195,0.5004581943586903
gp_ratio_ucb,48,55,0.3591703782490195,0.5200020578987232
gp_ratio_ucb,48,56,0.3591703782490195,0.5200020578987232
gp_ratio_ucb,48,57,0.3591703782490195,0.5200020578987232
gp_ratio_ucb,49,32,0.3116825290810931,0.4618851158947737
gp_ratio_ucb,49,33,0.3116825290810931,0.4618851158947737
gp_ratio_ucb,49,34,0.3116825290810931,0.4633049249649235
gp_ratio_ucb,49,35,0.3116825290810931,0.4633049249649235
gp_ratio_ucb,49,36,0.3116825290810931,0.4633049249649235
gp_ratio_ucb,49,37,0.3116825290810931,0.464159816500515
gp_ratio_ucb,49,38,0.3116825290810931,0.46521560633747217
gp_ratio_ucb,49,39,0.3116825290810931,0.46521560633747217
gp_ratio_ucb,49,40,0.3116825290810931,0.4665017071943162
gp_ratio_ucb,49,41,0.3591703782490195,0.4730940630402338
gp_ratio_ucb,49,42,0.3591703782490195,0.4730940630402338
gp_ratio_ucb,49,43,0.3591703782490195,0.4744377795033964
gp_ratio_ucb,49,44,0.3591703782490195,0.4744377795033964
gp_ratio_ucb,49,45,0.3591703782490195,0.47631692785294755
gp_ratio_ucb,49,46,0.3591703782490195,0.47655141732622436
gp_ratio_ucb,49,47,0.3591703782490195,0.47655141732622436
gp_ratio_ucb,49,48,0.3591703782490195,0.4823270937754302
gp_ratio_ucb,49,49,0.3591703782490195,0.48377408517451953
gp_ratio_ucb,49,50,0.3591703782490195,0.48377408517451953
gp_ratio_ucb,49,51,0.3591703782490195,0.4997562361076952
gp_ratio_ucb,49,52,0.3591703782490195,0.5004581943586903
gp_ratio_ucb,49,53,0.3591703782490195,0.5004581943586903
gp_ratio_ucb,49,54,0.3591703782490195,0.5004581943586903
gp_ratio_ucb,49,55,0.3591703782490195,0.5200020578987232
gp_ratio_ucb,49,56,0.3591703782490195,0.5200020578987232
gp_ratio_ucb,49,57,0.3591703782490195,0.5200020578987232
gp_pareto_unc,0,32,0.3116825290810931,0.4618851158947737
gp_pareto_unc,0,33,0.3116825290810931,0.4618851158947737
gp_pareto_unc,0,34,0.3116825290810931,0.46274000743036525
gp_pareto_unc,0,35,0.3116825290810931,0.46274000743036525
gp_pareto_unc,0,36,0.3591703782490195,0.4693323632762829
gp_pareto_unc,0,37,0.3591703782490195,0.47067607973944536
gp_pareto_unc,0,38,0.3591703782490195,0.47067607973944536
gp_pareto_unc,0,39,0.3591703782490195,0.47091056921272223
gp_pareto_unc,0,40,0.3591703782490195,0.47091056921272223
gp_pareto_unc,0,41,0.3591703782490195,0.47314656606361793
gp_pareto_unc,0,42,0.3591703782490195,0.4789222425128237
gp_pareto_unc,0,43,0.3591703782490195,0.4789229580422284
gp_pareto_unc,0,44,0.3591703782490195,0.481264133206625
gp_pareto_unc,0,45,0.3591703782490195,0.481264133206625
gp_pareto_unc,0,46,0.3591703782490195,0.481264133206625
gp_pareto_unc,0,47,0.3591703782490195,0.4823270937754302
gp_pareto_unc,0,48,0.3591703782490195,0.4823270937754302
gp_pareto_unc,0,49,0.3591703782490195,0.49830924470860577
gp_pareto_unc,0,50,0.3591703782490195,0.4997562361076952
gp_pareto_unc,0,51,0.3591703782490195,0.5004581943586903
gp_pareto_unc,0,52,0.3591703782490195,0.5004581943586903
gp_pareto_unc,0,53,0.3591703782490195,0.5200020578987232
gp_pareto_unc,0,54,0.3591703782490195,0.5200020578987232
gp_pareto_unc,0,55,0.3591703782490195,0.5200020578987232
gp_pareto_unc,0,56,0.3591703782490195,0.5200020578987232
gp_pareto_unc,0,57,0.3591703782490195,0.5200020578987232
gp_pareto_unc,1,32,0.3116825290810931,0.4618851158947737
gp_pareto_unc,1,33,0.3116825290810931,0.4618851158947737
gp_pareto_unc,1,34,0.3116825290810931,0.46274000743036525
gp_pareto_unc,1,35,0.3116825290810931,0.46274000743036525
gp_pareto_unc,1,36,0.3591703782490195,0.4693323632762829
gp_pareto_unc,1,37,0.3591703782490195,0.47067607973944536
gp_pareto_unc,1,38,0.3591703782490195,0.47067607973944536
gp_pareto_unc,1,39,0.3591703782490195,0.47091056921272223
gp_pareto_unc,1,40,0.3591703782490195,0.47091056921272223
gp_pareto_unc,1,41,0.3591703782490195,0.47314656606361793
gp_pareto_unc,1,42,0.3591703782490195,0.4789222425128237
gp_pareto_unc,1,43,0.3591703782490195,0.4789229580422284
gp_pareto_unc,1,44,0.3591703782490195,0.481264133206625
gp_pareto_unc,1,45,0.3591703782490195,0.481264133206625
gp_pareto_unc,1,46,0.3591703782490195,0.481264133206625
gp_pareto_unc,1,47,0.3591703782490195,0.4823270937754302
gp_pareto_unc,1,48,0.3591703782490195,0.4823270937754302
gp_pareto_unc,1,49,0.3591703782490195,0.49830924470860577
gp_pareto_unc,1,50,0.3591703782490195,0.4997562361076952
gp_pareto_unc,1,51,0.3591703782490195,0.5004581943586903
gp_pareto_unc,1,52,0.3591703782490195,0.5004581943586903
gp_pareto_unc,1,53,0.3591703782490195,0.5200020578987232
gp_pareto_unc,1,54,0.3591703782490195,0.5200020578987232
gp_pareto_unc,1,55,0.3591703782490195,0.5200020578987232
gp_pareto_unc,1,56,0.3591703782490195,0.5200020578987232
gp_pareto_unc,1,57,0.3591703782490195,0.5200020578987232
gp_pareto_unc,2,32,0.3116825290810931,0.4618851158947737
gp_pareto_unc,2,33,0.3116825290810931,0.4618851158947737
gp_pareto_unc,2,34,0.3116825290810931,0.46274000743036525
gp_pareto_unc,2,35,0.3116825290810931,0.46274000743036525
gp_pareto_unc,2,36,0.3591703782490195,0.4693323632762829
gp_pareto_unc,2,37,0.3591703782490195,0.47067607973944536
gp_pareto_unc,2,38,0.3591703782490195,0.47067607973944536
gp_pareto_unc,2,39,0.3591703782490195,0.47091056921272223
gp_pareto_unc,2,40,0.3591703782490195,0.47091056921272223
gp_pareto_unc,2,41,0.3591703782490195,0.47314656606361793
gp_pareto_unc,2,42,0.3591703782490195,0.4789222425128237
gp_pareto_unc,2,43,0.3591703782490195,0.4789229580422284
gp_pareto_unc,2,44,0.3591703782490195,0.481264133206625
gp_pareto_unc,2,45,0.3591703782490195,0.481264133206625
gp_pareto_unc,2,46,0.3591703782490195,0.481264133206625
gp_pareto_unc,2,47,0.3591703782490195,0.4823270937754302
gp_pareto_unc,2,48,0.3591703782490195,0.4823270937754302
gp_pareto_unc,2,49,0.3591703782490195,0.49830924470860577
gp_pareto_unc,2,50,0.3591703782490195,0.4997562361076952
gp_pareto_unc,2,51,0.3591703782490195,0.5004581943586903
gp_pareto_unc,2,52,0.3591703782490195,0.5004581943586903
gp_pareto_unc,2,53,0.3591703782490195,0.5200020578987232
gp_pareto_unc,2,54,0.3591703782490195,0.5200020578987232
gp_pareto_unc,2,55,0.3591703782490195,0.5200020578987232
gp_pareto_unc,2,56,0.3591703782490195,0.5200020578987232
gp_pareto_unc,2,57,0.3591703782490195,0.5200020578987232
gp_pareto_unc,3,32,0.3116825290810931,0.4618851158947737
gp_pareto_unc,3,33,0.3116825290810931,0.4618851158947737
gp_pareto_unc,3,34,0.3116825290810931,0.46274000743036525
gp_pareto_unc,3,35,0.3116825290810931,0.46274000743036525
gp_pareto_unc,3,36,0.3591703782490195,0.4693323632762829
gp_pareto_unc,3,37,0.3591703782490195,0.47067607973944536
gp_pareto_unc,3,38,0.3591703782490195,0.47067607973944536
gp_pareto_unc,3,39,0.3591703782490195,0.47091056921272223
gp_pareto_unc,3,40,0.3591703782490195,0.47091056921272223
gp_pareto_unc,3,41,0.3591703782490195,0.47314656606361793
gp_pareto_unc,3,42,0.3591703782490195,0.4789222425128237
gp_pareto_unc,3,43,0.3591703782490195,0.4789229580422284
gp_pareto_unc,3,44,0.3591703782490195,0.481264133206625
gp_pareto_unc,3,45,0.3591703782490195,0.481264133206625
gp_pareto_unc,3,46,0.3591703782490195,0.481264133206625
gp_pareto_unc,3,47,0.3591703782490195,0.4823270937754302
gp_pareto_unc,3,48,0.3591703782490195,0.4823270937754302
gp_pareto_unc,3,49,0.3591703782490195,0.49830924470860577
gp_pareto_unc,3,50,0.3591703782490195,0.4997562361076952
gp_pareto_unc,3,51,0.3591703782490195,0.5004581943586903
gp_pareto_unc,3,52,0.3591703782490195,0.5004581943586903
gp_pareto_unc,3,53,0.3591703782490195,0.5200020578987232
gp_pareto_unc,3,54,0.3591703782490195,0.5200020578987232
gp_pareto_unc,3,55,0.3591703782490195,0.5200020578987232
gp_pareto_unc,3,56,0.3591703782490195,0.5200020578987232
gp_pareto_unc,3,57,0.3591703782490195,0.5200020578987232
gp_pareto_unc,4,32,0.3116825290810931,0.4618851158947737
gp_pareto_unc,4,33,0.3116825290810931,0.4618851158947737
gp_pareto_unc,4,34,0.3116825290810931,0.46274000743036525
gp_pareto_unc,4,35,0.3116825290810931,0.46274000743036525
gp_pareto_unc,4,36,0.3591703782490195,0.4693323632762829
gp_pareto_unc,4,37,0.3591703782490195,0.47067607973944536
gp_pareto_unc,4,38,0.3591703782490195,0.47067607973944536
gp_pareto_unc,4,39,0.3591703782490195,0.47091056921272223
gp_pareto_unc,4,40,0.3591703782490195,0.47091056921272223
gp_pareto_unc,4,41,0.3591703782490195,0.47314656606361793
gp_pareto_unc,4,42,0.3591703782490195,0.4789222425128237
gp_pareto_unc,4,43,0.3591703782490195,0.4789229580422284
gp_pareto_unc,4,44,0.3591703782490195,0.481264133206625
gp_pareto_unc,4,45,0.3591703782490195,0.481264133206625
gp_pareto_unc,4,46,0.3591703782490195,0.481264133206625
gp_pareto_unc,4,47,0.3591703782490195,0.4823270937754302
gp_pareto_unc,4,48,0.3591703782490195,0.4823270937754302
gp_pareto_unc,4,49,0.3591703782490195,0.49830924470860577
gp_pareto_unc,4,50,0.3591703782490195,0.4997562361076952
gp_pareto_unc,4,51,0.3591703782490195,0.5004581943586903
gp_pareto_unc,4,52,0.3591703782490195,0.5004581943586903
gp_pareto_unc,4,53,0.3591703782490195,0.5200020578987232
gp_pareto_unc,4,54,0.3591703782490195,0.5200020578987232
gp_pareto_unc,4,55,0.3591703782490195,0.5200020578987232
gp_pareto_unc,4,56,0.3591703782490195,0.5200020578987232
gp_pareto_unc,4,57,0.3591703782490195,0.5200020578987232
gp_pareto_unc,5,32,0.3116825290810931,0.4618851158947737
gp_pareto_unc,5,33,0.3116825290810931,0.4618851158947737
gp_pareto_unc,5,34,0.3116825290810931,0.46274000743036525
gp_pareto_unc,5,35,0.3116825290810931,0.46274000743036525
gp_pareto_unc,5,36,0.3591703782490195,0.4693323632762829
gp_pareto_unc,5,37,0.3591703782490195,0.47067607973944536
gp_pareto_unc,5,38,0.3591703782490195,0.47067607973944536
gp_pareto_unc,5,39,0.3591703782490195,0.47091056921272223
gp_pareto_unc,5,40,0.3591703782490195,0.47091056921272223
gp_pareto_unc,5,41,0.3591703782490195,0.47314656606361793
gp_pareto_unc,5,42,0.3591703782490195,0.4789222425128237
gp_pareto_unc,5,43,0.3591703782490195,0.4789229580422284
gp_pareto_unc,5,44,0.3591703782490195,0.481264133206625
gp_pareto_unc,5,45,0.3591703782490195,0.481264133206625
gp_pareto_unc,5,46,0.3591703782490195,0.481264133206625
gp_pareto_unc,5,47,0.3591703782490195,0.4823270937754302
gp_pareto_unc,5,48,0.3591703782490195,0.4823270937754302
gp_pareto_unc,5,49,0.3591703782490195,0.49830924470860577
gp_pareto_unc,5,50,0.3591703782490195,0.4997562361076952
gp_pareto_unc,5,51,0.3591703782490195,0.5004581943586903
gp_pareto_unc,5,52,0.3591703782490195,0.5004581943586903
gp_pareto_unc,5,53,0.3591703782490195,0.5200020578987232
gp_pareto_unc,5,54,0.3591703782490195,0.5200020578987232
gp_pareto_unc,5,55,0.3591703782490195,0.5200020578987232
gp_pareto_unc,5,56,0.3591703782490195,0.5200020578987232
gp_pareto_unc,5,57,0.3591703782490195,0.5200020578987232
gp_pareto_unc,6,32,0.3116825290810931,0.4618851158947737
gp_pareto_unc,6,33,0.3116825290810931,0.4618851158947737
gp_pareto_unc,6,34,0.3116825290810931,0.46274000743036525
gp_pareto_unc,6,35,0.3116825290810931,0.46274000743036525
gp_pareto_unc,6,36,0.3591703782490195,0.4693323632762829
gp_pareto_unc,6,37,0.3591703782490195,0.47067607973944536
gp_pareto_unc,6,38,0.3591703782490195,0.47067607973944536
gp_pareto_unc,6,39,0.3591703782490195,0.47091056921272223
gp_pareto_unc,6,40,0.3591703782490195,0.47091056921272223
gp_pareto_unc,6,41,0.3591703782490195,0.47314656606361793
gp_pareto_unc,6,42,0.3591703782490195,0.4789222425128237
gp_pareto_unc,6,43,0.3591703782490195,0.4789229580422284
gp_pareto_unc,6,44,0.3591703782490195,0.481264133206625
gp_pareto_unc,6,45,0.3591703782490195,0.481264133206625
gp_pareto_unc,6,46,0.3591703782490195,0.481264133206625
gp_pareto_unc,6,47,0.3591703782490195,0.4823270937754302
gp_pareto_unc,6,48,0.3591703782490195,0.4823270937754302
gp_pareto_unc,6,49,0.3591703782490195,0.49830924470860577
gp_pareto_unc,6,50,0.3591703782490195,0.4997562361076952
gp_pareto_unc,6,51,0.3591703782490195,0.5004581943586903
gp_pareto_unc,6,52,0.3591703782490195,0.5004581943586903
gp_pareto_unc,6,53,0.3591703782490195,0.5200020578987232
gp_pareto_unc,6,54,0.3591703782490195,0.5200020578987232
gp_pareto_unc,6,55,0.3591703782490195,0.5200020578987232
gp_pareto_unc,6,56,0.3591703782490195,0.5200020578987232
gp_pareto_unc,6,57,0.3591703782490195,0.5200020578987232
gp_pareto_unc,7,32,0.3116825290810931,0.4618851158947737
gp_pareto_unc,7,33,0.3116825290810931,0.4618851158947737
gp_pareto_unc,7,34,0.3116825290810931,0.46274000743036525
gp_pareto_unc,7,35,0.3116825290810931,0.46274000743036525
gp_pareto_unc,7,36,0.3591703782490195,0.4693323632762829
gp_pareto_unc,7,37,0.3591703782490195,0.47067607973944536
gp_pareto_unc,7,38,0.3591703782490195,0.47067607973944536
gp_pareto_unc,7,39,0.3591703782490195,0.47091056921272223
gp_pareto_unc,7,40,0.3591703782490195,0.47091056921272223
gp_pareto_unc,7,41,0.3591703782490195,0.47314656606361793
gp_pareto_unc,7,42,0.3591703782490195,0.4789222425128237
gp_pareto_unc,7,43,0.3591703782490195,0.4789229580422284
gp_pareto_unc,7,44,0.3591703782490195,0.481264133206625
gp_pareto_unc,7,45,0.3591703782490195,0.481264133206625
gp_pareto_unc,7,46,0.3591703782490195,0.481264133206625
gp_pareto_unc,7,47,0.3591703782490195,0.4823270937754302
gp_pareto_unc,7,48,0.3591703782490195,0.4823270937754302
gp_pareto_unc,7,49,0.3591703782490195,0.49830924470860577
gp_pareto_unc,7,50,0.3591703782490195,0.4997562361076952
gp_pareto_unc,7,51,0.3591703782490195,0.5004581943586903
gp_pareto_unc,7,52,0.3591703782490195,0.5004581943586903
gp_pareto_unc,7,53,0.3591703782490195,0.5200020578987232
gp_pareto_unc,7,54,0.3591703782490195,0.5200020578987232
gp_pareto_unc,7,55,0.3591703782490195,0.5200020578987232
gp_pareto_unc,7,56,0.3591703782490195,0.5200020578987232
gp_pareto_unc,7,57,0.3591703782490195,0.5200020578987232
gp_pareto_unc,8,32,0.3116825290810931,0.4618851158947737
gp_pareto_unc,8,33,0.3116825290810931,0.4618851158947737
gp_pareto_unc,8,34,0.3116825290810931,0.46274000743036525
gp_pareto_unc,8,35,0.3116825290810931,0.46274000743036525
gp_pareto_unc,8,36,0.3591703782490195,0.4693323632762829
gp_pareto_unc,8,37,0.3591703782490195,0.47067607973944536
gp_pareto_unc,8,38,0.3591703782490195,0.47067607973944536
gp_pareto_unc,8,39,0.3591703782490195,0.47091056921272223
gp_pareto_unc,8,40,0.3591703782490195,0.47091056921272223
gp_pareto_unc,8,41,0.3591703782490195,0.47314656606361793
gp_pareto_unc,8,42,0.3591703782490195,0.4789222425128237
gp_pareto_unc,8,43,0.3591703782490195,0.4789229580422284
gp_pareto_unc,8,44,0.3591703782490195,0.481264133206625
gp_pareto_unc,8,45,0.3591703782490195,0.481264133206625
gp_pareto_unc,8,46,0.3591703782490195,0.481264133206625
gp_pareto_unc,8,47,0.3591703782490195,0.4823270937754302
gp_pareto_unc,8,48,0.3591703782490195,0.4823270937754302
gp_pareto_unc,8,49,0.3591703782490195,0.49830924470860577
gp_pareto_unc,8,50,0.3591703782490195,0.4997562361076952
gp_pareto_unc,8,51,0.3591703782490195,0.5004581943586903
gp_pareto_unc,8,52,0.3591703782490195,0.5004581943586903
gp_pareto_unc,8,53,0.3591703782490195,0.5200020578987232
gp_pareto_unc,8,54,0.3591703782490195,0.5200020578987232
gp_pareto_unc,8,55,0.3591703782490195,0.5200020578987232
gp_pareto_unc,8,56,0.3591703782490195,0.5200020578987232
gp_pareto_unc,8,57,0.3591703782490195,0.5200020578987232
gp_pareto_unc,9,32,0.3116825290810931,0.4618851158947737
gp_pareto_unc,9,33,0.3116825290810931,0.4618851158947737
gp_pareto_unc,9,34,0.3116825290810931,0.46274000743036525
gp_pareto_unc,9,35,0.3116825290810931,0.46274000743036525
gp_pareto_unc,9,36,0.3591703782490195,0.4693323632762829
gp_pareto_unc,9,37,0.3591703782490195,0.47067607973944536
gp_pareto_unc,9,38,0.3591703782490195,0.47067607973944536
gp_pareto_unc,9,39,0.3591703782490195,0.47091056921272223
gp_pareto_unc,9,40,0.3591703782490195,0.47091056921272223
gp_pareto_unc,9,41,0.3591703782490195,0.47314656606361793
gp_pareto_unc,9,42,0.3591703782490195,0.4789222425128237
gp_pareto_unc,9,43,0.3591703782490195,0.4789229580422284
gp_pareto_unc,9,44,0.3591703782490195,0.481264133206625
gp_pareto_unc,9,45,0.3591703782490195,0.481264133206625
gp_pareto_unc,9,46,0.3591703782490195,0.481264133206625
gp_pareto_unc,9,47,0.3591703782490195,0.4823270937754302
gp_pareto_unc,9,48,0.3591703782490195,0.4823270937754302
gp_pareto_unc,9,49,0.3591703782490195,0.49830924470860577
gp_pareto_unc,9,50,0.3591703782490195,0.4997562361076952
gp_pareto_unc,9,51,0.3591703782490195,0.5004581943586903
gp_pareto_unc,9,52,0.3591703782490195,0.5004581943586903
gp_pareto_unc,9,53,0.3591703782490195,0.5200020578987232
gp_pareto_unc,9,54,0.3591703782490195,0.5200020578987232
gp_pareto_unc,9,55,0.3591703782490195,0.5200020578987232
gp_pareto_unc,9,56,0.3591703782490195,0.5200020578987232
gp_pareto_unc,9,57,0.3591703782490195,0.5200020578987232
gp_pareto_unc,10,32,0.3116825290810931,0.4618851158947737
gp_pareto_unc,10,33,0.3116825290810931,0.4618851158947737
gp_pareto_unc,10,34,0.3116825290810931,0.46274000743036525
gp_pareto_unc,10,35,0.3116825290810931,0.46274000743036525
gp_pareto_unc,10,36,0.3591703782490195,0.4693323632762829
gp_pareto_unc,10,37,0.3591703782490195,0.47067607973944536
gp_pareto_unc,10,38,0.3591703782490195,0.47067607973944536
gp_pareto_unc,10,39,0.3591703782490195,0.47091056921272223
gp_pareto_unc,10,40,0.3591703782490195,0.47091056921272223
gp_pareto_unc,10,41,0.3591703782490195,0.47314656606361793
gp_pareto_unc,10,42,0.3591703782490195,0.4789222425128237
gp_pareto_unc,10,43,0.3591703782490195,0.4789229580422284
gp_pareto_unc,10,44,0.3591703782490195,0.481264133206625
gp_pareto_unc,10,45,0.3591703782490195,0.481264133206625
gp_pareto_unc,10,46,0.3591703782490195,0.481264133206625
gp_pareto_unc,10,47,0.3591703782490195,0.4823270937754302
gp_pareto_unc,10,48,0.3591703782490195,0.4823270937754302
gp_pareto_unc,10,49,0.3591703782490195,0.49830924470860577
gp_pareto_unc,10,50,0.3591703782490195,0.4997562361076952
gp_pareto_unc,10,51,0.3591703782490195,0.5004581943586903
gp_pareto_unc,10,52,0.3591703782490195,0.5004581943586903
gp_pareto_unc,10,53,0.3591703782490195,0.5200020578987232
gp_pareto_unc,10,54,0.3591703782490195,0.5200020578987232
gp_pareto_unc,10,55,0.3591703782490195,0.5200020578987232
gp_pareto_unc,10,56,0.3591703782490195,0.5200020578987232
gp_pareto_unc,10,57,0.3591703782490195,0.5200020578987232
gp_pareto_unc,11,32,0.3116825290810931,0.4618851158947737
gp_pareto_unc,11,33,0.3116825290810931,0.4618851158947737
gp_pareto_unc,11,34,0.3116825290810931,0.46274000743036525
gp_pareto_unc,11,35,0.3116825290810931,0.46274000743036525
gp_pareto_unc,11,36,0.3591703782490195,0.4693323632762829
gp_pareto_unc,11,37,0.3591703782490195,0.47067607973944536
gp_pareto_unc,11,38,0.3591703782490195,0.47067607973944536
gp_pareto_unc,11,39,0.3591703782490195,0.47091056921272223
gp_pareto_unc,11,40,0.3591703782490195,0.47091056921272223
gp_pareto_unc,11,41,0.3591703782490195,0.47314656606361793
gp_pareto_unc,11,42,0.3591703782490195,0.4789222425128237
gp_pareto_unc,11,43,0.3591703782490195,0.4789229580422284
gp_pareto_unc,11,44,0.3591703782490195,0.481264133206625
gp_pareto_unc,11,45,0.3591703782490195,0.481264133206625
gp_pareto_unc,11,46,0.3591703782490195,0.481264133206625
gp_pareto_unc,11,47,0.3591703782490195,0.4823270937754302
gp_pareto_unc,11,48,0.3591703782490195,0.4823270937754302
gp_pareto_unc,11,49,0.3591703782490195,0.49830924470860577
gp_pareto_unc,11,50,0.3591703782490195,0.4997562361076952
gp_pareto_unc,11,51,0.3591703782490195,0.5004581943586903
gp_pareto_unc,11,52,0.3591703782490195,0.5004581943586903
gp_pareto_unc,11,53,0.3591703782490195,0.5200020578987232
gp_pareto_unc,11,54,0.3591703782490195,0.5200020578987232
gp_pareto_unc,11,55,0.3591703782490195,0.5200020578987232
gp_pareto_unc,11,56,0.3591703782490195,0.5200020578987232
gp_pareto_unc,11,57,0.3591703782490195,0.5200020578987232
gp_pareto_unc,12,32,0.3116825290810931,0.4618851158947737
gp_pareto_unc,12,33,0.3116825290810931,0.4618851158947737
gp_pareto_unc,12,34,0.3116825290810931,0.46274000743036525
gp_pareto_unc,12,35,0.3116825290810931,0.46274000743036525
gp_pareto_unc,12,36,0.3591703782490195,0.4693323632762829
gp_pareto_unc,12,37,0.3591703782490195,0.47067607973944536
gp_pareto_unc,12,38,0.3591703782490195,0.47067607973944536
gp_pareto_unc,12,39,0.3591703782490195,0.47091056921272223
gp_pareto_unc,12,40,0.3591703782490195,0.47091056921272223
gp_pareto_unc,12,41,0.3591703782490195,0.47314656606361793
gp_pareto_unc,12,42,0.3591703782490195,0.4789222425128237
gp_pareto_unc,12,43,0.3591703782490195,0.4789229580422284
gp_pareto_unc,12,44,0.3591703782490195,0.481264133206625
gp_pareto_unc,12,45,0.3591703782490195,0.481264133206625
gp_pareto_unc,12,46,0.3591703782490195,0.481264133206625
gp_pareto_unc,12,47,0.3591703782490195,0.4823270937754302
gp_pareto_unc,12,48,0.3591703782490195,0.4823270937754302
gp_pareto_unc,12,49,0.3591703782490195,0.49830924470860577
gp_pareto_unc,12,50,0.3591703782490195,0.4997562361076952
gp_pareto_unc,12,51,0.3591703782490195,0.5004581943586903
gp_pareto_unc,12,52,0.3591703782490195,0.5004581943586903
gp_pareto_unc,12,53,0.3591703782490195,0.5200020578987232
gp_pareto_unc,12,54,0.3591703782490195,0.5200020578987232
gp_pareto_unc,12,55,0.3591703782490195,0.5200020578987232
gp_pareto_unc,12,56,0.3591703782490195,0.5200020578987232
gp_pareto_unc,12,57,0.3591703782490195,0.5200020578987232
gp_pareto_unc,13,32,0.3116825290810931,0.4618851158947737
gp_pareto_unc,13,33,0.3116825290810931,0.4618851158947737
gp_pareto_unc,13,34,0.3116825290810931,0.46274000743036525
gp_pareto_unc,13,35,0.3116825290810931,0.46274000743036525
gp_pareto_unc,13,36,0.3591703782490195,0.4693323632762829
gp_pareto_unc,13,37,0.3591703782490195,0.47067607973944536
gp_pareto_unc,13,38,0.3591703782490195,0.47067607973944536
gp_pareto_unc,13,39,0.3591703782490195,0.47091056921272223
gp_pareto_unc,13,40,0.3591703782490195,0.47091056921272223
gp_pareto_unc,13,41,0.3591703782490195,0.47314656606361793
gp_pareto_unc,13,42,0.3591703782490195,0.4789222425128237
gp_pareto_unc,13,43,0.3591703782490195,0.4789229580422284
gp_pareto_unc,13,44,0.3591703782490195,0.481264133206625
gp_pareto_unc,13,45,0.3591703782490195,0.481264133206625
gp_pareto_unc,13,46,0.3591703782490195,0.481264133206625
gp_pareto_unc,13,47,0.3591703782490195,0.4823270937754302
gp_pareto_unc,13,48,0.3591703782490195,0.4823270937754302
gp_pareto_unc,13,49,0.3591703782490195,0.49830924470860577
gp_pareto_unc,13,50,0.3591703782490195,0.4997562361076952
gp_pareto_unc,13,51,0.3591703782490195,0.5004581943586903
gp_pareto_unc,13,52,0.3591703782490195,0.5004581943586903
gp_pareto_unc,13,53,0.3591703782490195,0.5200020578987232
gp_pareto_unc,13,54,0.3591703782490195,0.5200020578987232
gp_pareto_unc,13,55,0.3591703782490195,0.5200020578987232
gp_pareto_unc,13,56,0.3591703782490195,0.5200020578987232
gp_pareto_unc,13,57,0.3591703782490195,0.5200020578987232
gp_pareto_unc,14,32,0.3116825290810931,0.4618851158947737
gp_pareto_unc,14,33,0.3116825290810931,0.4618851158947737
gp_pareto_unc,14,34,0.3116825290810931,0.46274000743036525
gp_pareto_unc,14,35,0.3116825290810931,0.46274000743036525
gp_pareto_unc,14,36,0.3591703782490195,0.4693323632762829
gp_pareto_unc,14,37,0.3591703782490195,0.47067607973944536
gp_pareto_unc,14,38,0.3591703782490195,0.47067607973944536
gp_pareto_unc,14,39,0.3591703782490195,0.47091056921272223
gp_pareto_unc,14,40,0.3591703782490195,0.47091056921272223
gp_pareto_unc,14,41,0.3591703782490195,0.47314656606361793
gp_pareto_unc,14,42,0.3591703782490195,0.4789222425128237
gp_pareto_unc,14,43,0.3591703782490195,0.4789229580422284
gp_pareto_unc,14,44,0.3591703782490195,0.481264133206625
gp_pareto_unc,14,45,0.3591703782490195,0.481264133206625
gp_pareto_unc,14,46,0.3591703782490195,0.481264133206625
gp_pareto_unc,14,47,0.3591703782490195,0.4823270937754302
gp_pareto_unc,14,48,0.3591703782490195,0.4823270937754302
gp_pareto_unc,14,49,0.3591703782490195,0.49830924470860577
gp_pareto_unc,14,50,0.3591703782490195,0.4997562361076952
gp_pareto_unc,14,51,0.3591703782490195,0.5004581943586903
gp_pareto_unc,14,52,0.3591703782490195,0.5004581943586903
gp_pareto_unc,14,53,0.3591703782490195,0.5200020578987232
gp_pareto_unc,14,54,0.3591703782490195,0.5200020578987232
gp_pareto_unc,14,55,0.3591703782490195,0.5200020578987232
gp_pareto_unc,14,56,0.3591703782490195,0.5200020578987232
gp_pareto_unc,14,57,0.3591703782490195,0.5200020578987232
gp_pareto_unc,15,32,0.3116825290810931,0.4618851158947737
gp_pareto_unc,15,33,0.3116825290810931,0.4618851158947737
gp_pareto_unc,15,34,0.3116825290810931,0.46274000743036525
gp_pareto_unc,15,35,0.3116825290810931,0.46274000743036525
gp_pareto_unc,15,36,0.3591703782490195,0.4693323632762829
gp_pareto_unc,15,37,0.3591703782490195,0.47067607973944536
gp_pareto_unc,15,38,0.3591703782490195,0.47067607973944536
gp_pareto_unc,15,39,0.3591703782490195,0.47091056921272223
gp_pareto_unc,15,40,0.3591703782490195,0.47091056921272223
gp_pareto_unc,15,41,0.3591703782490195,0.47314656606361793
gp_pareto_unc,15,42,0.3591703782490195,0.4789222425128237
gp_pareto_unc,15,43,0.3591703782490195,0.4789229580422284
gp_pareto_unc,15,44,0.3591703782490195,0.481264133206625
gp_pareto_unc,15,45,0.3591703782490195,0.481264133206625
gp_pareto_unc,15,46,0.3591703782490195,0.481264133206625
gp_pareto_unc,15,47,0.3591703782490195,0.4823270937754302
gp_pareto_unc,15,48,0.3591703782490195,0.4823270937754302
gp_pareto_unc,15,49,0.3591703782490195,0.49830924470860577
gp_pareto_unc,15,50,0.3591703782490195,0.4997562361076952
gp_pareto_unc,15,51,0.3591703782490195,0.5004581943586903
gp_pareto_unc,15,52,0.3591703782490195,0.5004581943586903
gp_pareto_unc,15,53,0.3591703782490195,0.5200020578987232
gp_pareto_unc,15,54,0.3591703782490195,0.5200020578987232
gp_pareto_unc,15,55,0.3591703782490195,0.5200020578987232
gp_pareto_unc,15,56,0.3591703782490195,0.5200020578987232
gp_pareto_unc,15,57,0.3591703782490195,0.5200020578987232
gp_pareto_unc,16,32,0.3116825290810931,0.4618851158947737
gp_pareto_unc,16,33,0.3116825290810931,0.4618851158947737
gp_pareto_unc,16,34,0.3116825290810931,0.46274000743036525
gp_pareto_unc,16,35,0.3116825290810931,0.46274000743036525
gp_pareto_unc,16,36,0.3591703782490195,0.4693323632762829
gp_pareto_unc,16,37,0.3591703782490195,0.47067607973944536
gp_pareto_unc,16,38,0.3591703782490195,0.47067607973944536
gp_pareto_unc,16,39,0.3591703782490195,0.47091056921272223
gp_pareto_unc,16,40,0.3591703782490195,0.47091056921272223
gp_pareto_unc,16,41,0.3591703782490195,0.47314656606361793
gp_pareto_unc,16,42,0.3591703782490195,0.4789222425128237
gp_pareto_unc,16,43,0.3591703782490195,0.4789229580422284
gp_pareto_unc,16,44,0.3591703782490195,0.481264133206625
gp_pareto_unc,16,45,0.3591703782490195,0.481264133206625
gp_pareto_unc,16,46,0.3591703782490195,0.481264133206625
gp_pareto_unc,16,47,0.3591703782490195,0.4823270937754302
gp_pareto_unc,16,48,0.3591703782490195,0.4823270937754302
gp_pareto_unc,16,49,0.3591703782490195,0.49830924470860577
gp_pareto_unc,16,50,0.3591703782490195,0.4997562361076952
gp_pareto_unc,16,51,0.3591703782490195,0.5004581943586903
gp_pareto_unc,16,52,0.3591703782490195,0.5004581943586903
gp_pareto_unc,16,53,0.3591703782490195,0.5200020578987232
gp_pareto_unc,16,54,0.3591703782490195,0.5200020578987232
gp_pareto_unc,16,55,0.3591703782490195,0.5200020578987232
gp_pareto_unc,16,56,0.3591703782490195,0.5200020578987232
gp_pareto_unc,16,57,0.3591703782490195,0.5200020578987232
gp_pareto_unc,17,32,0.3116825290810931,0.4618851158947737
gp_pareto_unc,17,33,0.3116825290810931,0.4618851158947737
gp_pareto_unc,17,34,0.3116825290810931,0.46274000743036525
gp_pareto_unc,17,35,0.3116825290810931,0.46274000743036525
gp_pareto_unc,17,36,0.3591703782490195,0.4693323632762829
gp_pareto_unc,17,37,0.3591703782490195,0.47067607973944536
gp_pareto_unc,17,38,0.3591703782490195,0.47067607973944536
gp_pareto_unc,17,39,0.3591703782490195,0.47091056921272223
gp_pareto_unc,17,40,0.3591703782490195,0.47091056921272223
gp_pareto_unc,17,41,0.3591703782490195,0.47314656606361793
gp_pareto_unc,17,42,0.3591703782490195,0.4789222425128237
gp_pareto_unc,17,43,0.3591703782490195,0.4789229580422284
gp_pareto_unc,17,44,0.3591703782490195,0.481264133206625
gp_pareto_unc,17,45,0.3591703782490195,0.481264133206625
gp_pareto_unc,17,46,0.3591703782490195,0.481264133206625
gp_pareto_unc,17,47,0.3591703782490195,0.4823270937754302
gp_pareto_unc,17,48,0.3591703782490195,0.4823270937754302
gp_pareto_unc,17,49,0.3591703782490195,0.49830924470860577
gp_pareto_unc,17,50,0.3591703782490195,0.4997562361076952
gp_pareto_unc,17,51,0.3591703782490195,0.5004581943586903
gp_pareto_unc,17,52,0.3591703782490195,0.5004581943586903
gp_pareto_unc,17,53,0.3591703782490195,0.5200020578987232
gp_pareto_unc,17,54,0.3591703782490195,0.5200020578987232
gp_pareto_unc,17,55,0.3591703782490195,0.5200020578987232
gp_pareto_unc,17,56,0.3591703782490195,0.5200020578987232
gp_pareto_unc,17,57,0.3591703782490195,0.5200020578987232
gp_pareto_unc,18,32,0.3116825290810931,0.4618851158947737
gp_pareto_unc,18,33,0.3116825290810931,0.4618851158947737
gp_pareto_unc,18,34,0.3116825290810931,0.46274000743036525
gp_pareto_unc,18,35,0.3116825290810931,0.46274000743036525
gp_pareto_unc,18,36,0.3591703782490195,0.4693323632762829
gp_pareto_unc,18,37,0.3591703782490195,0.47067607973944536
gp_pareto_unc,18,38,0.3591703782490195,0.47067607973944536
gp_pareto_unc,18,39,0.3591703782490195,0.47091056921272223
gp_pareto_unc,18,40,0.3591703782490195,0.47091056921272223
gp_pareto_unc,18,41,0.3591703782490195,0.47314656606361793
gp_pareto_unc,18,42,0.3591703782490195,0.4789222425128237
gp_pareto_unc,18,43,0.3591703782490195,0.4789229580422284
gp_pareto_unc,18,44,0.3591703782490195,0.481264133206625
gp_pareto_unc,18,45,0.3591703782490195,0.481264133206625
gp_pareto_unc,18,46,0.3591703782490195,0.481264133206625
gp_pareto_unc,18,47,0.3591703782490195,0.4823270937754302
gp_pareto_unc,18,48,0.3591703782490195,0.4823270937754302
gp_pareto_unc,18,49,0.3591703782490195,0.49830924470860577
gp_pareto_unc,18,50,0.3591703782490195,0.4997562361076952
gp_pareto_unc,18,51,0.3591703782490195,0.5004581943586903
gp_pareto_unc,18,52,0.3591703782490195,0.5004581943586903
gp_pareto_unc,18,53,0.3591703782490195,0.5200020578987232
gp_pareto_unc,18,54,0.3591703782490195,0.5200020578987232
gp_pareto_unc,18,55,0.3591703782490195,0.5200020578987232
gp_pareto_unc,18,56,0.3591703782490195,0.5200020578987232
gp_pareto_unc,18,57,0.3591703782490195,0.5200020578987232
gp_pareto_unc,19,32,0.3116825290810931,0.4618851158947737
gp_pareto_unc,19,33,0.3116825290810931,0.4618851158947737
gp_pareto_unc,19,34,0.3116825290810931,0.46274000743036525
gp_pareto_unc,19,35,0.3116825290810931,0.46274000743036525
gp_pareto_unc,19,36,0.3591703782490195,0.4693323632762829
gp_pareto_unc,19,37,0.3591703782490195,0.47067607973944536
gp_pareto_unc,19,38,0.3591703782490195,0.47067607973944536
gp_pareto_unc,19,39,0.3591703782490195,0.47091056921272223
gp_pareto_unc,19,40,0.3591703782490195,0.47091056921272223
gp_pareto_unc,19,41,0.3591703782490195,0.47314656606361793
gp_pareto_unc,19,42,0.3591703782490195,0.4789222425128237
gp_pareto_unc,19,43,0.3591703782490195,0.4789229580422284
gp_pareto_unc,19,44,0.3591703782490195,0.481264133206625
gp_pareto_unc,19,45,0.3591703782490195,0.481264133206625
gp_pareto_unc,19,46,0.3591703782490195,0.481264133206625
gp_pareto_unc,19,47,0.3591703782490195,0.4823270937754302
gp_pareto_unc,19,48,0.3591703782490195,0.4823270937754302
gp_pareto_unc,19,49,0.3591703782490195,0.49830924470860577
gp_pareto_unc,19,50,0.3591703782490195,0.4997562361076952
gp_pareto_unc,19,51,0.3591703782490195,0.5004581943586903
gp_pareto_unc,19,52,0.3591703782490195,0.5004581943586903
gp_pareto_unc,19,53,0.3591703782490195,0.5200020578987232
gp_pareto_unc,19,54,0.3591703782490195,0.5200020578987232
gp_pareto_unc,19,55,0.3591703782490195,0.5200020578987232
gp_pareto_unc,19,56,0.3591703782490195,0.5200020578987232
gp_pareto_unc,19,57,0.3591703782490195,0.5200020578987232
gp_pareto_unc,20,32,0.3116825290810931,0.4618851158947737
gp_pareto_unc,20,33,0.3116825290810931,0.4618851158947737
gp_pareto_unc,20,34,0.3116825290810931,0.46274000743036525
gp_pareto_unc,20,35,0.3116825290810931,0.46274000743036525
gp_pareto_unc,20,36,0.3591703782490195,0.4693323632762829
gp_pareto_unc,20,37,0.3591703782490195,0.47067607973944536
gp_pareto_unc,20,38,0.3591703782490195,0.47067607973944536
gp_pareto_unc,20,39,0.3591703782490195,0.47091056921272223
gp_pareto_unc,20,40,0.3591703782490195,0.47091056921272223
gp_pareto_unc,20,41,0.3591703782490195,0.47314656606361793
gp_pareto_unc,20,42,0.3591703782490195,0.4789222425128237
gp_pareto_unc,20,43,0.3591703782490195,0.4789229580422284
gp_pareto_unc,20,44,0.3591703782490195,0.481264133206625
gp_pareto_unc,20,45,0.3591703782490195,0.481264133206625
gp_pareto_unc,20,46,0.3591703782490195,0.481264133206625
gp_pareto_unc,20,47,0.3591703782490195,0.4823270937754302
gp_pareto_unc,20,48,0.3591703782490195,0.4823270937754302
gp_pareto_unc,20,49,0.3591703782490195,0.49830924470860577
gp_pareto_unc,20,50,0.3591703782490195,0.4997562361076952
gp_pareto_unc,20,51,0.3591703782490195,0.5004581943586903
gp_pareto_unc,20,52,0.3591703782490195,0.5004581943586903
gp_pareto_unc,20,53,0.3591703782490195,0.5200020578987232
gp_pareto_unc,20,54,0.3591703782490195,0.5200020578987232
gp_pareto_unc,20,55,0.3591703782490195,0.5200020578987232
gp_pareto_unc,20,56,0.3591703782490195,0.5200020578987232
gp_pareto_unc,20,57,0.3591703782490195,0.5200020578987232
gp_pareto_unc,21,32,0.3116825290810931,0.4618851158947737
gp_pareto_unc,21,33,0.3116825290810931,0.4618851158947737
gp_pareto_unc,21,34,0.3116825290810931,0.46274000743036525
gp_pareto_unc,21,35,0.3116825290810931,0.46274000743036525
gp_pareto_unc,21,36,0.3591703782490195,0.4693323632762829
gp_pareto_unc,21,37,0.3591703782490195,0.47067607973944536
gp_pareto_unc,21,38,0.3591703782490195,0.47067607973944536
gp_pareto_unc,21,39,0.3591703782490195,0.47091056921272223
gp_pareto_unc,21,40,0.3591703782490195,0.47091056921272223
gp_pareto_unc,21,41,0.3591703782490195,0.47314656606361793
gp_pareto_unc,21,42,0.3591703782490195,0.4789222425128237
gp_pareto_unc,21,43,0.3591703782490195,0.4789229580422284
gp_pareto_unc,21,44,0.3591703782490195,0.481264133206625
gp_pareto_unc,21,45,0.3591703782490195,0.481264133206625
gp_pareto_unc,21,46,0.3591703782490195,0.481264133206625
gp_pareto_unc,21,47,0.3591703782490195,0.4823270937754302
gp_pareto_unc,21,48,0.3591703782490195,0.4823270937754302
gp_pareto_unc,21,49,0.3591703782490195,0.49830924470860577
gp_pareto_unc,21,50,0.3591703782490195,0.4997562361076952
gp_pareto_unc,21,51,0.3591703782490195,0.5004581943586903
gp_pareto_unc,21,52,0.3591703782490195,0.5004581943586903
gp_pareto_unc,21,53,0.3591703782490195,0.5200020578987232
gp_pareto_unc,21,54,0.3591703782490195,0.5200020578987232
gp_pareto_unc,21,55,0.3591703782490195,0.5200020578987232
gp_pareto_unc,21,56,0.3591703782490195,0.5200020578987232
gp_pareto_unc,21,57,0.3591703782490195,0.5200020578987232
gp_pareto_unc,22,32,0.3116825290810931,0.4618851158947737
gp_pareto_unc,22,33,0.3116825290810931,0.4618851158947737
gp_pareto_unc,22,34,0.3116825290810931,0.46274000743036525
gp_pareto_unc,22,35,0.3116825290810931,0.46274000743036525
gp_pareto_unc,22,36,0.3591703782490195,0.4693323632762829
gp_pareto_unc,22,37,0.3591703782490195,0.47067607973944536
gp_pareto_unc,22,38,0.3591703782490195,0.47067607973944536
gp_pareto_unc,22,39,0.3591703782490195,0.47091056921272223
gp_pareto_unc,22,40,0.3591703782490195,0.47091056921272223
gp_pareto_unc,22,41,0.3591703782490195,0.47314656606361793
gp_pareto_unc,22,42,0.3591703782490195,0.4789222425128237
gp_pareto_unc,22,43,0.3591703782490195,0.4789229580422284
gp_pareto_unc,22,44,0.3591703782490195,0.481264133206625
gp_pareto_unc,22,45,0.3591703782490195,0.481264133206625
gp_pareto_unc,22,46,0.3591703782490195,0.481264133206625
gp_pareto_unc,22,47,0.3591703782490195,0.4823270937754302
gp_pareto_unc,22,48,0.3591703782490195,0.4823270937754302
gp_pareto_unc,22,49,0.3591703782490195,0.49830924470860577
gp_pareto_unc,22,50,0.3591703782490195,0.4997562361076952
gp_pareto_unc,22,51,0.3591703782490195,0.5004581943586903
gp_pareto_unc,22,52,0.3591703782490195,0.5004581943586903
gp_pareto_unc,22,53,0.3591703782490195,0.5200020578987232
gp_pareto_unc,22,54,0.3591703782490195,0.5200020578987232
gp_pareto_unc,22,55,0.3591703782490195,0.5200020578987232
gp_pareto_unc,22,56,0.3591703782490195,0.5200020578987232
gp_pareto_unc,22,57,0.3591703782490195,0.5200020578987232
gp_pareto_unc,23,32,0.3116825290810931,0.4618851158947737
gp_pareto_unc,23,33,0.3116825290810931,0.4618851158947737
gp_pareto_unc,23,34,0.3116825290810931,0.46274000743036525
gp_pareto_unc,23,35,0.3116825290810931,0.46274000743036525
gp_pareto_unc,23,36,0.3591703782490195,0.4693323632762829
gp_pareto_unc,23,37,0.3591703782490195,0.47067607973944536
gp_pareto_unc,23,38,0.3591703782490195,0.47067607973944536
gp_pareto_unc,23,39,0.3591703782490195,0.47091056921272223
gp_pareto_unc,23,40,0.3591703782490195,0.47091056921272223
gp_pareto_unc,23,41,0.3591703782490195,0.47314656606361793
gp_pareto_unc,23,42,0.3591703782490195,0.4789222425128237
gp_pareto_unc,23,43,0.3591703782490195,0.4789229580422284
gp_pareto_unc,23,44,0.3591703782490195,0.481264133206625
gp_pareto_unc,23,45,0.3591703782490195,0.481264133206625
gp_pareto_unc,23,46,0.3591703782490195,0.481264133206625
gp_pareto_unc,23,47,0.3591703782490195,0.4823270937754302
gp_pareto_unc,23,48,0.3591703782490195,0.4823270937754302
gp_pareto_unc,23,49,0.3591703782490195,0.49830924470860577
gp_pareto_unc,23,50,0.3591703782490195,0.4997562361076952
gp_pareto_unc,23,51,0.3591703782490195,0.5004581943586903
gp_pareto_unc,23,52,0.3591703782490195,0.5004581943586903
gp_pareto_unc,23,53,0.3591703782490195,0.5200020578987232
gp_pareto_unc,23,54,0.3591703782490195,0.5200020578987232
gp_pareto_unc,23,55,0.3591703782490195,0.5200020578987232
gp_pareto_unc,23,56,0.3591703782490195,0.5200020578987232
gp_pareto_unc,23,57,0.3591703782490195,0.5200020578987232
gp_pareto_unc,24,32,0.3116825290810931,0.4618851158947737
gp_pareto_unc,24,33,0.3116825290810931,0.4618851158947737
gp_pareto_unc,24,34,0.3116825290810931,0.46274000743036525
gp_pareto_unc,24,35,0.3116825290810931,0.46274000743036525
gp_pareto_unc,24,36,0.3591703782490195,0.4693323632762829
gp_pareto_unc,24,37,0.3591703782490195,0.47067607973944536
gp_pareto_unc,24,38,0.3591703782490195,0.47067607973944536
gp_pareto_unc,24,39,0.3591703782490195,0.47091056921272223
gp_pareto_unc,24,40,0.3591703782490195,0.47091056921272223
gp_pareto_unc,24,41,0.3591703782490195,0.47314656606361793
gp_pareto_unc,24,42,0.3591703782490195,0.4789222425128237
gp_pareto_unc,24,43,0.3591703782490195,0.4789229580422284
gp_pareto_unc,24,44,0.3591703782490195,0.481264133206625
gp_pareto_unc,24,45,0.3591703782490195,0.481264133206625
gp_pareto_unc,24,46,0.3591703782490195,0.481264133206625
gp_pareto_unc,24,47,0.3591703782490195,0.4823270937754302
gp_pareto_unc,24,48,0.3591703782490195,0.4823270937754302
gp_pareto_unc,24,49,0.3591703782490195,0.49830924470860577
gp_pareto_unc,24,50,0.3591703782490195,0.4997562361076952
gp_pareto_unc,24,51,0.3591703782490195,0.5004581943586903
gp_pareto_unc,24,52,0.3591703782490195,0.5004581943586903
gp_pareto_unc,24,53,0.3591703782490195,0.5200020578987232
gp_pareto_unc,24,54,0.3591703782490195,0.5200020578987232
gp_pareto_unc,24,55,0.3591703782490195,0.5200020578987232
gp_pareto_unc,24,56,0.3591703782490195,0.5200020578987232
gp_pareto_unc,24,57,0.3591703782490195,0.5200020578987232
gp_pareto_unc,25,32,0.3116825290810931,0.4618851158947737
gp_pareto_unc,25,33,0.3116825290810931,0.4618851158947737
gp_pareto_unc,25,34,0.3116825290810931,0.46274000743036525
gp_pareto_unc,25,35,0.3116825290810931,0.46274000743036525
gp_pareto_unc,25,36,0.3591703782490195,0.4693323632762829
gp_pareto_unc,25,37,0.3591703782490195,0.47067607973944536
gp_pareto_unc,25,38,0.3591703782490195,0.47067607973944536
gp_pareto_unc,25,39,0.3591703782490195,0.47091056921272223
gp_pareto_unc,25,40,0.3591703782490195,0.47091056921272223
gp_pareto_unc,25,41,0.3591703782490195,0.47314656606361793
gp_pareto_unc,25,42,0.3591703782490195,0.4789222425128237
gp_pareto_unc,25,43,0.3591703782490195,0.4789229580422284
gp_pareto_unc,25,44,0.3591703782490195,0.481264133206625
gp_pareto_unc,25,45,0.3591703782490195,0.481264133206625
gp_pareto_unc,25,46,0.3591703782490195,0.481264133206625
gp_pareto_unc,25,47,0.3591703782490195,0.4823270937754302
gp_pareto_unc,25,48,0.3591703782490195,0.4823270937754302
gp_pareto_unc,25,49,0.3591703782490195,0.49830924470860577
gp_pareto_unc,25,50,0.3591703782490195,0.4997562361076952
gp_pareto_unc,25,51,0.3591703782490195,0.5004581943586903
gp_pareto_unc,25,52,0.3591703782490195,0.5004581943586903
gp_pareto_unc,25,53,0.3591703782490195,0.5200020578987232
gp_pareto_unc,25,54,0.3591703782490195,0.5200020578987232
gp_pareto_unc,25,55,0.3591703782490195,0.5200020578987232
gp_pareto_unc,25,56,0.3591703782490195,0.5200020578987232
gp_pareto_unc,25,57,0.3591703782490195,0.5200020578987232
gp_pareto_unc,26,32,0.3116825290810931,0.4618851158947737
gp_pareto_unc,26,33,0.3116825290810931,0.4618851158947737
gp_pareto_unc,26,34,0.3116825290810931,0.46274000743036525
gp_pareto_unc,26,35,0.3116825290810931,0.46274000743036525
gp_pareto_unc,26,36,0.3591703782490195,0.4693323632762829
gp_pareto_unc,26,37,0.3591703782490195,0.47067607973944536
gp_pareto_unc,26,38,0.3591703782490195,0.47067607973944536
gp_pareto_unc,26,39,0.3591703782490195,0.47091056921272223
gp_pareto_unc,26,40,0.3591703782490195,0.47091056921272223
gp_pareto_unc,26,41,0.3591703782490195,0.47314656606361793
gp_pareto_unc,26,42,0.3591703782490195,0.4789222425128237
gp_pareto_unc,26,43,0.3591703782490195,0.4789229580422284
gp_pareto_unc,26,44,0.3591703782490195,0.481264133206625
gp_pareto_unc,26,45,0.3591703782490195,0.481264133206625
gp_pareto_unc,26,46,0.3591703782490195,0.481264133206625
gp_pareto_unc,26,47,0.3591703782490195,0.4823270937754302
gp_pareto_unc,26,48,0.3591703782490195,0.4823270937754302
gp_pareto_unc,26,49,0.3591703782490195,0.49830924470860577
gp_pareto_unc,26,50,0.3591703782490195,0.4997562361076952
gp_pareto_unc,26,51,0.3591703782490195,0.5004581943586903
gp_pareto_unc,26,52,0.3591703782490195,0.5004581943586903
gp_pareto_unc,26,53,0.3591703782490195,0.5200020578987232
gp_pareto_unc,26,54,0.3591703782490195,0.5200020578987232
gp_pareto_unc,26,55,0.3591703782490195,0.5200020578987232
gp_pareto_unc,26,56,0.3591703782490195,0.5200020578987232
gp_pareto_unc,26,57,0.3591703782490195,0.5200020578987232
gp_pareto_unc,27,32,0.3116825290810931,0.4618851158947737
gp_pareto_unc,27,33,0.3116825290810931,0.4618851158947737
gp_pareto_unc,27,34,0.3116825290810931,0.46274000743036525
gp_pareto_unc,27,35,0.3116825290810931,0.46274000743036525
gp_pareto_unc,27,36,0.3591703782490195,0.4693323632762829
gp_pareto_unc,27,37,0.3591703782490195,0.47067607973944536
gp_pareto_unc,27,38,0.3591703782490195,0.47067607973944536
gp_pareto_unc,27,39,0.3591703782490195,0.47091056921272223
gp_pareto_unc,27,40,0.3591703782490195,0.47091056921272223
gp_pareto_unc,27,41,0.3591703782490195,0.47314656606361793
gp_pareto_unc,27,42,0.3591703782490195,0.4789222425128237
gp_pareto_unc,27,43,0.3591703782490195,0.4789229580422284
gp_pareto_unc,27,44,0.3591703782490195,0.481264133206625
gp_pareto_unc,27,45,0.3591703782490195,0.481264133206625
gp_pareto_unc,27,46,0.3591703782490195,0.481264133206625
gp_pareto_unc,27,47,0.3591703782490195,0.4823270937754302
gp_pareto_unc,27,48,0.3591703782490195,0.4823270937754302
gp_pareto_unc,27,49,0.3591703782490195,0.49830924470860577
gp_pareto_unc,27,50,0.3591703782490195,0.4997562361076952
gp_pareto_unc,27,51,0.3591703782490195,0.5004581943586903
gp_pareto_unc,27,52,0.3591703782490195,0.5004581943586903
gp_pareto_unc,27,53,0.3591703782490195,0.5200020578987232
gp_pareto_unc,27,54,0.3591703782490195,0.5200020578987232
gp_pareto_unc,27,55,0.3591703782490195,0.5200020578987232
gp_pareto_unc,27,56,0.3591703782490195,0.5200020578987232
gp_pareto_unc,27,57,0.3591703782490195,0.5200020578987232
gp_pareto_unc,28,32,0.3116825290810931,0.4618851158947737
gp_pareto_unc,28,33,0.3116825290810931,0.4618851158947737
gp_pareto_unc,28,34,0.3116825290810931,0.46274000743036525
gp_pareto_unc,28,35,0.3116825290810931,0.46274000743036525
gp_pareto_unc,28,36,0.3591703782490195,0.4693323632762829
gp_pareto_unc,28,37,0.3591703782490195,0.47067607973944536
gp_pareto_unc,28,38,0.3591703782490195,0.47067607973944536
gp_pareto_unc,28,39,0.3591703782490195,0.47091056921272223
gp_pareto_unc,28,40,0.3591703782490195,0.47091056921272223
gp_pareto_unc,28,41,0.3591703782490195,0.47314656606361793
gp_pareto_unc,28,42,0.3591703782490195,0.4789222425128237
gp_pareto_unc,28,43,0.3591703782490195,0.4789229580422284
gp_pareto_unc,28,44,0.3591703782490195,0.481264133206625
gp_pareto_unc,28,45,0.3591703782490195,0.481264133206625
gp_pareto_unc,28,46,0.3591703782490195,0.481264133206625
gp_pareto_unc,28,47,0.3591703782490195,0.4823270937754302
gp_pareto_unc,28,48,0.3591703782490195,0.4823270937754302
gp_pareto_unc,28,49,0.3591703782490195,0.49830924470860577
gp_pareto_unc,28,50,0.3591703782490195,0.4997562361076952
gp_pareto_unc,28,51,0.3591703782490195,0.5004581943586903
gp_pareto_unc,28,52,0.3591703782490195,0.5004581943586903
gp_pareto_unc,28,53,0.3591703782490195,0.5200020578987232
gp_pareto_unc,28,54,0.3591703782490195,0.5200020578987232
gp_pareto_unc,28,55,0.3591703782490195,0.5200020578987232
gp_pareto_unc,28,56,0.3591703782490195,0.5200020578987232
gp_pareto_unc,28,57,0.3591703782490195,0.5200020578987232
gp_pareto_unc,29,32,0.3116825290810931,0.4618851158947737
gp_pareto_unc,29,33,0.3116825290810931,0.4618851158947737
gp_pareto_unc,29,34,0.3116825290810931,0.46274000743036525
gp_pareto_unc,29,35,0.3116825290810931,0.46274000743036525
gp_pareto_unc,29,36,0.3591703782490195,0.4693323632762829
gp_pareto_unc,29,37,0.3591703782490195,0.47067607973944536
gp_pareto_unc,29,38,0.3591703782490195,0.47067607973944536
gp_pareto_unc,29,39,0.3591703782490195,0.47091056921272223
gp_pareto_unc,29,40,0.3591703782490195,0.47091056921272223
gp_pareto_unc,29,41,0.3591703782490195,0.47314656606361793
gp_pareto_unc,29,42,0.3591703782490195,0.4789222425128237
gp_pareto_unc,29,43,0.3591703782490195,0.4789229580422284
gp_pareto_unc,29,44,0.3591703782490195,0.481264133206625
gp_pareto_unc,29,45,0.3591703782490195,0.481264133206625
gp_pareto_unc,29,46,0.3591703782490195,0.481264133206625
gp_pareto_unc,29,47,0.3591703782490195,0.4823270937754302
gp_pareto_unc,29,48,0.3591703782490195,0.4823270937754302
gp_pareto_unc,29,49,0.3591703782490195,0.49830924470860577
gp_pareto_unc,29,50,0.3591703782490195,0.4997562361076952
gp_pareto_unc,29,51,0.3591703782490195,0.5004581943586903
gp_pareto_unc,29,52,0.3591703782490195,0.5004581943586903
gp_pareto_unc,29,53,0.3591703782490195,0.5200020578987232
gp_pareto_unc,29,54,0.3591703782490195,0.5200020578987232
gp_pareto_unc,29,55,0.3591703782490195,0.5200020578987232
gp_pareto_unc,29,56,0.3591703782490195,0.5200020578987232
gp_pareto_unc,29,57,0.3591703782490195,0.5200020578987232
gp_pareto_unc,30,32,0.3116825290810931,0.4618851158947737
gp_pareto_unc,30,33,0.3116825290810931,0.4618851158947737
gp_pareto_unc,30,34,0.3116825290810931,0.46274000743036525
gp_pareto_unc,30,35,0.3116825290810931,0.46274000743036525
gp_pareto_unc,30,36,0.3591703782490195,0.4693323632762829
gp_pareto_unc,30,37,0.3591703782490195,0.47067607973944536
gp_pareto_unc,30,38,0.3591703782490195,0.47067607973944536
gp_pareto_unc,30,39,0.3591703782490195,0.47091056921272223
gp_pareto_unc,30,40,0.3591703782490195,0.47091056921272223
gp_pareto_unc,30,41,0.3591703782490195,0.47314656606361793
gp_pareto_unc,30,42,0.3591703782490195,0.4789222425128237
gp_pareto_unc,30,43,0.3591703782490195,0.4789229580422284
gp_pareto_unc,30,44,0.3591703782490195,0.481264133206625
gp_pareto_unc,30,45,0.3591703782490195,0.481264133206625
gp_pareto_unc,30,46,0.3591703782490195,0.481264133206625
gp_pareto_unc,30,47,0.3591703782490195,0.4823270937754302
gp_pareto_unc,30,48,0.3591703782490195,0.4823270937754302
gp_pareto_unc,30,49,0.3591703782490195,0.49830924470860577
gp_pareto_unc,30,50,0.3591703782490195,0.4997562361076952
gp_pareto_unc,30,51,0.3591703782490195,0.5004581943586903
gp_pareto_unc,30,52,0.3591703782490195,0.5004581943586903
gp_pareto_unc,30,53,0.3591703782490195,0.5200020578987232
gp_pareto_unc,30,54,0.3591703782490195,0.5200020578987232
gp_pareto_unc,30,55,0.3591703782490195,0.5200020578987232
gp_pareto_unc,30,56,0.3591703782490195,0.5200020578987232
gp_pareto_unc,30,57,0.3591703782490195,0.5200020578987232
gp_pareto_unc,31,32,0.3116825290810931,0.4618851158947737
gp_pareto_unc,31,33,0.3116825290810931,0.4618851158947737
gp_pareto_unc,31,34,0.3116825290810931,0.46274000743036525
gp_pareto_unc,31,35,0.3116825290810931,0.46274000743036525
gp_pareto_unc,31,36,0.3591703782490195,0.4693323632762829
gp_pareto_unc,31,37,0.3591703782490195,0.47067607973944536
gp_pareto_unc,31,38,0.3591703782490195,0.47067607973944536
gp_pareto_unc,31,39,0.3591703782490195,0.47091056921272223
gp_pareto_unc,31,40,0.3591703782490195,0.47091056921272223
gp_pareto_unc,31,41,0.3591703782490195,0.47314656606361793
gp_pareto_unc,31,42,0.3591703782490195,0.4789222425128237
gp_pareto_unc,31,43,0.3591703782490195,0.4789229580422284
gp_pareto_unc,31,44,0.3591703782490195,0.481264133206625
gp_pareto_unc,31,45,0.3591703782490195,0.481264133206625
gp_pareto_unc,31,46,0.3591703782490195,0.481264133206625
gp_pareto_unc,31,47,0.3591703782490195,0.4823270937754302
gp_pareto_unc,31,48,0.3591703782490195,0.4823270937754302
gp_pareto_unc,31,49,0.3591703782490195,0.49830924470860577
gp_pareto_unc,31,50,0.3591703782490195,0.4997562361076952
gp_pareto_unc,31,51,0.3591703782490195,0.5004581943586903
gp_pareto_unc,31,52,0.3591703782490195,0.5004581943586903
gp_pareto_unc,31,53,0.3591703782490195,0.5200020578987232
gp_pareto_unc,31,54,0.3591703782490195,0.5200020578987232
gp_pareto_unc,31,55,0.3591703782490195,0.5200020578987232
gp_pareto_unc,31,56,0.3591703782490195,0.5200020578987232
gp_pareto_unc,31,57,0.3591703782490195,0.5200020578987232
gp_pareto_unc,32,32,0.3116825290810931,0.4618851158947737
gp_pareto_unc,32,33,0.3116825290810931,0.4618851158947737
gp_pareto_unc,32,34,0.3116825290810931,0.46274000743036525
gp_pareto_unc,32,35,0.3116825290810931,0.46274000743036525
gp_pareto_unc,32,36,0.3591703782490195,0.4693323632762829
gp_pareto_unc,32,37,0.3591703782490195,0.47067607973944536
gp_pareto_unc,32,38,0.3591703782490195,0.47067607973944536
gp_pareto_unc,32,39,0.3591703782490195,0.47091056921272223
gp_pareto_unc,32,40,0.3591703782490195,0.47091056921272223
gp_pareto_unc,32,41,0.3591703782490195,0.47314656606361793
gp_pareto_unc,32,42,0.3591703782490195,0.4789222425128237
gp_pareto_unc,32,43,0.3591703782490195,0.4789229580422284
gp_pareto_unc,32,44,0.3591703782490195,0.481264133206625
gp_pareto_unc,32,45,0.3591703782490195,0.481264133206625
gp_pareto_unc,32,46,0.3591703782490195,0.481264133206625
gp_pareto_unc,32,47,0.3591703782490195,0.4823270937754302
gp_pareto_unc,32,48,0.3591703782490195,0.4823270937754302
gp_pareto_unc,32,49,0.3591703782490195,0.49830924470860577
gp_pareto_unc,32,50,0.3591703782490195,0.4997562361076952
gp_pareto_unc,32,51,0.3591703782490195,0.5004581943586903
gp_pareto_unc,32,52,0.3591703782490195,0.5004581943586903
gp_pareto_unc,32,53,0.3591703782490195,0.5200020578987232
gp_pareto_unc,32,54,0.3591703782490195,0.5200020578987232
gp_pareto_unc,32,55,0.3591703782490195,0.5200020578987232
gp_pareto_unc,32,56,0.3591703782490195,0.5200020578987232
gp_pareto_unc,32,57,0.3591703782490195,0.5200020578987232
gp_pareto_unc,33,32,0.3116825290810931,0.4618851158947737
gp_pareto_unc,33,33,0.3116825290810931,0.4618851158947737
gp_pareto_unc,33,34,0.3116825290810931,0.46274000743036525
gp_pareto_unc,33,35,0.3116825290810931,0.46274000743036525
gp_pareto_unc,33,36,0.3591703782490195,0.4693323632762829
gp_pareto_unc,33,37,0.3591703782490195,0.47067607973944536
gp_pareto_unc,33,38,0.3591703782490195,0.47067607973944536
gp_pareto_unc,33,39,0.3591703782490195,0.47091056921272223
gp_pareto_unc,33,40,0.3591703782490195,0.47091056921272223
gp_pareto_unc,33,41,0.3591703782490195,0.47314656606361793
gp_pareto_unc,33,42,0.3591703782490195,0.4789222425128237
gp_pareto_unc,33,43,0.3591703782490195,0.4789229580422284
gp_pareto_unc,33,44,0.3591703782490195,0.481264133206625
gp_pareto_unc,33,45,0.3591703782490195,0.481264133206625
gp_pareto_unc,33,46,0.3591703782490195,0.481264133206625
gp_pareto_unc,33,47,0.3591703782490195,0.4823270937754302
gp_pareto_unc,33,48,0.3591703782490195,0.4823270937754302
gp_pareto_unc,33,49,0.3591703782490195,0.49830924470860577
gp_pareto_unc,33,50,0.3591703782490195,0.4997562361076952
gp_pareto_unc,33,51,0.3591703782490195,0.5004581943586903
gp_pareto_unc,33,52,0.3591703782490195,0.5004581943586903
gp_pareto_unc,33,53,0.3591703782490195,0.5200020578987232
gp_pareto_unc,33,54,0.3591703782490195,0.5200020578987232
gp_pareto_unc,33,55,0.3591703782490195,0.5200020578987232
gp_pareto_unc,33,56,0.3591703782490195,0.5200020578987232
gp_pareto_unc,33,57,0.3591703782490195,0.5200020578987232
gp_pareto_unc,34,32,0.3116825290810931,0.4618851158947737
gp_pareto_unc,34,33,0.3116825290810931,0.4618851158947737
gp_pareto_unc,34,34,0.3116825290810931,0.46274000743036525
gp_pareto_unc,34,35,0.3116825290810931,0.46274000743036525
gp_pareto_unc,34,36,0.3591703782490195,0.4693323632762829
gp_pareto_unc,34,37,0.3591703782490195,0.47067607973944536
gp_pareto_unc,34,38,0.3591703782490195,0.47067607973944536
gp_pareto_unc,34,39,0.3591703782490195,0.47091056921272223
gp_pareto_unc,34,40,0.3591703782490195,0.47091056921272223
gp_pareto_unc,34,41,0.3591703782490195,0.47314656606361793
gp_pareto_unc,34,42,0.3591703782490195,0.4789222425128237
gp_pareto_unc,34,43,0.3591703782490195,0.4789229580422284
gp_pareto_unc,34,44,0.3591703782490195,0.481264133206625
gp_pareto_unc,34,45,0.3591703782490195,0.481264133206625
gp_pareto_unc,34,46,0.3591703782490195,0.481264133206625
gp_pareto_unc,34,47,0.3591703782490195,0.4823270937754302
gp_pareto_unc,34,48,0.3591703782490195,0.4823270937754302
gp_pareto_unc,34,49,0.3591703782490195,0.49830924470860577
gp_pareto_unc,34,50,0.3591703782490195,0.4997562361076952
gp_pareto_unc,34,51,0.3591703782490195,0.5004581943586903
gp_pareto_unc,34,52,0.3591703782490195,0.5004581943586903
gp_pareto_unc,34,53,0.3591703782490195,0.5200020578987232
gp_pareto_unc,34,54,0.3591703782490195,0.5200020578987232
gp_pareto_unc,34,55,0.3591703782490195,0.5200020578987232
gp_pareto_unc,34,56,0.3591703782490195,0.5200020578987232
gp_pareto_unc,34,57,0.3591703782490195,0.5200020578987232
gp_pareto_unc,35,32,0.3116825290810931,0.4618851158947737
gp_pareto_unc,35,33,0.3116825290810931,0.4618851158947737
gp_pareto_unc,35,34,0.3116825290810931,0.46274000743036525
gp_pareto_unc,35,35,0.3116825290810931,0.46274000743036525
gp_pareto_unc,35,36,0.3591703782490195,0.4693323632762829
gp_pareto_unc,35,37,0.3591703782490195,0.47067607973944536
gp_pareto_unc,35,38,0.3591703782490195,0.47067607973944536
gp_pareto_unc,35,39,0.3591703782490195,0.47091056921272223
gp_pareto_unc,35,40,0.3591703782490195,0.47091056921272223
gp_pareto_unc,35,41,0.3591703782490195,0.47314656606361793
gp_pareto_unc,35,42,0.3591703782490195,0.4789222425128237
gp_pareto_unc,35,43,0.3591703782490195,0.4789229580422284
gp_pareto_unc,35,44,0.3591703782490195,0.481264133206625
gp_pareto_unc,35,45,0.3591703782490195,0.481264133206625
gp_pareto_unc,35,46,0.3591703782490195,0.481264133206625
gp_pareto_unc,35,47,0.3591703782490195,0.4823270937754302
gp_pareto_unc,35,48,0.3591703782490195,0.4823270937754302
gp_pareto_unc,35,49,0.3591703782490195,0.49830924470860577
gp_pareto_unc,35,50,0.3591703782490195,0.4997562361076952
gp_pareto_unc,35,51,0.3591703782490195,0.5004581943586903
gp_pareto_unc,35,52,0.3591703782490195,0.5004581943586903
gp_pareto_unc,35,53,0.3591703782490195,0.5200020578987232
gp_pareto_unc,35,54,0.3591703782490195,0.5200020578987232
gp_pareto_unc,35,55,0.3591703782490195,0.5200020578987232
gp_pareto_unc,35,56,0.3591703782490195,0.5200020578987232
gp_pareto_unc,35,57,0.3591703782490195,0.5200020578987232
gp_pareto_unc,36,32,0.3116825290810931,0.4618851158947737
gp_pareto_unc,36,33,0.3116825290810931,0.4618851158947737
gp_pareto_unc,36,34,0.3116825290810931,0.46274000743036525
gp_pareto_unc,36,35,0.3116825290810931,0.46274000743036525
gp_pareto_unc,36,36,0.3591703782490195,0.4693323632762829
gp_pareto_unc,36,37,0.3591703782490195,0.47067607973944536
gp_pareto_unc,36,38,0.3591703782490195,0.47067607973944536
gp_pareto_unc,36,39,0.3591703782490195,0.47091056921272223
gp_pareto_unc,36,40,0.3591703782490195,0.47091056921272223
gp_pareto_unc,36,41,0.3591703782490195,0.47314656606361793
gp_pareto_unc,36,42,0.3591703782490195,0.4789222425128237
gp_pareto_unc,36,43,0.3591703782490195,0.4789229580422284
gp_pareto_unc,36,44,0.3591703782490195,0.481264133206625
gp_pareto_unc,36,45,0.3591703782490195,0.481264133206625
gp_pareto_unc,36,46,0.3591703782490195,0.481264133206625
gp_pareto_unc,36,47,0.3591703782490195,0.4823270937754302
gp_pareto_unc,36,48,0.3591703782490195,0.4823270937754302
gp_pareto_unc,36,49,0.3591703782490195,0.49830924470860577
gp_pareto_unc,36,50,0.3591703782490195,0.4997562361076952
gp_pareto_unc,36,51,0.3591703782490195,0.5004581943586903
gp_pareto_unc,36,52,0.3591703782490195,0.5004581943586903
gp_pareto_unc,36,53,0.3591703782490195,0.5200020578987232
gp_pareto_unc,36,54,0.3591703782490195,0.5200020578987232
gp_pareto_unc,36,55,0.3591703782490195,0.5200020578987232
gp_pareto_unc,36,56,0.3591703782490195,0.5200020578987232
gp_pareto_unc,36,57,0.3591703782490195,0.5200020578987232
gp_pareto_unc,37,32,0.3116825290810931,0.4618851158947737
gp_pareto_unc,37,33,0.3116825290810931,0.4618851158947737
gp_pareto_unc,37,34,0.3116825290810931,0.46274000743036525
gp_pareto_unc,37,35,0.3116825290810931,0.46274000743036525
gp_pareto_unc,37,36,0.3591703782490195,0.4693323632762829
gp_pareto_unc,37,37,0.3591703782490195,0.47067607973944536
gp_pareto_unc,37,38,0.3591703782490195,0.47067607973944536
gp_pareto_unc,37,39,0.3591703782490195,0.47091056921272223
gp_pareto_unc,37,40,0.3591703782490195,0.47091056921272223
gp_pareto_unc,37,41,0.3591703782490195,0.47314656606361793
gp_pareto_unc,37,42,0.3591703782490195,0.4789222425128237
gp_pareto_unc,37,43,0.3591703782490195,0.4789229580422284
gp_pareto_unc,37,44,0.3591703782490195,0.481264133206625
gp_pareto_unc,37,45,0.3591703782490195,0.481264133206625
gp_pareto_unc,37,46,0.3591703782490195,0.481264133206625
gp_pareto_unc,37,47,0.3591703782490195,0.4823270937754302
gp_pareto_unc,37,48,0.3591703782490195,0.4823270937754302
gp_pareto_unc,37,49,0.3591703782490195,0.49830924470860577
gp_pareto_unc,37,50,0.3591703782490195,0.4997562361076952
gp_pareto_unc,37,51,0.3591703782490195,0.5004581943586903
gp_pareto_unc,37,52,0.3591703782490195,0.5004581943586903
gp_pareto_unc,37,53,0.3591703782490195,0.5200020578987232
gp_pareto_unc,37,54,0.3591703782490195,0.5200020578987232
gp_pareto_unc,37,55,0.3591703782490195,0.5200020578987232
gp_pareto_unc,37,56,0.3591703782490195,0.5200020578987232
gp_pareto_unc,37,57,0.3591703782490195,0.5200020578987232
gp_pareto_unc,38,32,0.3116825290810931,0.4618851158947737
gp_pareto_unc,38,33,0.3116825290810931,0.4618851158947737
gp_pareto_unc,38,34,0.3116825290810931,0.46274000743036525
gp_pareto_unc,38,35,0.3116825290810931,0.46274000743036525
gp_pareto_unc,38,36,0.3591703782490195,0.4693323632762829
gp_pareto_unc,38,37,0.3591703782490195,0.47067607973944536
gp_pareto_unc,38,38,0.3591703782490195,0.47067607973944536
gp_pareto_unc,38,39,0.3591703782490195,0.47091056921272223
gp_pareto_unc,38,40,0.3591703782490195,0.47091056921272223
gp_pareto_unc,38,41,0.3591703782490195,0.47314656606361793
gp_pareto_unc,38,42,0.3591703782490195,0.4789222425128237
gp_pareto_unc,38,43,0.3591703782490195,0.4789229580422284
gp_pareto_unc,38,44,0.3591703782490195,0.481264133206625
gp_pareto_unc,38,45,0.3591703782490195,0.481264133206625
gp_pareto_unc,38,46,0.3591703782490195,0.481264133206625
gp_pareto_unc,38,47,0.3591703782490195,0.4823270937754302
gp_pareto_unc,38,48,0.3591703782490195,0.4823270937754302
gp_pareto_unc,38,49,0.3591703782490195,0.49830924470860577
gp_pareto_unc,38,50,0.3591703782490195,0.4997562361076952
gp_pareto_unc,38,51,0.3591703782490195,0.5004581943586903
gp_pareto_unc,38,52,0.3591703782490195,0.5004581943586903
gp_pareto_unc,38,53,0.3591703782490195,0.5200020578987232
gp_pareto_unc,38,54,0.3591703782490195,0.5200020578987232
gp_pareto_unc,38,55,0.3591703782490195,0.5200020578987232
gp_pareto_unc,38,56,0.3591703782490195,0.5200020578987232
gp_pareto_unc,38,57,0.3591703782490195,0.5200020578987232
gp_pareto_unc,39,32,0.3116825290810931,0.4618851158947737
gp_pareto_unc,39,33,0.3116825290810931,0.4618851158947737
gp_pareto_unc,39,34,0.3116825290810931,0.46274000743036525
gp_pareto_unc,39,35,0.3116825290810931,0.46274000743036525
gp_pareto_unc,39,36,0.3591703782490195,0.4693323632762829
gp_pareto_unc,39,37,0.3591703782490195,0.47067607973944536
gp_pareto_unc,39,38,0.3591703782490195,0.47067607973944536
gp_pareto_unc,39,39,0.3591703782490195,0.47091056921272223
gp_pareto_unc,39,40,0.3591703782490195,0.47091056921272223
gp_pareto_unc,39,41,0.3591703782490195,0.47314656606361793
gp_pareto_unc,39,42,0.3591703782490195,0.4789222425128237
gp_pareto_unc,39,43,0.3591703782490195,0.4789229580422284
gp_pareto_unc,39,44,0.3591703782490195,0.481264133206625
gp_pareto_unc,39,45,0.3591703782490195,0.481264133206625
gp_pareto_unc,39,46,0.3591703782490195,0.481264133206625
gp_pareto_unc,39,47,0.3591703782490195,0.4823270937754302
gp_pareto_unc,39,48,0.3591703782490195,0.4823270937754302
gp_pareto_unc,39,49,0.3591703782490195,0.49830924470860577
gp_pareto_unc,39,50,0.3591703782490195,0.4997562361076952
gp_pareto_unc,39,51,0.3591703782490195,0.5004581943586903
gp_pareto_unc,39,52,0.3591703782490195,0.5004581943586903
gp_pareto_unc,39,53,0.3591703782490195,0.5200020578987232
gp_pareto_unc,39,54,0.3591703782490195,0.5200020578987232
gp_pareto_unc,39,55,0.3591703782490195,0.5200020578987232
gp_pareto_unc,39,56,0.3591703782490195,0.5200020578987232
gp_pareto_unc,39,57,0.3591703782490195,0.5200020578987232
gp_pareto_unc,40,32,0.3116825290810931,0.4618851158947737
gp_pareto_unc,40,33,0.3116825290810931,0.4618851158947737
gp_pareto_unc,40,34,0.3116825290810931,0.46274000743036525
gp_pareto_unc,40,35,0.3116825290810931,0.46274000743036525
gp_pareto_unc,40,36,0.3591703782490195,0.4693323632762829
gp_pareto_unc,40,37,0.3591703782490195,0.47067607973944536
gp_pareto_unc,40,38,0.3591703782490195,0.47067607973944536
gp_pareto_unc,40,39,0.3591703782490195,0.47091056921272223
gp_pareto_unc,40,40,0.3591703782490195,0.47091056921272223
gp_pareto_unc,40,41,0.3591703782490195,0.47314656606361793
gp_pareto_unc,40,42,0.3591703782490195,0.4789222425128237
gp_pareto_unc,40,43,0.3591703782490195,0.4789229580422284
gp_pareto_unc,40,44,0.3591703782490195,0.481264133206625
gp_pareto_unc,40,45,0.3591703782490195,0.481264133206625
gp_pareto_unc,40,46,0.3591703782490195,0.481264133206625
gp_pareto_unc,40,47,0.3591703782490195,0.4823270937754302
gp_pareto_unc,40,48,0.3591703782490195,0.4823270937754302
gp_pareto_unc,40,49,0.3591703782490195,0.49830924470860577
gp_pareto_unc,40,50,0.3591703782490195,0.4997562361076952
gp_pareto_unc,40,51,0.3591703782490195,0.5004581943586903
gp_pareto_unc,40,52,0.3591703782490195,0.5004581943586903
gp_pareto_unc,40,53,0.3591703782490195,0.5200020578987232
gp_pareto_unc,40,54,0.3591703782490195,0.5200020578987232
gp_pareto_unc,40,55,0.3591703782490195,0.5200020578987232
gp_pareto_unc,40,56,0.3591703782490195,0.5200020578987232
gp_pareto_unc,40,57,0.3591703782490195,0.5200020578987232
gp_pareto_unc,41,32,0.3116825290810931,0.4618851158947737
gp_pareto_unc,41,33,0.3116825290810931,0.4618851158947737
gp_pareto_unc,41,34,0.3116825290810931,0.46274000743036525
gp_pareto_unc,41,35,0.3116825290810931,0.46274000743036525
gp_pareto_unc,41,36,0.3591703782490195,0.4693323632762829
gp_pareto_unc,41,37,0.3591703782490195,0.47067607973944536
gp_pareto_unc,41,38,0.3591703782490195,0.47067607973944536
gp_pareto_unc,41,39,0.3591703782490195,0.47091056921272223
gp_pareto_unc,41,40,0.3591703782490195,0.47091056921272223
gp_pareto_unc,41,41,0.3591703782490195,0.47314656606361793
gp_pareto_unc,41,42,0.3591703782490195,0.4789222425128237
gp_pareto_unc,41,43,0.3591703782490195,0.4789229580422284
gp_pareto_unc,41,44,0.3591703782490195,0.481264133206625
gp_pareto_unc,41,45,0.3591703782490195,0.481264133206625
gp_pareto_unc,41,46,0.3591703782490195,0.481264133206625
gp_pareto_unc,41,47,0.3591703782490195,0.4823270937754302
gp_pareto_unc,41,48,0.3591703782490195,0.4823270937754302
gp_pareto_unc,41,49,0.3591703782490195,0.49830924470860577
gp_pareto_unc,41,50,0.3591703782490195,0.4997562361076952
gp_pareto_unc,41,51,0.3591703782490195,0.5004581943586903
gp_pareto_unc,41,52,0.3591703782490195,0.5004581943586903
gp_pareto_unc,41,53,0.3591703782490195,0.5200020578987232
gp_pareto_unc,41,54,0.3591703782490195,0.5200020578987232
gp_pareto_unc,41,55,0.3591703782490195,0.5200020578987232
gp_pareto_unc,41,56,0.3591703782490195,0.5200020578987232
gp_pareto_unc,41,57,0.3591703782490195,0.5200020578987232
gp_pareto_unc,42,32,0.3116825290810931,0.4618851158947737
gp_pareto_unc,42,33,0.3116825290810931,0.4618851158947737
gp_pareto_unc,42,34,0.3116825290810931,0.46274000743036525
gp_pareto_unc,42,35,0.3116825290810931,0.46274000743036525
gp_pareto_unc,42,36,0.3591703782490195,0.4693323632762829
gp_pareto_unc,42,37,0.3591703782490195,0.47067607973944536
gp_pareto_unc,42,38,0.3591703782490195,0.47067607973944536
gp_pareto_unc,42,39,0.3591703782490195,0.47091056921272223
gp_pareto_unc,42,40,0.3591703782490195,0.47091056921272223
gp_pareto_unc,42,41,0.3591703782490195,0.47314656606361793
gp_pareto_unc,42,42,0.3591703782490195,0.4789222425128237
gp_pareto_unc,42,43,0.3591703782490195,0.4789229580422284
gp_pareto_unc,42,44,0.3591703782490195,0.481264133206625
gp_pareto_unc,42,45,0.3591703782490195,0.481264133206625
gp_pareto_unc,42,46,0.3591703782490195,0.481264133206625
gp_pareto_unc,42,47,0.3591703782490195,0.4823270937754302
gp_pareto_unc,42,48,0.3591703782490195,0.4823270937754302
gp_pareto_unc,42,49,0.3591703782490195,0.49830924470860577
gp_pareto_unc,42,50,0.3591703782490195,0.4997562361076952
gp_pareto_unc,42,51,0.3591703782490195,0.5004581943586903
gp_pareto_unc,42,52,0.3591703782490195,0.5004581943586903
gp_pareto_unc,42,53,0.3591703782490195,0.5200020578987232
gp_pareto_unc,42,54,0.3591703782490195,0.5200020578987232
gp_pareto_unc,42,55,0.3591703782490195,0.5200020578987232
gp_pareto_unc,42,56,0.3591703782490195,0.5200020578987232
gp_pareto_unc,42,57,0.3591703782490195,0.5200020578987232
gp_pareto_unc,43,32,0.3116825290810931,0.4618851158947737
gp_pareto_unc,43,33,0.3116825290810931,0.4618851158947737
gp_pareto_unc,43,34,0.3116825290810931,0.46274000743036525
gp_pareto_unc,43,35,0.3116825290810931,0.46274000743036525
gp_pareto_unc,43,36,0.3591703782490195,0.4693323632762829
gp_pareto_unc,43,37,0.3591703782490195,0.47067607973944536
gp_pareto_unc,43,38,0.3591703782490195,0.47067607973944536
gp_pareto_unc,43,39,0.3591703782490195,0.47091056921272223
gp_pareto_unc,43,40,0.3591703782490195,0.47091056921272223
gp_pareto_unc,43,41,0.3591703782490195,0.47314656606361793
gp_pareto_unc,43,42,0.3591703782490195,0.4789222425128237
gp_pareto_unc,43,43,0.3591703782490195,0.4789229580422284
gp_pareto_unc,43,44,0.3591703782490195,0.481264133206625
gp_pareto_unc,43,45,0.3591703782490195,0.481264133206625
gp_pareto_unc,43,46,0.3591703782490195,0.481264133206625
gp_pareto_unc,43,47,0.3591703782490195,0.4823270937754302
gp_pareto_unc,43,48,0.3591703782490195,0.4823270937754302
gp_pareto_unc,43,49,0.3591703782490195,0.49830924470860577
gp_pareto_unc,43,50,0.3591703782490195,0.4997562361076952
gp_pareto_unc,43,51,0.3591703782490195,0.5004581943586903
gp_pareto_unc,43,52,0.3591703782490195,0.5004581943586903
gp_pareto_unc,43,53,0.3591703782490195,0.5200020578987232
gp_pareto_unc,43,54,0.3591703782490195,0.5200020578987232
gp_pareto_unc,43,55,0.3591703782490195,0.5200020578987232
gp_pareto_unc,43,56,0.3591703782490195,0.5200020578987232
gp_pareto_unc,43,57,0.3591703782490195,0.5200020578987232
gp_pareto_unc,44,32,0.3116825290810931,0.4618851158947737
gp_pareto_unc,44,33,0.3116825290810931,0.4618851158947737
gp_pareto_unc,44,34,0.3116825290810931,0.46274000743036525
gp_pareto_unc,44,35,0.3116825290810931,0.46274000743036525
gp_pareto_unc,44,36,0.3591703782490195,0.4693323632762829
gp_pareto_unc,44,37,0.3591703782490195,0.47067607973944536
gp_pareto_unc,44,38,0.3591703782490195,0.47067607973944536
gp_pareto_unc,44,39,0.3591703782490195,0.47091056921272223
gp_pareto_unc,44,40,0.3591703782490195,0.47091056921272223
gp_pareto_unc,44,41,0.3591703782490195,0.47314656606361793
gp_pareto_unc,44,42,0.3591703782490195,0.4789222425128237
gp_pareto_unc,44,43,0.3591703782490195,0.4789229580422284
gp_pareto_unc,44,44,0.3591703782490195,0.481264133206625
gp_pareto_unc,44,45,0.3591703782490195,0.481264133206625
gp_pareto_unc,44,46,0.3591703782490195,0.481264133206625
gp_pareto_unc,44,47,0.3591703782490195,0.4823270937754302
gp_pareto_unc,44,48,0.3591703782490195,0.4823270937754302
gp_pareto_unc,44,49,0.3591703782490195,0.49830924470860577
gp_pareto_unc,44,50,0.3591703782490195,0.4997562361076952
gp_pareto_unc,44,51,0.3591703782490195,0.5004581943586903
gp_pareto_unc,44,52,0.3591703782490195,0.5004581943586903
gp_pareto_unc,44,53,0.3591703782490195,0.5200020578987232
gp_pareto_unc,44,54,0.3591703782490195,0.5200020578987232
gp_pareto_unc,44,55,0.3591703782490195,0.5200020578987232
gp_pareto_unc,44,56,0.3591703782490195,0.5200020578987232
gp_pareto_unc,44,57,0.3591703782490195,0.5200020578987232
gp_pareto_unc,45,32,0.3116825290810931,0.4618851158947737
gp_pareto_unc,45,33,0.3116825290810931,0.4618851158947737
gp_pareto_unc,45,34,0.3116825290810931,0.46274000743036525
gp_pareto_unc,45,35,0.3116825290810931,0.46274000743036525
gp_pareto_unc,45,36,0.3591703782490195,0.4693323632762829
gp_pareto_unc,45,37,0.3591703782490195,0.47067607973944536
gp_pareto_unc,45,38,0.3591703782490195,0.47067607973944536
gp_pareto_unc,45,39,0.3591703782490195,0.47091056921272223
gp_pareto_unc,45,40,0.3591703782490195,0.47091056921272223
gp_pareto_unc,45,41,0.3591703782490195,0.47314656606361793
gp_pareto_unc,45,42,0.3591703782490195,0.4789222425128237
gp_pareto_unc,45,43,0.3591703782490195,0.4789229580422284
gp_pareto_unc,45,44,0.3591703782490195,0.481264133206625
gp_pareto_unc,45,45,0.3591703782490195,0.481264133206625
gp_pareto_unc,45,46,0.3591703782490195,0.481264133206625
gp_pareto_unc,45,47,0.3591703782490195,0.4823270937754302
gp_pareto_unc,45,48,0.3591703782490195,0.4823270937754302
gp_pareto_unc,45,49,0.3591703782490195,0.49830924470860577
gp_pareto_unc,45,50,0.3591703782490195,0.4997562361076952
gp_pareto_unc,45,51,0.3591703782490195,0.5004581943586903
gp_pareto_unc,45,52,0.3591703782490195,0.5004581943586903
gp_pareto_unc,45,53,0.3591703782490195,0.5200020578987232
gp_pareto_unc,45,54,0.3591703782490195,0.5200020578987232
gp_pareto_unc,45,55,0.3591703782490195,0.5200020578987232
gp_pareto_unc,45,56,0.3591703782490195,0.5200020578987232
gp_pareto_unc,45,57,0.3591703782490195,0.5200020578987232
gp_pareto_unc,46,32,0.3116825290810931,0.4618851158947737
gp_pareto_unc,46,33,0.3116825290810931,0.4618851158947737
gp_pareto_unc,46,34,0.3116825290810931,0.46274000743036525
gp_pareto_unc,46,35,0.3116825290810931,0.46274000743036525
gp_pareto_unc,46,36,0.3591703782490195,0.4693323632762829
gp_pareto_unc,46,37,0.3591703782490195,0.47067607973944536
gp_pareto_unc,46,38,0.3591703782490195,0.47067607973944536
gp_pareto_unc,46,39,0.3591703782490195,0.47091056921272223
gp_pareto_unc,46,40,0.3591703782490195,0.47091056921272223
gp_pareto_unc,46,41,0.3591703782490195,0.47314656606361793
gp_pareto_unc,46,42,0.3591703782490195,0.4789222425128237
gp_pareto_unc,46,43,0.3591703782490195,0.4789229580422284
gp_pareto_unc,46,44,0.3591703782490195,0.481264133206625
gp_pareto_unc,46,45,0.3591703782490195,0.481264133206625
gp_pareto_unc,46,46,0.3591703782490195,0.481264133206625
gp_pareto_unc,46,47,0.3591703782490195,0.4823270937754302
gp_pareto_unc,46,48,0.3591703782490195,0.4823270937754302
gp_pareto_unc,46,49,0.3591703782490195,0.49830924470860577
gp_pareto_unc,46,50,0.3591703782490195,0.4997562361076952
gp_pareto_unc,46,51,0.3591703782490195,0.5004581943586903
gp_pareto_unc,46,52,0.3591703782490195,0.5004581943586903
gp_pareto_unc,46,53,0.3591703782490195,0.5200020578987232
gp_pareto_unc,46,54,0.3591703782490195,0.5200020578987232
gp_pareto_unc,46,55,0.3591703782490195,0.5200020578987232
gp_pareto_unc,46,56,0.3591703782490195,0.5200020578987232
gp_pareto_unc,46,57,0.3591703782490195,0.5200020578987232
gp_pareto_unc,47,32,0.3116825290810931,0.4618851158947737
gp_pareto_unc,47,33,0.3116825290810931,0.4618851158947737
gp_pareto_unc,47,34,0.3116825290810931,0.46274000743036525
gp_pareto_unc,47,35,0.3116825290810931,0.46274000743036525
gp_pareto_unc,47,36,0.3591703782490195,0.4693323632762829
gp_pareto_unc,47,37,0.3591703782490195,0.47067607973944536
gp_pareto_unc,47,38,0.3591703782490195,0.47067607973944536
gp_pareto_unc,47,39,0.3591703782490195,0.47091056921272223
gp_pareto_unc,47,40,0.3591703782490195,0.47091056921272223
gp_pareto_unc,47,41,0.3591703782490195,0.47314656606361793
gp_pareto_unc,47,42,0.3591703782490195,0.4789222425128237
gp_pareto_unc,47,43,0.3591703782490195,0.4789229580422284
gp_pareto_unc,47,44,0.3591703782490195,0.481264133206625
gp_pareto_unc,47,45,0.3591703782490195,0.481264133206625
gp_pareto_unc,47,46,0.3591703782490195,0.481264133206625
gp_pareto_unc,47,47,0.3591703782490195,0.4823270937754302
gp_pareto_unc,47,48,0.3591703782490195,0.4823270937754302
gp_pareto_unc,47,49,0.3591703782490195,0.49830924470860577
gp_pareto_unc,47,50,0.3591703782490195,0.4997562361076952
gp_pareto_unc,47,51,0.3591703782490195,0.5004581943586903
gp_pareto_unc,47,52,0.3591703782490195,0.5004581943586903
gp_pareto_unc,47,53,0.3591703782490195,0.5200020578987232
gp_pareto_unc,47,54,0.3591703782490195,0.5200020578987232
gp_pareto_unc,47,55,0.3591703782490195,0.5200020578987232
gp_pareto_unc,47,56,0.3591703782490195,0.5200020578987232
gp_pareto_unc,47,57,0.3591703782490195,0.5200020578987232
gp_pareto_unc,48,32,0.3116825290810931,0.4618851158947737
gp_pareto_unc,48,33,0.3116825290810931,0.4618851158947737
gp_pareto_unc,48,34,0.3116825290810931,0.46274000743036525
gp_pareto_unc,48,35,0.3116825290810931,0.46274000743036525
gp_pareto_unc,48,36,0.3591703782490195,0.4693323632762829
gp_pareto_unc,48,37,0.3591703782490195,0.47067607973944536
gp_pareto_unc,48,38,0.3591703782490195,0.47067607973944536
gp_pareto_unc,48,39,0.3591703782490195,0.47091056921272223
gp_pareto_unc,48,40,0.3591703782490195,0.47091056921272223
gp_pareto_unc,48,41,0.3591703782490195,0.47314656606361793
gp_pareto_unc,48,42,0.3591703782490195,0.4789222425128237
gp_pareto_unc,48,43,0.3591703782490195,0.4789229580422284
gp_pareto_unc,48,44,0.3591703782490195,0.481264133206625
gp_pareto_unc,48,45,0.3591703782490195,0.481264133206625
gp_pareto_unc,48,46,0.3591703782490195,0.481264133206625
gp_pareto_unc,48,47,0.3591703782490195,0.4823270937754302
gp_pareto_unc,48,48,0.3591703782490195,0.4823270937754302
gp_pareto_unc,48,49,0.3591703782490195,0.49830924470860577
gp_pareto_unc,48,50,0.3591703782490195,0.4997562361076952
gp_pareto_unc,48,51,0.3591703782490195,0.5004581943586903
gp_pareto_unc,48,52,0.3591703782490195,0.5004581943586903
gp_pareto_unc,48,53,0.3591703782490195,0.5200020578987232
gp_pareto_unc,48,54,0.3591703782490195,0.5200020578987232
gp_pareto_unc,48,55,0.3591703782490195,0.5200020578987232
gp_pareto_unc,48,56,0.3591703782490195,0.5200020578987232
gp_pareto_unc,48,57,0.3591703782490195,0.5200020578987232
gp_pareto_unc,49,32,0.3116825290810931,0.4618851158947737
gp_pareto_unc,49,33,0.3116825290810931,0.4618851158947737
gp_pareto_unc,49,34,0.3116825290810931,0.46274000743036525
gp_pareto_unc,49,35,0.3116825290810931,0.46274000743036525
gp_pareto_unc,49,36,0.3591703782490195,0.4693323632762829
gp_pareto_unc,49,37,0.3591703782490195,0.47067607973944536
gp_pareto_unc,49,38,0.3591703782490195,0.47067607973944536
gp_pareto_unc,49,39,0.3591703782490195,0.47091056921272223
gp_pareto_unc,49,40,0.3591703782490195,0.47091056921272223
gp_pareto_unc,49,41,0.3591703782490195,0.47314656606361793
gp_pareto_unc,49,42,0.3591703782490195,0.4789222425128237
gp_pareto_unc,49,43,0.3591703782490195,0.4789229580422284
gp_pareto_unc,49,44,0.3591703782490195,0.481264133206625
gp_pareto_unc,49,45,0.3591703782490195,0.481264133206625
gp_pareto_unc,49,46,0.3591703782490195,0.481264133206625
gp_pareto_unc,49,47,0.3591703782490195,0.4823270937754302
gp_pareto_unc,49,48,0.3591703782490195,0.4823270937754302
gp_pareto_unc,49,49,0.3591703782490195,0.49830924470860577
gp_pareto_unc,49,50,0.3591703782490195,0.4997562361076952
gp_pareto_unc,49,51,0.3591703782490195,0.5004581943586903
gp_pareto_unc,49,52,0.3591703782490195,0.5004581943586903
gp_pareto_unc,49,53,0.3591703782490195,0.5200020578987232
gp_pareto_unc,49,54,0.3591703782490195,0.5200020578987232
gp_pareto_unc,49,55,0.3591703782490195,0.5200020578987232
gp_pareto_unc,49,56,0.3591703782490195,0.5200020578987232
gp_pareto_unc,49,57,0.3591703782490195,0.5200020578987232
